17:06:19 [----] [trace] step tracing active -> /home/qtrobot/tutorials-master/demos/version_1_llm_gemini/src/logs/trace-2026-06-24.log (daily rotation)
17:06:19 [----]  * Serving Flask app 'web_user_server'
17:06:19 [----]  * Debug mode: on
17:06:45 [----] [trace] step tracing active -> /home/qtrobot/tutorials-master/demos/version_1_llm_gemini/src/logs/trace-2026-06-24.log (daily rotation)
17:06:45 [ff26] ┌─ WORK  GET /
17:06:45 [ff26] └─ DONE  GET / -> 200 in 21ms
17:06:51 [2bb6] ┌─ WORK  POST /api/login | fields: username
17:06:51 [2bb6] └─ DONE  POST /api/login -> 200 in 12ms
17:06:52 [f39b] ┌─ WORK  GET /
17:06:52 [f39b] └─ DONE  GET / -> 200 in 11ms
17:07:22 [1c85] ┌─ WORK  GET /play_scene
17:07:22 [1c85] └─ DONE  GET /play_scene -> 200 in 30ms
17:07:25 [e7cf] ┌─ WORK  POST /api/scene/start | fields: mode
17:07:25 [e7cf] [KB] derived level_age=5 mlu=6-8 targets=['plural_forms', 'ing_form', 'pronouns_later', 'location_noun', 'simple_conjunction'] speech[5+]=['advanced_sounds'] interests=['fairies', 'princesses', 'pets', 'superheroes'] for user=sophie age=5 language_age=None gender='female' kind=question
17:07:25 [e7cf] [Gemini] >>> PROMPT (2750 chars) | system: You generate game questions for children. Return JSON only.
17:07:25 [e7cf] You are generating a question for an object detection game for a 5-year-old child.
17:07:25 [e7cf] Available physical toys: lemon, banana, tray, box, grape, carrot.
17:07:25 [e7cf] --- LANGUAGE & INTEREST GUIDANCE (knowledge base) ---
17:07:25 [e7cf] Target level: age 5, approx MLU 6-8 words. Match question wording to this length.
17:07:25 [e7cf] 
17:07:25 [e7cf] Embed these language targets in the question wording where natural:
17:07:25 [e7cf] - plural forms (Regular plural nouns): e.g. dogs, cars, apples, cats, toys
17:07:25 [e7cf] - ing form (Present participle/progressive verb form): e.g. running, jumping, eating, playing
17:07:25 [e7cf] - pronouns later (Later developing pronouns): e.g. he, she, they, her, his, their
17:07:25 [e7cf] - location noun (Location concept expressed with a noun phrase): e.g. in the box, on the table, under the chair
17:07:25 [e7cf] - simple conjunction (Early conjunction use): e.g. and, or
17:07:25 [e7cf] 
17:07:25 [e7cf] Favour words that use these target speech sounds where natural: advanced sounds [th, r, ch] (e.g. thumb, three, rabbit)
17:07:25 [e7cf] 
17:07:25 [e7cf] Draw question content from these interests: fairies (fairy, magic wand, wings); princesses (princess, castle, crown); pets (dog, cat, hamster, fish); superheroes (superhero, cape, rescue mission) Generate ONE inference-style request that lets the child figure
17:07:25 [e7cf] out the target object from its observable properties.
17:07:25 [e7cf] 
17:07:25 [e7cf] HARD RULE — the QUESTION text must NOT name the target object.
17:07:25 [e7cf] It must NEVER contain any of these noun names from the toy list:
17:07:25 [e7cf]   lemon, banana, tray, box, grape, carrot
17:07:25 [e7cf] Refer to the target only as "it", "something", "one", or by
17:07:25 [e7cf] a generic placeholder like "a fruit" or "a vehicle". The child
17:07:25 [e7cf] must INFER which object you mean from the description.
17:07:25 [e7cf] 
17:07:25 [e7cf] CRITICAL — the criteria must describe ONE simple, concrete object:
17:07:25 [e7cf] - A single noun (the object type) with at most ONE adjective
17:07:25 [e7cf]   describing color, size, or category.
17:07:25 [e7cf] - Good criteria: "banana", "red car", "green dinosaur",
17:07:25 [e7cf]   "tomato", "yellow fruit", "round ball".
17:07:25 [e7cf] - BAD criteria (do NOT produce these):
17:07:25 [e7cf]     * "red car moving block" (compound / multi-object)
17:07:25 [e7cf]     * "big round shiny red fruit on a tree" (too many properties)
17:07:25 [e7cf]     * "toy that you can stack" (function-based, vague)
17:07:25 [e7cf] - Do not chain multiple objects or stack three+ adjectives.
17:07:25 [e7cf] 
17:07:25 [e7cf] The criteria MUST match at least one toy from the list above.
17:07:25 [e7cf] Use simple, clear language appropriate for ages 4-6.
17:07:25 [e7cf] Good examples (target NOT named in the question):
17:07:25 [e7cf] - Question: "I want a red fruit!" (criteria: red fruit)
17:07:25 [e7cf] - Question: "Can you find something yellow?" (criteria: yellow)
17:07:25 [e7cf] - Question: "Show me something green that goes ROAR!"
17:07:25 [e7cf]   (criteria: green dinosaur)
17:07:25 [e7cf] BAD example (do NOT do this — names the target):
17:07:25 [e7cf] - Question: "Show me the red apple!" — "apple" is the target name.
17:07:25 [e7cf] 
17:07:25 [e7cf] Return ONLY a JSON object:
17:07:25 [e7cf] {"question": "<the sentence — must NOT contain any toy name>", "criteria": "<short criteria phrase: one noun + at most one adjective>"}
17:07:38 [e7cf] [Gemini] <<< RESPONSE (128 chars):
17:07:38 [e7cf] ```json
17:07:38 [e7cf] {
17:07:38 [e7cf]   "question": "The pet rabbit is eating an orange vegetable. Can you show it?",
17:07:38 [e7cf]   "criteria": "orange vegetable"
17:07:38 [e7cf] }
17:07:38 [e7cf] ```
17:07:38 [e7cf] [SceneGame] Gemini raw question response (attempt 1): ```json
17:07:38 [e7cf] {
17:07:38 [e7cf]   "question": "The pet rabbit is eating an orange vegetable. Can you show it?",
17:07:38 [e7cf]   "criteria": "orange vegetable"
17:07:38 [e7cf] }
17:07:38 [e7cf] ```
17:07:38 [e7cf] [SceneGame] Parsed question JSON: {
17:07:38 [e7cf]   "question": "The pet rabbit is eating an orange vegetable. Can you show it?",
17:07:38 [e7cf]   "criteria": "orange vegetable"
17:07:38 [e7cf] }
17:07:38 [e7cf] self.engine :  qwen
17:07:47 [e7cf] └─ DONE  POST /api/scene/start -> 200 in 21870ms
17:08:06 [f535] ┌─ WORK  POST /api/scene_game/answer | fields: mode, target, criteria, obj_a, obj_b, relation
17:08:10 [f535] [SceneGame] gemini_analyze_image raw: ```json
17:08:10 [f535] [
17:08:10 [f535]   {
17:08:10 [f535]     "point": [561, 541],
17:08:10 [f535]     "label": "carrot toy",
17:08:10 [f535]     "color": "orange",
17:08:10 [f535]     "shape": "conical"
17:08:10 [f535]   }
17:08:10 [f535] ]
17:08:10 [f535] ```
17:08:10 [f535] [SceneGame] Detected object: carrot toy, color: orange, shape: conical, point: [561, 541]
17:08:10 [f535] [SceneGame] Robot looking at pixel (346, 269)
17:08:10 [f535] [SceneGame] Detected object: carrot toy, color: orange, shape: conical
17:08:10 [f535] [Gemini] >>> PROMPT (892 chars) | system: You validate object matches. Return JSON only.
17:08:10 [f535] A child showed a physical object. The vision system detected:
17:08:10 [f535]   label: "carrot toy"
17:08:10 [f535]   color: "orange"
17:08:10 [f535]   shape: "conical"
17:08:10 [f535] The game asked for: "orange vegetable".
17:08:10 [f535] 
17:08:10 [f535] Decide if the detected object matches the criteria. Use ALL of the
17:08:10 [f535] detected attributes (label AND color AND shape), not just the label.
17:08:10 [f535] 
17:08:10 [f535] Examples of correct matches:
17:08:10 [f535] - criteria "red car" + label "toy car" + color "red" → MATCH
17:08:10 [f535]   (label gives "car", color gives "red")
17:08:10 [f535] - criteria "yellow fruit" + label "banana" + color "yellow" → MATCH
17:08:10 [f535] - criteria "green dinosaur" + label "t-rex" + color "green" → MATCH
17:08:10 [f535] - criteria "round ball" + label "ball" + shape "round" → MATCH
17:08:10 [f535] 
17:08:10 [f535] Examples of non-matches:
17:08:10 [f535] - criteria "red car" + label "truck" + color "red" → NO MATCH
17:08:10 [f535]   ("truck" isn't a car)
17:08:10 [f535] - criteria "red apple" + label "apple" + color "green" → NO MATCH
17:08:10 [f535] 
17:08:10 [f535] Return ONLY a JSON object: {"match": true or false, "reason": "<brief explanation>"}
17:08:14 [f535] [Gemini] <<< RESPONSE (154 chars):
17:08:14 [f535] ```json
17:08:14 [f535] {
17:08:14 [f535]   "match": true,
17:08:14 [f535]   "reason": "The object is 'orange' (color matches) and a 'carrot' (label implies vegetable, which matches 'vegetable')."
17:08:14 [f535] }
17:08:14 [f535] ```
17:08:14 [f535] [SceneGame] Criteria match Gemini raw: ```json
17:08:14 [f535] {
17:08:14 [f535]   "match": true,
17:08:14 [f535]   "reason": "The object is 'orange' (color matches) and a 'carrot' (label implies vegetable, which matches 'vegetable')."
17:08:14 [f535] }
17:08:14 [f535] ```
17:08:14 [f535] [SceneGame] Criteria match parsed: {
17:08:14 [f535]   "match": true,
17:08:14 [f535]   "reason": "The object is 'orange' (color matches) and a 'carrot' (label implies vegetable, which matches 'vegetable')."
17:08:14 [f535] }
17:08:14 [f535] self.engine :  qwen
17:08:23 [f535] └─ DONE  POST /api/scene_game/answer -> 200 in 17133ms
17:10:34 [bd3a] ┌─ WORK  GET /quiz_generation
17:10:34 [bd3a] └─ DONE  GET /quiz_generation -> 200 in 4ms
17:16:42 [56a9] ┌─ WORK  POST /api/logout
17:16:42 [56a9] └─ DONE  POST /api/logout -> 200 in 11ms
17:16:42 [08b1] ┌─ WORK  GET /
17:16:42 [08b1] └─ DONE  GET / -> 200 in 1ms
17:16:46 [f842] ┌─ WORK  POST /api/login | fields: username
17:16:46 [f842] └─ DONE  POST /api/login -> 200 in 6ms
17:16:47 [0433] ┌─ WORK  GET /
17:16:47 [0433] └─ DONE  GET / -> 200 in 1ms
17:16:53 [b3ff] ┌─ WORK  POST /api/update_profile | fields: display_name, age, gender, disorder, learning_goals
17:16:53 [b3ff] └─ DONE  POST /api/update_profile -> 200 in 2ms
17:16:54 [a23f] ┌─ WORK  GET /
17:16:54 [a23f] └─ DONE  GET / -> 200 in 2ms
17:16:59 [42fc] ┌─ WORK  POST /api/update_profile | fields: display_name, age, gender, disorder, learning_goals
17:16:59 [42fc] └─ DONE  POST /api/update_profile -> 200 in 1ms
17:17:00 [f22e] ┌─ WORK  GET /
17:17:00 [f22e] └─ DONE  GET / -> 200 in 1ms
17:17:04 [f9a9] ┌─ WORK  GET /play_scene
17:17:04 [f9a9] └─ DONE  GET /play_scene -> 200 in 1ms
17:17:07 [3437] ┌─ WORK  POST /api/scene/start | fields: mode
17:17:07 [3437] [KB] derived level_age=4 mlu=5-6 targets=['action_verbs_higher_level', 'basic_adjectives', 'pronouns_later', 'location_prepositions', 'size_noun', 'location_noun', 'ing_form'] speech[4-5]=['later_sounds'] interests=['unicorns', 'animals', 'pets', 'princesses', 'pretend_play'] for user=maya age=4 language_age=None gender='female' kind=question
17:17:07 [3437] [Gemini] >>> PROMPT (3113 chars) | system: You generate game questions for children. Return JSON only.
17:17:07 [3437] You are generating a question for an object detection game for a 4-year-old child.
17:17:07 [3437] Available physical toys: lemon, banana, tray, box, grape, carrot.
17:17:07 [3437] --- LANGUAGE & INTEREST GUIDANCE (knowledge base) ---
17:17:07 [3437] Target level: age 4, approx MLU 5-6 words. Match question wording to this length.
17:17:07 [3437] 
17:17:07 [3437] Embed these language targets in the question wording where natural:
17:17:07 [3437] - action verbs higher level (Less frequent and cognitively more complex verbs): e.g. climb, chase, carry, deliver, rescue, build, search, discover
17:17:07 [3437] - basic adjectives (Descriptive words for size, color, and shape): e.g. big, small, long, short, red, blue, green, yellow, round, square, triangle-shaped
17:17:07 [3437] - pronouns later (Later developing pronouns): e.g. he, she, they, her, his, their
17:17:07 [3437] - location prepositions (Spatial relationships): e.g. in, on, under
17:17:07 [3437] - size noun (Adjective + noun combinations): e.g. big pig, small monkey, big dinosaur
17:17:07 [3437] - location noun (Location concept expressed with a noun phrase): e.g. in the box, on the table, under the chair
17:17:07 [3437] - ing form (Present participle/progressive verb form): e.g. running, jumping, eating, playing
17:17:07 [3437] 
17:17:07 [3437] Favour words that use these target speech sounds where natural: later sounds [sh, s] (e.g. shoe, sheep, sun)
17:17:07 [3437] 
17:17:07 [3437] Draw question content from these interests: unicorns (unicorn, rainbow, magic horn); animals (pig, dog, cat, horse, rabbit); pets (dog, cat, hamster, fish); princesses (princess, castle, crown); pretend play (tea party, grocery store, doctor, chef) Generate ONE inference-style request that lets the child figure
17:17:07 [3437] out the target object from its observable properties.
17:17:07 [3437] 
17:17:07 [3437] HARD RULE — the QUESTION text must NOT name the target object.
17:17:07 [3437] It must NEVER contain any of these noun names from the toy list:
17:17:07 [3437]   lemon, banana, tray, box, grape, carrot
17:17:07 [3437] Refer to the target only as "it", "something", "one", or by
17:17:07 [3437] a generic placeholder like "a fruit" or "a vehicle". The child
17:17:07 [3437] must INFER which object you mean from the description.
17:17:07 [3437] 
17:17:07 [3437] CRITICAL — the criteria must describe ONE simple, concrete object:
17:17:07 [3437] - A single noun (the object type) with at most ONE adjective
17:17:07 [3437]   describing color, size, or category.
17:17:07 [3437] - Good criteria: "banana", "red car", "green dinosaur",
17:17:07 [3437]   "tomato", "yellow fruit", "round ball".
17:17:07 [3437] - BAD criteria (do NOT produce these):
17:17:07 [3437]     * "red car moving block" (compound / multi-object)
17:17:07 [3437]     * "big round shiny red fruit on a tree" (too many properties)
17:17:07 [3437]     * "toy that you can stack" (function-based, vague)
17:17:07 [3437] - Do not chain multiple objects or stack three+ adjectives.
17:17:07 [3437] 
17:17:07 [3437] The criteria MUST match at least one toy from the list above.
17:17:07 [3437] Use simple, clear language appropriate for ages 4-6.
17:17:07 [3437] Good examples (target NOT named in the question):
17:17:07 [3437] - Question: "I want a red fruit!" (criteria: red fruit)
17:17:07 [3437] - Question: "Can you find something yellow?" (criteria: yellow)
17:17:07 [3437] - Question: "Show me something green that goes ROAR!"
17:17:07 [3437]   (criteria: green dinosaur)
17:17:07 [3437] BAD example (do NOT do this — names the target):
17:17:07 [3437] - Question: "Show me the red apple!" — "apple" is the target name.
17:17:07 [3437] 
17:17:07 [3437] Return ONLY a JSON object:
17:17:07 [3437] {"question": "<the sentence — must NOT contain any toy name>", "criteria": "<short criteria phrase: one noun + at most one adjective>"}
17:17:20 [3437] [Gemini] <<< RESPONSE (158 chars):
17:17:20 [3437] ```json
17:17:20 [3437] {
17:17:20 [3437]   "question": "The chef is searching for something orange and long. She wants to chop it for a yummy snack!",
17:17:20 [3437]   "criteria": "orange vegetable"
17:17:20 [3437] }
17:17:20 [3437] ```
17:17:20 [3437] [SceneGame] Gemini raw question response (attempt 1): ```json
17:17:20 [3437] {
17:17:20 [3437]   "question": "The chef is searching for something orange and long. She wants to chop it for a yummy snack!",
17:17:20 [3437]   "criteria": "orange vegetable"
17:17:20 [3437] }
17:17:20 [3437] ```
17:17:20 [3437] [SceneGame] Parsed question JSON: {
17:17:20 [3437]   "question": "The chef is searching for something orange and long. She wants to chop it for a yummy snack!",
17:17:20 [3437]   "criteria": "orange vegetable"
17:17:20 [3437] }
17:17:20 [3437] self.engine :  qwen
17:17:31 [3437] └─ DONE  POST /api/scene/start -> 200 in 23957ms
17:26:09 [33c0] ┌─ WORK  POST /api/scene/start | fields: mode
17:26:09 [33c0] [KB] derived level_age=4 mlu=5-6 targets=['action_verbs_higher_level', 'basic_adjectives', 'pronouns_later', 'location_prepositions', 'size_noun', 'location_noun', 'ing_form'] speech[4-5]=['later_sounds'] interests=['unicorns', 'animals', 'pets', 'princesses', 'pretend_play'] for user=maya age=4 language_age=None gender='female' kind=question
17:26:09 [33c0] [Gemini] >>> PROMPT (3113 chars) | system: You generate game questions for children. Return JSON only.
17:26:09 [33c0] You are generating a question for an object detection game for a 4-year-old child.
17:26:09 [33c0] Available physical toys: lemon, banana, tray, box, grape, carrot.
17:26:09 [33c0] --- LANGUAGE & INTEREST GUIDANCE (knowledge base) ---
17:26:09 [33c0] Target level: age 4, approx MLU 5-6 words. Match question wording to this length.
17:26:09 [33c0] 
17:26:09 [33c0] Embed these language targets in the question wording where natural:
17:26:09 [33c0] - action verbs higher level (Less frequent and cognitively more complex verbs): e.g. climb, chase, carry, deliver, rescue, build, search, discover
17:26:09 [33c0] - basic adjectives (Descriptive words for size, color, and shape): e.g. big, small, long, short, red, blue, green, yellow, round, square, triangle-shaped
17:26:09 [33c0] - pronouns later (Later developing pronouns): e.g. he, she, they, her, his, their
17:26:09 [33c0] - location prepositions (Spatial relationships): e.g. in, on, under
17:26:09 [33c0] - size noun (Adjective + noun combinations): e.g. big pig, small monkey, big dinosaur
17:26:09 [33c0] - location noun (Location concept expressed with a noun phrase): e.g. in the box, on the table, under the chair
17:26:09 [33c0] - ing form (Present participle/progressive verb form): e.g. running, jumping, eating, playing
17:26:09 [33c0] 
17:26:09 [33c0] Favour words that use these target speech sounds where natural: later sounds [sh, s] (e.g. shoe, sheep, sun)
17:26:09 [33c0] 
17:26:09 [33c0] Draw question content from these interests: unicorns (unicorn, rainbow, magic horn); animals (pig, dog, cat, horse, rabbit); pets (dog, cat, hamster, fish); princesses (princess, castle, crown); pretend play (tea party, grocery store, doctor, chef) Generate ONE inference-style request that lets the child figure
17:26:09 [33c0] out the target object from its observable properties.
17:26:09 [33c0] 
17:26:09 [33c0] HARD RULE — the QUESTION text must NOT name the target object.
17:26:09 [33c0] It must NEVER contain any of these noun names from the toy list:
17:26:09 [33c0]   lemon, banana, tray, box, grape, carrot
17:26:09 [33c0] Refer to the target only as "it", "something", "one", or by
17:26:09 [33c0] a generic placeholder like "a fruit" or "a vehicle". The child
17:26:09 [33c0] must INFER which object you mean from the description.
17:26:09 [33c0] 
17:26:09 [33c0] CRITICAL — the criteria must describe ONE simple, concrete object:
17:26:09 [33c0] - A single noun (the object type) with at most ONE adjective
17:26:09 [33c0]   describing color, size, or category.
17:26:09 [33c0] - Good criteria: "banana", "red car", "green dinosaur",
17:26:09 [33c0]   "tomato", "yellow fruit", "round ball".
17:26:09 [33c0] - BAD criteria (do NOT produce these):
17:26:09 [33c0]     * "red car moving block" (compound / multi-object)
17:26:09 [33c0]     * "big round shiny red fruit on a tree" (too many properties)
17:26:09 [33c0]     * "toy that you can stack" (function-based, vague)
17:26:09 [33c0] - Do not chain multiple objects or stack three+ adjectives.
17:26:09 [33c0] 
17:26:09 [33c0] The criteria MUST match at least one toy from the list above.
17:26:09 [33c0] Use simple, clear language appropriate for ages 4-6.
17:26:09 [33c0] Good examples (target NOT named in the question):
17:26:09 [33c0] - Question: "I want a red fruit!" (criteria: red fruit)
17:26:09 [33c0] - Question: "Can you find something yellow?" (criteria: yellow)
17:26:09 [33c0] - Question: "Show me something green that goes ROAR!"
17:26:09 [33c0]   (criteria: green dinosaur)
17:26:09 [33c0] BAD example (do NOT do this — names the target):
17:26:09 [33c0] - Question: "Show me the red apple!" — "apple" is the target name.
17:26:09 [33c0] 
17:26:09 [33c0] Return ONLY a JSON object:
17:26:09 [33c0] {"question": "<the sentence — must NOT contain any toy name>", "criteria": "<short criteria phrase: one noun + at most one adjective>"}
17:26:21 [33c0] [Gemini] <<< RESPONSE (94 chars):
17:26:21 [33c0] ```json
17:26:21 [33c0] {
17:26:21 [33c0]   "question": "Can you search for a small fruit?",
17:26:21 [33c0]   "criteria": "small fruit"
17:26:21 [33c0] }
17:26:21 [33c0] ```
17:26:21 [33c0] [SceneGame] Gemini raw question response (attempt 1): ```json
17:26:21 [33c0] {
17:26:21 [33c0]   "question": "Can you search for a small fruit?",
17:26:21 [33c0]   "criteria": "small fruit"
17:26:21 [33c0] }
17:26:21 [33c0] ```
17:26:21 [33c0] [SceneGame] Parsed question JSON: {
17:26:21 [33c0]   "question": "Can you search for a small fruit?",
17:26:21 [33c0]   "criteria": "small fruit"
17:26:21 [33c0] }
17:26:21 [33c0] self.engine :  qwen
17:26:26 [33c0] └─ DONE  POST /api/scene/start -> 200 in 17502ms
17:26:59 [19e5] ┌─ WORK  POST /api/scene/start | fields: mode
17:26:59 [19e5] [KB] derived level_age=4 mlu=5-6 targets=['action_verbs_higher_level', 'basic_adjectives', 'pronouns_later', 'location_prepositions', 'size_noun', 'location_noun', 'ing_form'] speech[4-5]=['later_sounds'] interests=['unicorns', 'animals', 'pets', 'princesses', 'pretend_play'] for user=maya age=4 language_age=None gender='female' kind=question
17:26:59 [19e5] [Gemini] >>> PROMPT (3113 chars) | system: You generate game questions for children. Return JSON only.
17:26:59 [19e5] You are generating a question for an object detection game for a 4-year-old child.
17:26:59 [19e5] Available physical toys: lemon, banana, tray, box, grape, carrot.
17:26:59 [19e5] --- LANGUAGE & INTEREST GUIDANCE (knowledge base) ---
17:26:59 [19e5] Target level: age 4, approx MLU 5-6 words. Match question wording to this length.
17:26:59 [19e5] 
17:26:59 [19e5] Embed these language targets in the question wording where natural:
17:26:59 [19e5] - action verbs higher level (Less frequent and cognitively more complex verbs): e.g. climb, chase, carry, deliver, rescue, build, search, discover
17:26:59 [19e5] - basic adjectives (Descriptive words for size, color, and shape): e.g. big, small, long, short, red, blue, green, yellow, round, square, triangle-shaped
17:26:59 [19e5] - pronouns later (Later developing pronouns): e.g. he, she, they, her, his, their
17:26:59 [19e5] - location prepositions (Spatial relationships): e.g. in, on, under
17:26:59 [19e5] - size noun (Adjective + noun combinations): e.g. big pig, small monkey, big dinosaur
17:26:59 [19e5] - location noun (Location concept expressed with a noun phrase): e.g. in the box, on the table, under the chair
17:26:59 [19e5] - ing form (Present participle/progressive verb form): e.g. running, jumping, eating, playing
17:26:59 [19e5] 
17:26:59 [19e5] Favour words that use these target speech sounds where natural: later sounds [sh, s] (e.g. shoe, sheep, sun)
17:26:59 [19e5] 
17:26:59 [19e5] Draw question content from these interests: unicorns (unicorn, rainbow, magic horn); animals (pig, dog, cat, horse, rabbit); pets (dog, cat, hamster, fish); princesses (princess, castle, crown); pretend play (tea party, grocery store, doctor, chef) Generate ONE inference-style request that lets the child figure
17:26:59 [19e5] out the target object from its observable properties.
17:26:59 [19e5] 
17:26:59 [19e5] HARD RULE — the QUESTION text must NOT name the target object.
17:26:59 [19e5] It must NEVER contain any of these noun names from the toy list:
17:26:59 [19e5]   lemon, banana, tray, box, grape, carrot
17:26:59 [19e5] Refer to the target only as "it", "something", "one", or by
17:26:59 [19e5] a generic placeholder like "a fruit" or "a vehicle". The child
17:26:59 [19e5] must INFER which object you mean from the description.
17:26:59 [19e5] 
17:26:59 [19e5] CRITICAL — the criteria must describe ONE simple, concrete object:
17:26:59 [19e5] - A single noun (the object type) with at most ONE adjective
17:26:59 [19e5]   describing color, size, or category.
17:26:59 [19e5] - Good criteria: "banana", "red car", "green dinosaur",
17:26:59 [19e5]   "tomato", "yellow fruit", "round ball".
17:26:59 [19e5] - BAD criteria (do NOT produce these):
17:26:59 [19e5]     * "red car moving block" (compound / multi-object)
17:26:59 [19e5]     * "big round shiny red fruit on a tree" (too many properties)
17:26:59 [19e5]     * "toy that you can stack" (function-based, vague)
17:26:59 [19e5] - Do not chain multiple objects or stack three+ adjectives.
17:26:59 [19e5] 
17:26:59 [19e5] The criteria MUST match at least one toy from the list above.
17:26:59 [19e5] Use simple, clear language appropriate for ages 4-6.
17:26:59 [19e5] Good examples (target NOT named in the question):
17:26:59 [19e5] - Question: "I want a red fruit!" (criteria: red fruit)
17:26:59 [19e5] - Question: "Can you find something yellow?" (criteria: yellow)
17:26:59 [19e5] - Question: "Show me something green that goes ROAR!"
17:26:59 [19e5]   (criteria: green dinosaur)
17:26:59 [19e5] BAD example (do NOT do this — names the target):
17:26:59 [19e5] - Question: "Show me the red apple!" — "apple" is the target name.
17:26:59 [19e5] 
17:26:59 [19e5] Return ONLY a JSON object:
17:26:59 [19e5] {"question": "<the sentence — must NOT contain any toy name>", "criteria": "<short criteria phrase: one noun + at most one adjective>"}
17:27:11 [19e5] [Gemini] <<< RESPONSE (106 chars):
17:27:11 [19e5] ```json
17:27:11 [19e5] {
17:27:11 [19e5]   "question": "Can you search for a long yellow fruit?",
17:27:11 [19e5]   "criteria": "long yellow fruit"
17:27:11 [19e5] }
17:27:11 [19e5] ```
17:27:11 [19e5] [SceneGame] Gemini raw question response (attempt 1): ```json
17:27:11 [19e5] {
17:27:11 [19e5]   "question": "Can you search for a long yellow fruit?",
17:27:11 [19e5]   "criteria": "long yellow fruit"
17:27:11 [19e5] }
17:27:11 [19e5] ```
17:27:11 [19e5] [SceneGame] Parsed question JSON: {
17:27:11 [19e5]   "question": "Can you search for a long yellow fruit?",
17:27:11 [19e5]   "criteria": "long yellow fruit"
17:27:11 [19e5] }
17:27:11 [19e5] self.engine :  qwen
17:27:16 [19e5] └─ DONE  POST /api/scene/start -> 200 in 17149ms
17:27:23 [a763] ┌─ WORK  POST /api/scene_game/answer | fields: mode, target, criteria, obj_a, obj_b, relation
17:27:26 [a763] [SceneGame] gemini_analyze_image raw: ```json
17:27:26 [a763] [
17:27:26 [a763]   {
17:27:26 [a763]     "point": [478, 650],
17:27:26 [a763]     "label": "banana",
17:27:26 [a763]     "color": "yellow",
17:27:26 [a763]     "shape": "curved"
17:27:26 [a763]   }
17:27:26 [a763] ]
17:27:26 [a763] ```
17:27:26 [a763] [SceneGame] Detected object: banana, color: yellow, shape: curved, point: [478, 650]
17:27:26 [a763] [SceneGame] Robot looking at pixel (416, 229)
17:27:26 [a763] [SceneGame] Detected object: banana, color: yellow, shape: curved
17:27:26 [a763] [Gemini] >>> PROMPT (888 chars) | system: You validate object matches. Return JSON only.
17:27:26 [a763] A child showed a physical object. The vision system detected:
17:27:26 [a763]   label: "banana"
17:27:26 [a763]   color: "yellow"
17:27:26 [a763]   shape: "curved"
17:27:26 [a763] The game asked for: "long yellow fruit".
17:27:26 [a763] 
17:27:26 [a763] Decide if the detected object matches the criteria. Use ALL of the
17:27:26 [a763] detected attributes (label AND color AND shape), not just the label.
17:27:26 [a763] 
17:27:26 [a763] Examples of correct matches:
17:27:26 [a763] - criteria "red car" + label "toy car" + color "red" → MATCH
17:27:26 [a763]   (label gives "car", color gives "red")
17:27:26 [a763] - criteria "yellow fruit" + label "banana" + color "yellow" → MATCH
17:27:26 [a763] - criteria "green dinosaur" + label "t-rex" + color "green" → MATCH
17:27:26 [a763] - criteria "round ball" + label "ball" + shape "round" → MATCH
17:27:26 [a763] 
17:27:26 [a763] Examples of non-matches:
17:27:26 [a763] - criteria "red car" + label "truck" + color "red" → NO MATCH
17:27:26 [a763]   ("truck" isn't a car)
17:27:26 [a763] - criteria "red apple" + label "apple" + color "green" → NO MATCH
17:27:26 [a763] 
17:27:26 [a763] Return ONLY a JSON object: {"match": true or false, "reason": "<brief explanation>"}
17:27:38 [a763] [Gemini] <<< RESPONSE (163 chars):
17:27:38 [a763] ```json
17:27:38 [a763] {
17:27:38 [a763]   "match": false,
17:27:38 [a763]   "reason": "The object is a yellow fruit (banana), but the detected shape is 'curved', not 'long' as specified in the criteria."
17:27:38 [a763] }
17:27:38 [a763] ```
17:27:38 [a763] [SceneGame] Criteria match Gemini raw: ```json
17:27:38 [a763] {
17:27:38 [a763]   "match": false,
17:27:38 [a763]   "reason": "The object is a yellow fruit (banana), but the detected shape is 'curved', not 'long' as specified in the criteria."
17:27:38 [a763] }
17:27:38 [a763] ```
17:27:38 [a763] [SceneGame] Criteria match parsed: {
17:27:38 [a763]   "match": false,
17:27:38 [a763]   "reason": "The object is a yellow fruit (banana), but the detected shape is 'curved', not 'long' as specified in the criteria."
17:27:38 [a763] }
17:27:38 [a763] self.engine :  qwen
17:27:45 [a763] └─ DONE  POST /api/scene_game/answer -> 200 in 21880ms
17:28:27 [----] [trace] step tracing active -> /home/qtrobot/tutorials-master/demos/version_1_llm_gemini/src/logs/trace-2026-06-24.log (daily rotation)
17:28:51 [----] [trace] step tracing active -> /home/qtrobot/tutorials-master/demos/version_1_llm_gemini/src/logs/trace-2026-06-24.log (daily rotation)
17:30:46 [96ff] ┌─ WORK  GET /
17:30:46 [96ff] └─ DONE  GET / -> 200 in 12ms
17:30:55 [eea8] ┌─ WORK  POST /api/login | fields: username
17:30:55 [eea8] └─ DONE  POST /api/login -> 200 in 7ms
17:30:56 [2875] ┌─ WORK  GET /
17:30:56 [2875] └─ DONE  GET / -> 200 in 7ms
17:31:13 [952e] ┌─ WORK  GET /play_scene
17:31:13 [952e] └─ DONE  GET /play_scene -> 200 in 8ms
17:31:15 [b7d4] ┌─ WORK  POST /api/scene/start | fields: mode
17:31:15 [b7d4] [KB] derived level_age=4 mlu=5-6 targets=['action_verbs_higher_level', 'basic_adjectives', 'pronouns_later', 'location_prepositions', 'size_noun', 'location_noun', 'ing_form'] speech[4-5]=['later_sounds'] interests=['unicorns', 'animals', 'pets', 'princesses', 'pretend_play'] for user=maya age=4 language_age=None gender='female' kind=question
17:31:15 [b7d4] [Gemini] >>> PROMPT (3305 chars) | system: You generate game questions for children. Return JSON only.
17:31:15 [b7d4] You are generating a question for an object detection game for a 4-year-old child.
17:31:15 [b7d4] Available physical toys: lemon, banana, tray, box, grape, carrot.
17:31:15 [b7d4] TARGET MLU (knowledge base): the child's mean length of utterance is about 5-6 words. Keep the question within that length and use sentence structures a child at this language level produces.
17:31:15 [b7d4] --- LANGUAGE & INTEREST GUIDANCE (knowledge base) ---
17:31:15 [b7d4] Target level: age 4, approx MLU 5-6 words. Match question wording to this length.
17:31:15 [b7d4] 
17:31:15 [b7d4] Embed these language targets in the question wording where natural:
17:31:15 [b7d4] - action verbs higher level (Less frequent and cognitively more complex verbs): e.g. climb, chase, carry, deliver, rescue, build, search, discover
17:31:15 [b7d4] - basic adjectives (Descriptive words for size, color, and shape): e.g. big, small, long, short, red, blue, green, yellow, round, square, triangle-shaped
17:31:15 [b7d4] - pronouns later (Later developing pronouns): e.g. he, she, they, her, his, their
17:31:15 [b7d4] - location prepositions (Spatial relationships): e.g. in, on, under
17:31:15 [b7d4] - size noun (Adjective + noun combinations): e.g. big pig, small monkey, big dinosaur
17:31:15 [b7d4] - location noun (Location concept expressed with a noun phrase): e.g. in the box, on the table, under the chair
17:31:15 [b7d4] - ing form (Present participle/progressive verb form): e.g. running, jumping, eating, playing
17:31:15 [b7d4] 
17:31:15 [b7d4] Favour words that use these target speech sounds where natural: later sounds [sh, s] (e.g. shoe, sheep, sun)
17:31:15 [b7d4] 
17:31:15 [b7d4] Draw question content from these interests: unicorns (unicorn, rainbow, magic horn); animals (pig, dog, cat, horse, rabbit); pets (dog, cat, hamster, fish); princesses (princess, castle, crown); pretend play (tea party, grocery store, doctor, chef) Generate ONE inference-style request that lets the child figure
17:31:15 [b7d4] out the target object from its observable properties.
17:31:15 [b7d4] 
17:31:15 [b7d4] HARD RULE — the QUESTION text must NOT name the target object.
17:31:15 [b7d4] It must NEVER contain any of these noun names from the toy list:
17:31:15 [b7d4]   lemon, banana, tray, box, grape, carrot
17:31:15 [b7d4] Refer to the target only as "it", "something", "one", or by
17:31:15 [b7d4] a generic placeholder like "a fruit" or "a vehicle". The child
17:31:15 [b7d4] must INFER which object you mean from the description.
17:31:15 [b7d4] 
17:31:15 [b7d4] CRITICAL — the criteria must describe ONE simple, concrete object:
17:31:15 [b7d4] - A single noun (the object type) with at most ONE adjective
17:31:15 [b7d4]   describing color, size, or category.
17:31:15 [b7d4] - Good criteria: "banana", "red car", "green dinosaur",
17:31:15 [b7d4]   "tomato", "yellow fruit", "round ball".
17:31:15 [b7d4] - BAD criteria (do NOT produce these):
17:31:15 [b7d4]     * "red car moving block" (compound / multi-object)
17:31:15 [b7d4]     * "big round shiny red fruit on a tree" (too many properties)
17:31:15 [b7d4]     * "toy that you can stack" (function-based, vague)
17:31:15 [b7d4] - Do not chain multiple objects or stack three+ adjectives.
17:31:15 [b7d4] 
17:31:15 [b7d4] The criteria MUST match at least one toy from the list above.
17:31:15 [b7d4] Use simple, clear language appropriate for ages 4-6.
17:31:15 [b7d4] Good examples (target NOT named in the question):
17:31:15 [b7d4] - Question: "I want a red fruit!" (criteria: red fruit)
17:31:15 [b7d4] - Question: "Can you find something yellow?" (criteria: yellow)
17:31:15 [b7d4] - Question: "Show me something green that goes ROAR!"
17:31:15 [b7d4]   (criteria: green dinosaur)
17:31:15 [b7d4] BAD example (do NOT do this — names the target):
17:31:15 [b7d4] - Question: "Show me the red apple!" — "apple" is the target name.
17:31:15 [b7d4] 
17:31:15 [b7d4] Return ONLY a JSON object:
17:31:15 [b7d4] {"question": "<the sentence — must NOT contain any toy name>", "criteria": "<short criteria phrase: one noun + at most one adjective>"}
17:31:28 [b7d4] [Gemini] <<< RESPONSE (93 chars):
17:31:28 [b7d4] ```json
17:31:28 [b7d4] {
17:31:28 [b7d4]   "question": "She is carrying a yellow fruit.",
17:31:28 [b7d4]   "criteria": "yellow fruit"
17:31:28 [b7d4] }
17:31:28 [b7d4] ```
17:31:28 [b7d4] [SceneGame] Gemini raw question response (attempt 1): ```json
17:31:28 [b7d4] {
17:31:28 [b7d4]   "question": "She is carrying a yellow fruit.",
17:31:28 [b7d4]   "criteria": "yellow fruit"
17:31:28 [b7d4] }
17:31:28 [b7d4] ```
17:31:28 [b7d4] [SceneGame] Parsed question JSON: {
17:31:28 [b7d4]   "question": "She is carrying a yellow fruit.",
17:31:28 [b7d4]   "criteria": "yellow fruit"
17:31:28 [b7d4] }
17:31:28 [b7d4] self.engine :  qwen
17:31:34 [b7d4] └─ DONE  POST /api/scene/start -> 200 in 18493ms
17:31:41 [01f9] ┌─ WORK  POST /api/scene/start | fields: mode
17:31:41 [01f9] [KB] derived level_age=4 mlu=5-6 targets=['action_verbs_higher_level', 'basic_adjectives', 'pronouns_later', 'location_prepositions', 'size_noun', 'location_noun', 'ing_form'] speech[4-5]=['later_sounds'] interests=['unicorns', 'animals', 'pets', 'princesses', 'pretend_play'] for user=maya age=4 language_age=None gender='female' kind=question
17:31:41 [01f9] [Gemini] >>> PROMPT (3305 chars) | system: You generate game questions for children. Return JSON only.
17:31:41 [01f9] You are generating a question for an object detection game for a 4-year-old child.
17:31:41 [01f9] Available physical toys: lemon, banana, tray, box, grape, carrot.
17:31:41 [01f9] TARGET MLU (knowledge base): the child's mean length of utterance is about 5-6 words. Keep the question within that length and use sentence structures a child at this language level produces.
17:31:41 [01f9] --- LANGUAGE & INTEREST GUIDANCE (knowledge base) ---
17:31:41 [01f9] Target level: age 4, approx MLU 5-6 words. Match question wording to this length.
17:31:41 [01f9] 
17:31:41 [01f9] Embed these language targets in the question wording where natural:
17:31:41 [01f9] - action verbs higher level (Less frequent and cognitively more complex verbs): e.g. climb, chase, carry, deliver, rescue, build, search, discover
17:31:41 [01f9] - basic adjectives (Descriptive words for size, color, and shape): e.g. big, small, long, short, red, blue, green, yellow, round, square, triangle-shaped
17:31:41 [01f9] - pronouns later (Later developing pronouns): e.g. he, she, they, her, his, their
17:31:41 [01f9] - location prepositions (Spatial relationships): e.g. in, on, under
17:31:41 [01f9] - size noun (Adjective + noun combinations): e.g. big pig, small monkey, big dinosaur
17:31:41 [01f9] - location noun (Location concept expressed with a noun phrase): e.g. in the box, on the table, under the chair
17:31:41 [01f9] - ing form (Present participle/progressive verb form): e.g. running, jumping, eating, playing
17:31:41 [01f9] 
17:31:41 [01f9] Favour words that use these target speech sounds where natural: later sounds [sh, s] (e.g. shoe, sheep, sun)
17:31:41 [01f9] 
17:31:41 [01f9] Draw question content from these interests: unicorns (unicorn, rainbow, magic horn); animals (pig, dog, cat, horse, rabbit); pets (dog, cat, hamster, fish); princesses (princess, castle, crown); pretend play (tea party, grocery store, doctor, chef) Generate ONE inference-style request that lets the child figure
17:31:41 [01f9] out the target object from its observable properties.
17:31:41 [01f9] 
17:31:41 [01f9] HARD RULE — the QUESTION text must NOT name the target object.
17:31:41 [01f9] It must NEVER contain any of these noun names from the toy list:
17:31:41 [01f9]   lemon, banana, tray, box, grape, carrot
17:31:41 [01f9] Refer to the target only as "it", "something", "one", or by
17:31:41 [01f9] a generic placeholder like "a fruit" or "a vehicle". The child
17:31:41 [01f9] must INFER which object you mean from the description.
17:31:41 [01f9] 
17:31:41 [01f9] CRITICAL — the criteria must describe ONE simple, concrete object:
17:31:41 [01f9] - A single noun (the object type) with at most ONE adjective
17:31:41 [01f9]   describing color, size, or category.
17:31:41 [01f9] - Good criteria: "banana", "red car", "green dinosaur",
17:31:41 [01f9]   "tomato", "yellow fruit", "round ball".
17:31:41 [01f9] - BAD criteria (do NOT produce these):
17:31:41 [01f9]     * "red car moving block" (compound / multi-object)
17:31:41 [01f9]     * "big round shiny red fruit on a tree" (too many properties)
17:31:41 [01f9]     * "toy that you can stack" (function-based, vague)
17:31:41 [01f9] - Do not chain multiple objects or stack three+ adjectives.
17:31:41 [01f9] 
17:31:41 [01f9] The criteria MUST match at least one toy from the list above.
17:31:41 [01f9] Use simple, clear language appropriate for ages 4-6.
17:31:41 [01f9] Good examples (target NOT named in the question):
17:31:41 [01f9] - Question: "I want a red fruit!" (criteria: red fruit)
17:31:41 [01f9] - Question: "Can you find something yellow?" (criteria: yellow)
17:31:41 [01f9] - Question: "Show me something green that goes ROAR!"
17:31:41 [01f9]   (criteria: green dinosaur)
17:31:41 [01f9] BAD example (do NOT do this — names the target):
17:31:41 [01f9] - Question: "Show me the red apple!" — "apple" is the target name.
17:31:41 [01f9] 
17:31:41 [01f9] Return ONLY a JSON object:
17:31:41 [01f9] {"question": "<the sentence — must NOT contain any toy name>", "criteria": "<short criteria phrase: one noun + at most one adjective>"}
17:31:53 [01f9] [Gemini] <<< RESPONSE (89 chars):
17:31:53 [01f9] ```json
17:31:53 [01f9] {
17:31:53 [01f9]   "question": "She is carrying small fruit.",
17:31:53 [01f9]   "criteria": "small fruit"
17:31:53 [01f9] }
17:31:53 [01f9] ```
17:31:53 [01f9] [SceneGame] Gemini raw question response (attempt 1): ```json
17:31:53 [01f9] {
17:31:53 [01f9]   "question": "She is carrying small fruit.",
17:31:53 [01f9]   "criteria": "small fruit"
17:31:53 [01f9] }
17:31:53 [01f9] ```
17:31:53 [01f9] [SceneGame] Parsed question JSON: {
17:31:53 [01f9]   "question": "She is carrying small fruit.",
17:31:53 [01f9]   "criteria": "small fruit"
17:31:53 [01f9] }
17:31:53 [01f9] self.engine :  qwen
17:31:58 [01f9] └─ DONE  POST /api/scene/start -> 200 in 16583ms
17:34:16 [0c49] ┌─ WORK  POST /api/scene/start | fields: mode
17:34:16 [0c49] [KB] derived level_age=4 mlu=5-6 targets=['action_verbs_higher_level', 'basic_adjectives', 'pronouns_later', 'location_prepositions', 'size_noun', 'location_noun', 'ing_form'] speech[4-5]=['later_sounds'] interests=['unicorns', 'animals', 'pets', 'princesses', 'pretend_play'] for user=maya age=4 language_age=None gender='female' kind=question
17:34:16 [0c49] [Gemini] >>> PROMPT (3305 chars) | system: You generate game questions for children. Return JSON only.
17:34:16 [0c49] You are generating a question for an object detection game for a 4-year-old child.
17:34:16 [0c49] Available physical toys: lemon, banana, tray, box, grape, carrot.
17:34:16 [0c49] TARGET MLU (knowledge base): the child's mean length of utterance is about 5-6 words. Keep the question within that length and use sentence structures a child at this language level produces.
17:34:16 [0c49] --- LANGUAGE & INTEREST GUIDANCE (knowledge base) ---
17:34:16 [0c49] Target level: age 4, approx MLU 5-6 words. Match question wording to this length.
17:34:16 [0c49] 
17:34:16 [0c49] Embed these language targets in the question wording where natural:
17:34:16 [0c49] - action verbs higher level (Less frequent and cognitively more complex verbs): e.g. climb, chase, carry, deliver, rescue, build, search, discover
17:34:16 [0c49] - basic adjectives (Descriptive words for size, color, and shape): e.g. big, small, long, short, red, blue, green, yellow, round, square, triangle-shaped
17:34:16 [0c49] - pronouns later (Later developing pronouns): e.g. he, she, they, her, his, their
17:34:16 [0c49] - location prepositions (Spatial relationships): e.g. in, on, under
17:34:16 [0c49] - size noun (Adjective + noun combinations): e.g. big pig, small monkey, big dinosaur
17:34:16 [0c49] - location noun (Location concept expressed with a noun phrase): e.g. in the box, on the table, under the chair
17:34:16 [0c49] - ing form (Present participle/progressive verb form): e.g. running, jumping, eating, playing
17:34:16 [0c49] 
17:34:16 [0c49] Favour words that use these target speech sounds where natural: later sounds [sh, s] (e.g. shoe, sheep, sun)
17:34:16 [0c49] 
17:34:16 [0c49] Draw question content from these interests: unicorns (unicorn, rainbow, magic horn); animals (pig, dog, cat, horse, rabbit); pets (dog, cat, hamster, fish); princesses (princess, castle, crown); pretend play (tea party, grocery store, doctor, chef) Generate ONE inference-style request that lets the child figure
17:34:16 [0c49] out the target object from its observable properties.
17:34:16 [0c49] 
17:34:16 [0c49] HARD RULE — the QUESTION text must NOT name the target object.
17:34:16 [0c49] It must NEVER contain any of these noun names from the toy list:
17:34:16 [0c49]   lemon, banana, tray, box, grape, carrot
17:34:16 [0c49] Refer to the target only as "it", "something", "one", or by
17:34:16 [0c49] a generic placeholder like "a fruit" or "a vehicle". The child
17:34:16 [0c49] must INFER which object you mean from the description.
17:34:16 [0c49] 
17:34:16 [0c49] CRITICAL — the criteria must describe ONE simple, concrete object:
17:34:16 [0c49] - A single noun (the object type) with at most ONE adjective
17:34:16 [0c49]   describing color, size, or category.
17:34:16 [0c49] - Good criteria: "banana", "red car", "green dinosaur",
17:34:16 [0c49]   "tomato", "yellow fruit", "round ball".
17:34:16 [0c49] - BAD criteria (do NOT produce these):
17:34:16 [0c49]     * "red car moving block" (compound / multi-object)
17:34:16 [0c49]     * "big round shiny red fruit on a tree" (too many properties)
17:34:16 [0c49]     * "toy that you can stack" (function-based, vague)
17:34:16 [0c49] - Do not chain multiple objects or stack three+ adjectives.
17:34:16 [0c49] 
17:34:16 [0c49] The criteria MUST match at least one toy from the list above.
17:34:16 [0c49] Use simple, clear language appropriate for ages 4-6.
17:34:16 [0c49] Good examples (target NOT named in the question):
17:34:16 [0c49] - Question: "I want a red fruit!" (criteria: red fruit)
17:34:16 [0c49] - Question: "Can you find something yellow?" (criteria: yellow)
17:34:16 [0c49] - Question: "Show me something green that goes ROAR!"
17:34:16 [0c49]   (criteria: green dinosaur)
17:34:16 [0c49] BAD example (do NOT do this — names the target):
17:34:16 [0c49] - Question: "Show me the red apple!" — "apple" is the target name.
17:34:16 [0c49] 
17:34:16 [0c49] Return ONLY a JSON object:
17:34:16 [0c49] {"question": "<the sentence — must NOT contain any toy name>", "criteria": "<short criteria phrase: one noun + at most one adjective>"}
17:34:27 [0c49] [Gemini] <<< RESPONSE (104 chars):
17:34:27 [0c49] ```json
17:34:27 [0c49] {
17:34:27 [0c49]   "question": "She is searching for orange vegetable.",
17:34:27 [0c49]   "criteria": "orange vegetable"
17:34:27 [0c49] }
17:34:27 [0c49] ```
17:34:27 [0c49] [SceneGame] Gemini raw question response (attempt 1): ```json
17:34:27 [0c49] {
17:34:27 [0c49]   "question": "She is searching for orange vegetable.",
17:34:27 [0c49]   "criteria": "orange vegetable"
17:34:27 [0c49] }
17:34:27 [0c49] ```
17:34:27 [0c49] [SceneGame] Parsed question JSON: {
17:34:27 [0c49]   "question": "She is searching for orange vegetable.",
17:34:27 [0c49]   "criteria": "orange vegetable"
17:34:27 [0c49] }
17:34:27 [0c49] self.engine :  qwen
17:34:33 [0c49] └─ DONE  POST /api/scene/start -> 200 in 17006ms
17:37:59 [----] [trace] step tracing active -> /home/qtrobot/tutorials-master/demos/version_1_llm_gemini/src/logs/trace-2026-06-24.log (daily rotation)
17:38:18 [9393] ┌─ WORK  GET /
17:38:18 [9393] └─ DONE  GET / -> 200 in 12ms
17:38:23 [f4a1] ┌─ WORK  POST /api/login | fields: username
17:38:23 [f4a1] └─ DONE  POST /api/login -> 200 in 6ms
17:38:24 [36f5] ┌─ WORK  GET /
17:38:24 [36f5] └─ DONE  GET / -> 200 in 8ms
17:38:39 [56e4] ┌─ WORK  GET /play_scene
17:38:39 [56e4] └─ DONE  GET /play_scene -> 200 in 10ms
17:38:41 [9eda] ┌─ WORK  POST /api/scene/start | fields: mode
17:38:41 [9eda] [KB] derived level_age=4 mlu=5-6 targets=['action_verbs_higher_level', 'basic_adjectives', 'pronouns_later', 'location_prepositions', 'size_noun', 'location_noun', 'ing_form'] speech[4-5]=['later_sounds'] interests=['unicorns', 'animals', 'pets', 'princesses', 'pretend_play'] for user=maya age=4 language_age=None gender='female' kind=question
17:38:41 [9eda] [Claude:scene-game-question] >>> PROMPT (1997 chars) | system: You generate game questions for children. Return JSON only.
17:38:41 [9eda] You are generating a question for an object detection game for a 4-year-old child.
17:38:41 [9eda] Available physical toys: lemon, banana, tray, box, grape, carrot.
17:38:41 [9eda] TARGET MLU (knowledge base): the child's mean length of utterance is about 5-6 words. Keep the question within that length and use sentence structures a child at this language level produces.
17:38:41 [9eda] Generate ONE inference-style request that lets the child figure
17:38:41 [9eda] out the target object from its observable properties.
17:38:41 [9eda] 
17:38:41 [9eda] HARD RULE — the QUESTION text must NOT name the target object.
17:38:41 [9eda] It must NEVER contain any of these noun names from the toy list:
17:38:41 [9eda]   lemon, banana, tray, box, grape, carrot
17:38:41 [9eda] Refer to the target only as "it", "something", "one", or by
17:38:41 [9eda] a generic placeholder like "a fruit" or "a vehicle". The child
17:38:41 [9eda] must INFER which object you mean from the description.
17:38:41 [9eda] 
17:38:41 [9eda] CRITICAL — the criteria must describe ONE simple, concrete object:
17:38:41 [9eda] - A single noun (the object type) with at most ONE adjective
17:38:41 [9eda]   describing color, size, or category.
17:38:41 [9eda] - Good criteria: "banana", "red car", "green dinosaur",
17:38:41 [9eda]   "tomato", "yellow fruit", "round ball".
17:38:41 [9eda] - BAD criteria (do NOT produce these):
17:38:41 [9eda]     * "red car moving block" (compound / multi-object)
17:38:41 [9eda]     * "big round shiny red fruit on a tree" (too many properties)
17:38:41 [9eda]     * "toy that you can stack" (function-based, vague)
17:38:41 [9eda] - Do not chain multiple objects or stack three+ adjectives.
17:38:41 [9eda] 
17:38:41 [9eda] The criteria MUST match at least one toy from the list above.
17:38:41 [9eda] Use simple, clear language appropriate for ages 4-6.
17:38:41 [9eda] Good examples (target NOT named in the question):
17:38:41 [9eda] - Question: "I want a red fruit!" (criteria: red fruit)
17:38:41 [9eda] - Question: "Can you find something yellow?" (criteria: yellow)
17:38:41 [9eda] - Question: "Show me something green that goes ROAR!"
17:38:41 [9eda]   (criteria: green dinosaur)
17:38:41 [9eda] BAD example (do NOT do this — names the target):
17:38:41 [9eda] - Question: "Show me the red apple!" — "apple" is the target name.
17:38:41 [9eda] 
17:38:41 [9eda] Return ONLY a JSON object:
17:38:41 [9eda] {"question": "<the sentence — must NOT contain any toy name>", "criteria": "<short criteria phrase: one noun + at most one adjective>"}
17:38:45 [9eda] [Claude:scene-game-question] <<< RESPONSE (84 chars):
17:38:45 [9eda] {"question": "Can you find something long and yellow?", "criteria": "yellow banana"}
17:38:45 [9eda] [SceneGame] Gemini raw question response (attempt 1): {"question": "Can you find something long and yellow?", "criteria": "yellow banana"}
17:38:45 [9eda] [SceneGame] Parsed question JSON: {
17:38:45 [9eda]   "question": "Can you find something long and yellow?",
17:38:45 [9eda]   "criteria": "yellow banana"
17:38:45 [9eda] }
17:38:45 [9eda] self.engine :  qwen
17:38:51 [9eda] └─ DONE  POST /api/scene/start -> 200 in 9847ms
17:38:56 [be1a] ┌─ WORK  POST /api/scene_game/answer | fields: mode, target, criteria, obj_a, obj_b, relation
17:38:59 [be1a] [SceneGame] gemini_analyze_image raw: ```json
17:38:59 [be1a] [
17:38:59 [be1a]   {"point": [609, 584], "label": "banana", "color": "yellow", "shape": "curved"}
17:38:59 [be1a] ]
17:38:59 [be1a] ```
17:38:59 [be1a] [SceneGame] Detected object: banana, color: yellow, shape: curved, point: [609, 584]
17:38:59 [be1a] [SceneGame] Robot looking at pixel (374, 292)
17:38:59 [be1a] [SceneGame] Detected object: banana, color: yellow, shape: curved
17:38:59 [be1a] self.engine :  qwen
17:39:06 [be1a] └─ DONE  POST /api/scene_game/answer -> 200 in 10018ms
17:39:13 [e40a] ┌─ WORK  POST /api/scene/start | fields: mode
17:39:13 [e40a] self.engine :  qwen
17:39:19 [e40a] └─ DONE  POST /api/scene/start -> 200 in 5406ms
17:39:36 [926b] ┌─ WORK  POST /api/scene_game/answer | fields: mode, target, criteria, obj_a, obj_b, relation
17:39:40 [926b] [SceneGame] gemini_validate_spatial raw: {"obj_a_found": true, "obj_b_found": true, "actual_relation": "above", "correct": true, "reason": "The banana is placed on top of the tray, which is exactly what was asked!", "prompt": "You are judging a children's spatial-direction game.\nThe valid game objects are: lemon,banana,tray,box,grape,carrot. Only identify objects from this list.\nThe child was asked to arrange the scene so that the banana is on top of the tray.\n\nThe image is taken from the front of the child (camera-facing view).\nDecide:\n1. Is the banana present in the scene?\n2. Is the tray present in the scene?\n3. What is the actual spatial relation of the banana TO the tray? Pick ONE:\n   - next_to       (side by side, roughly same height)\n   - above         (higher than / on top of)\n   - under         (lower than / underneath)\n   - behind        (further from the camera, partially hidden)\n   - in_front_of   (closer to camera, may partially block the other)\n   - in            (inside / contained by the other; partially hidden by its walls or rim)\n   - out           (outside / not contained by the other; fully visible and separate)\n   - other         (none of the above clearly applies)\n4. Does that match the requested relation 'above'?\n\nTips:\n- 'behind' means partially hidden by the reference object, or visibly\n  smaller/further along the camera's depth axis.\n- 'in_front_of' means the moving object partly occludes or sits\n  closer to the camera than the reference object.\n- 'in' means the moving object is contained by the reference object\n  (e.g. ball inside a cup or box) \u2014 typically partly hidden by the\n  rim/walls of the container.\n- 'out' means the moving object is clearly outside the reference\n  object, fully visible, with a visible gap between them.\nIf you cannot tell confidently, return 'other'.\n\nReturn ONLY a JSON object with no markdown fences:\n{\n  \"obj_a_found\": true|false,\n  \"obj_b_found\": true|false,\n  \"actual_relation\": \"next_to|above|under|behind|in_front_of|in|out|other\",\n  \"correct\": true|false,\n  \"reason\": \"<short, child-friendly explanation>\"\n}\nIf either object is missing, set correct=false.", "raw_response": "{\n  \"obj_a_found\": true,\n  \"obj_b_found\": true,\n  \"actual_relation\": \"above\",\n  \"correct\": true,\n  \"reason\": \"The banana is placed on top of the tray, which is exactly what was asked!\"\n}"}
17:39:40 [926b] self.engine :  qwen
17:39:47 [926b] └─ DONE  POST /api/scene_game/answer -> 200 in 11097ms
17:40:21 [1ad3] ┌─ WORK  GET /
17:40:21 [1ad3] └─ DONE  GET / -> 200 in 1ms
17:40:23 [5699] ┌─ WORK  GET /object_game_generate
17:40:23 [5699] └─ DONE  GET /object_game_generate -> 200 in 3ms
17:40:23 [bf0b] ┌─ WORK  GET /api/scene_game/toys
17:40:23 [bf0b] └─ DONE  GET /api/scene_game/toys -> 200 in 1ms
17:40:31 [b14a] ┌─ WORK  POST /api/scene_game/toys | fields: action, name
17:40:31 [b14a] └─ DONE  POST /api/scene_game/toys -> 200 in 1ms
17:40:32 [ff35] ┌─ WORK  GET /play_scene
17:40:32 [ff35] └─ DONE  GET /play_scene -> 200 in 1ms
17:40:33 [2891] ┌─ WORK  POST /api/scene/start | fields: mode
17:40:33 [2891] [KB] derived level_age=4 mlu=5-6 targets=['action_verbs_higher_level', 'basic_adjectives', 'pronouns_later', 'location_prepositions', 'size_noun', 'location_noun', 'ing_form'] speech[4-5]=['later_sounds'] interests=['unicorns', 'animals', 'pets', 'princesses', 'pretend_play'] for user=maya age=4 language_age=None gender='female' kind=question
17:40:33 [2891] [Claude:scene-game-question] >>> PROMPT (2009 chars) | system: You generate game questions for children. Return JSON only.
17:40:33 [2891] You are generating a question for an object detection game for a 4-year-old child.
17:40:33 [2891] Available physical toys: lemon, banana, tray, box, grape, carrot, corn.
17:40:33 [2891] TARGET MLU (knowledge base): the child's mean length of utterance is about 5-6 words. Keep the question within that length and use sentence structures a child at this language level produces.
17:40:33 [2891] Generate ONE inference-style request that lets the child figure
17:40:33 [2891] out the target object from its observable properties.
17:40:33 [2891] 
17:40:33 [2891] HARD RULE — the QUESTION text must NOT name the target object.
17:40:33 [2891] It must NEVER contain any of these noun names from the toy list:
17:40:33 [2891]   lemon, banana, tray, box, grape, carrot, corn
17:40:33 [2891] Refer to the target only as "it", "something", "one", or by
17:40:33 [2891] a generic placeholder like "a fruit" or "a vehicle". The child
17:40:33 [2891] must INFER which object you mean from the description.
17:40:33 [2891] 
17:40:33 [2891] CRITICAL — the criteria must describe ONE simple, concrete object:
17:40:33 [2891] - A single noun (the object type) with at most ONE adjective
17:40:33 [2891]   describing color, size, or category.
17:40:33 [2891] - Good criteria: "banana", "red car", "green dinosaur",
17:40:33 [2891]   "tomato", "yellow fruit", "round ball".
17:40:33 [2891] - BAD criteria (do NOT produce these):
17:40:33 [2891]     * "red car moving block" (compound / multi-object)
17:40:33 [2891]     * "big round shiny red fruit on a tree" (too many properties)
17:40:33 [2891]     * "toy that you can stack" (function-based, vague)
17:40:33 [2891] - Do not chain multiple objects or stack three+ adjectives.
17:40:33 [2891] 
17:40:33 [2891] The criteria MUST match at least one toy from the list above.
17:40:33 [2891] Use simple, clear language appropriate for ages 4-6.
17:40:33 [2891] Good examples (target NOT named in the question):
17:40:33 [2891] - Question: "I want a red fruit!" (criteria: red fruit)
17:40:33 [2891] - Question: "Can you find something yellow?" (criteria: yellow)
17:40:33 [2891] - Question: "Show me something green that goes ROAR!"
17:40:33 [2891]   (criteria: green dinosaur)
17:40:33 [2891] BAD example (do NOT do this — names the target):
17:40:33 [2891] - Question: "Show me the red apple!" — "apple" is the target name.
17:40:33 [2891] 
17:40:33 [2891] Return ONLY a JSON object:
17:40:33 [2891] {"question": "<the sentence — must NOT contain any toy name>", "criteria": "<short criteria phrase: one noun + at most one adjective>"}
17:40:35 [2891] [Claude:scene-game-question] <<< RESPONSE (84 chars):
17:40:35 [2891] {"question": "Can you find something long and yellow?", "criteria": "yellow banana"}
17:40:35 [2891] [SceneGame] Gemini raw question response (attempt 1): {"question": "Can you find something long and yellow?", "criteria": "yellow banana"}
17:40:35 [2891] [SceneGame] Parsed question JSON: {
17:40:35 [2891]   "question": "Can you find something long and yellow?",
17:40:35 [2891]   "criteria": "yellow banana"
17:40:35 [2891] }
17:40:35 [2891] self.engine :  qwen
17:40:41 [2891] └─ DONE  POST /api/scene/start -> 200 in 7671ms
17:49:18 [----] [trace] step tracing active -> /home/qtrobot/tutorials-master/demos/version_1_llm_gemini/src/logs/trace-2026-06-24.log (daily rotation)
17:49:41 [----] [trace] step tracing active -> /home/qtrobot/tutorials-master/demos/version_1_llm_gemini/src/logs/trace-2026-06-24.log (daily rotation)
17:54:34 [----] [trace] step tracing active -> /home/qtrobot/tutorials-master/demos/version_1_llm_gemini/src/logs/trace-2026-06-24.log (daily rotation)
17:55:34 [169d] ┌─ WORK  GET /object_game_generate
17:55:34 [169d] └─ DONE  GET /object_game_generate -> 302 in 1ms
17:55:34 [6da9] ┌─ WORK  GET /
17:55:34 [6da9] └─ DONE  GET / -> 200 in 12ms
17:55:38 [2f6c] ┌─ WORK  POST /api/login | fields: username
17:55:38 [2f6c] └─ DONE  POST /api/login -> 200 in 6ms
17:55:39 [f0d4] ┌─ WORK  GET /
17:55:39 [f0d4] └─ DONE  GET / -> 200 in 8ms
17:55:53 [ab70] ┌─ WORK  GET /play_scene
17:55:53 [ab70] └─ DONE  GET /play_scene -> 200 in 5ms
17:56:01 [437e] ┌─ WORK  POST /api/scene/start | fields: mode
17:56:01 [437e] [KB] derived level_age=4 mlu=5-6 targets=['action_verbs_higher_level', 'basic_adjectives', 'pronouns_later', 'location_prepositions', 'size_noun', 'location_noun', 'ing_form'] speech[4-5]=['later_sounds'] interests=['unicorns', 'animals', 'pets', 'princesses', 'pretend_play'] for user=maya age=4 language_age=None gender='female' kind=question
17:56:01 [437e] [Claude:scene-game-question] >>> PROMPT (2009 chars) | system: You generate game questions for children. Return JSON only.
17:56:01 [437e] You are generating a question for an object detection game for a 4-year-old child.
17:56:01 [437e] Available physical toys: lemon, banana, tray, box, grape, carrot, corn.
17:56:01 [437e] TARGET MLU (knowledge base): the child's mean length of utterance is about 5-6 words. Keep the question within that length and use sentence structures a child at this language level produces.
17:56:01 [437e] Generate ONE inference-style request that lets the child figure
17:56:01 [437e] out the target object from its observable properties.
17:56:01 [437e] 
17:56:01 [437e] HARD RULE — the QUESTION text must NOT name the target object.
17:56:01 [437e] It must NEVER contain any of these noun names from the toy list:
17:56:01 [437e]   lemon, banana, tray, box, grape, carrot, corn
17:56:01 [437e] Refer to the target only as "it", "something", "one", or by
17:56:01 [437e] a generic placeholder like "a fruit" or "a vehicle". The child
17:56:01 [437e] must INFER which object you mean from the description.
17:56:01 [437e] 
17:56:01 [437e] CRITICAL — the criteria must describe ONE simple, concrete object:
17:56:01 [437e] - A single noun (the object type) with at most ONE adjective
17:56:01 [437e]   describing color, size, or category.
17:56:01 [437e] - Good criteria: "banana", "red car", "green dinosaur",
17:56:01 [437e]   "tomato", "yellow fruit", "round ball".
17:56:01 [437e] - BAD criteria (do NOT produce these):
17:56:01 [437e]     * "red car moving block" (compound / multi-object)
17:56:01 [437e]     * "big round shiny red fruit on a tree" (too many properties)
17:56:01 [437e]     * "toy that you can stack" (function-based, vague)
17:56:01 [437e] - Do not chain multiple objects or stack three+ adjectives.
17:56:01 [437e] 
17:56:01 [437e] The criteria MUST match at least one toy from the list above.
17:56:01 [437e] Use simple, clear language appropriate for ages 4-6.
17:56:01 [437e] Good examples (target NOT named in the question):
17:56:01 [437e] - Question: "I want a red fruit!" (criteria: red fruit)
17:56:01 [437e] - Question: "Can you find something yellow?" (criteria: yellow)
17:56:01 [437e] - Question: "Show me something green that goes ROAR!"
17:56:01 [437e]   (criteria: green dinosaur)
17:56:01 [437e] BAD example (do NOT do this — names the target):
17:56:01 [437e] - Question: "Show me the red apple!" — "apple" is the target name.
17:56:01 [437e] 
17:56:01 [437e] Return ONLY a JSON object:
17:56:01 [437e] {"question": "<the sentence — must NOT contain any toy name>", "criteria": "<short criteria phrase: one noun + at most one adjective>"}
17:56:03 [437e] [Claude:scene-game-question] <<< RESPONSE (84 chars):
17:56:03 [437e] {"question": "Can you find something long and yellow?", "criteria": "yellow banana"}
17:56:03 [437e] [SceneGame] Gemini raw question response (attempt 1): {"question": "Can you find something long and yellow?", "criteria": "yellow banana"}
17:56:03 [437e] [SceneGame] Parsed question JSON: {
17:56:03 [437e]   "question": "Can you find something long and yellow?",
17:56:03 [437e]   "criteria": "yellow banana"
17:56:03 [437e] }
17:56:03 [437e] self.engine :  qwen
17:56:08 [437e] └─ DONE  POST /api/scene/start -> 200 in 7427ms
17:56:16 [3999] ┌─ WORK  POST /api/scene_game/answer | fields: mode, target, criteria, obj_a, obj_b, relation
17:56:20 [3999] [SceneGame] gemini_analyze_image raw: ```json
17:56:20 [3999] [
17:56:20 [3999]   {
17:56:20 [3999]     "point": [611, 574],
17:56:20 [3999]     "label": "banana",
17:56:20 [3999]     "color": "yellow",
17:56:20 [3999]     "shape": "curved"
17:56:20 [3999]   }
17:56:20 [3999] ]
17:56:20 [3999] ```
17:56:20 [3999] [SceneGame] Detected object: banana, color: yellow, shape: curved, point: [611, 574]
17:56:20 [3999] [SceneGame] Robot looking at pixel (367, 293)
17:56:20 [3999] [SceneGame] Detected object: banana, color: yellow, shape: curved
17:56:20 [3999] self.engine :  qwen
17:56:27 [3999] └─ DONE  POST /api/scene_game/answer -> 200 in 10537ms
17:56:29 [8b69] ┌─ WORK  POST /api/scene/start | fields: mode
17:56:29 [8b69] self.engine :  qwen
17:56:35 [8b69] └─ DONE  POST /api/scene/start -> 200 in 5310ms
17:57:01 [9f91] ┌─ WORK  POST /api/scene_game/answer | fields: mode, target, criteria, obj_a, obj_b, relation
17:57:07 [9f91] [SceneGame] gemini_validate_spatial raw: {"obj_a_found": false, "obj_b_found": true, "actual_relation": "other", "correct": false, "reason": "I can see the box, but I can't find the grape in the picture.", "prompt": "You are judging a children's spatial-direction game.\nThe valid game objects are: lemon,banana,tray,box,grape,carrot,corn. Only identify objects from this list.\nThe child was asked to arrange the scene so that the grape is next to the box.\n\nThe image is taken from the front of the child (camera-facing view).\nDecide:\n1. Is the grape present in the scene?\n2. Is the box present in the scene?\n3. What is the actual spatial relation of the grape TO the box? Pick ONE:\n   - next_to       (side by side, roughly same height)\n   - above         (higher than / on top of)\n   - under         (lower than / underneath)\n   - behind        (further from the camera, partially hidden)\n   - in_front_of   (closer to camera, may partially block the other)\n   - in            (inside / contained by the other; partially hidden by its walls or rim)\n   - out           (outside / not contained by the other; fully visible and separate)\n   - other         (none of the above clearly applies)\n4. Does that match the requested relation 'next_to'?\n\nTips:\n- 'behind' means partially hidden by the reference object, or visibly\n  smaller/further along the camera's depth axis.\n- 'in_front_of' means the moving object partly occludes or sits\n  closer to the camera than the reference object.\n- 'in' means the moving object is contained by the reference object\n  (e.g. ball inside a cup or box) \u2014 typically partly hidden by the\n  rim/walls of the container.\n- 'out' means the moving object is clearly outside the reference\n  object, fully visible, with a visible gap between them.\nIf you cannot tell confidently, return 'other'.\n\nReturn ONLY a JSON object with no markdown fences:\n{\n  \"obj_a_found\": true|false,\n  \"obj_b_found\": true|false,\n  \"actual_relation\": \"next_to|above|under|behind|in_front_of|in|out|other\",\n  \"correct\": true|false,\n  \"reason\": \"<short, child-friendly explanation>\"\n}\nIf either object is missing, set correct=false.", "raw_response": "{\n  \"obj_a_found\": false,\n  \"obj_b_found\": true,\n  \"actual_relation\": \"other\",\n  \"correct\": false,\n  \"reason\": \"I can see the box, but I can't find the grape in the picture.\"\n}"}
17:57:07 [9f91] self.engine :  qwen
17:57:12 [9f91] └─ DONE  POST /api/scene_game/answer -> 200 in 11052ms
17:57:27 [c966] ┌─ WORK  POST /api/scene_game/answer | fields: mode, target, criteria, obj_a, obj_b, relation
17:57:32 [c966] [SceneGame] gemini_validate_spatial raw: {"obj_a_found": false, "obj_b_found": true, "actual_relation": "other", "correct": false, "reason": "I can see the box, but I can't find the grape anywhere in the picture. Please make sure both objects are in the scene!", "prompt": "You are judging a children's spatial-direction game.\nThe valid game objects are: lemon,banana,tray,box,grape,carrot,corn. Only identify objects from this list.\nThe child was asked to arrange the scene so that the grape is next to the box.\n\nThe image is taken from the front of the child (camera-facing view).\nDecide:\n1. Is the grape present in the scene?\n2. Is the box present in the scene?\n3. What is the actual spatial relation of the grape TO the box? Pick ONE:\n   - next_to       (side by side, roughly same height)\n   - above         (higher than / on top of)\n   - under         (lower than / underneath)\n   - behind        (further from the camera, partially hidden)\n   - in_front_of   (closer to camera, may partially block the other)\n   - in            (inside / contained by the other; partially hidden by its walls or rim)\n   - out           (outside / not contained by the other; fully visible and separate)\n   - other         (none of the above clearly applies)\n4. Does that match the requested relation 'next_to'?\n\nTips:\n- 'behind' means partially hidden by the reference object, or visibly\n  smaller/further along the camera's depth axis.\n- 'in_front_of' means the moving object partly occludes or sits\n  closer to the camera than the reference object.\n- 'in' means the moving object is contained by the reference object\n  (e.g. ball inside a cup or box) \u2014 typically partly hidden by the\n  rim/walls of the container.\n- 'out' means the moving object is clearly outside the reference\n  object, fully visible, with a visible gap between them.\nIf you cannot tell confidently, return 'other'.\n\nReturn ONLY a JSON object with no markdown fences:\n{\n  \"obj_a_found\": true|false,\n  \"obj_b_found\": true|false,\n  \"actual_relation\": \"next_to|above|under|behind|in_front_of|in|out|other\",\n  \"correct\": true|false,\n  \"reason\": \"<short, child-friendly explanation>\"\n}\nIf either object is missing, set correct=false.", "raw_response": "{\n  \"obj_a_found\": false,\n  \"obj_b_found\": true,\n  \"actual_relation\": \"other\",\n  \"correct\": false,\n  \"reason\": \"I can see the box, but I can't find the grape anywhere in the picture. Please make sure both objects are in the scene!\"\n}"}
17:57:32 [c966] self.engine :  qwen
17:57:38 [c966] └─ DONE  POST /api/scene_game/answer -> 200 in 10314ms
17:57:58 [af61] ┌─ WORK  POST /api/scene_game/answer | fields: mode, target, criteria, obj_a, obj_b, relation
17:58:03 [af61] [SceneGame] gemini_validate_spatial raw: {"obj_a_found": true, "obj_b_found": true, "actual_relation": "next_to", "correct": true, "reason": "Great job! The grape is right next to the box, just as requested.", "prompt": "You are judging a children's spatial-direction game.\nThe valid game objects are: lemon,banana,tray,box,grape,carrot,corn. Only identify objects from this list.\nThe child was asked to arrange the scene so that the grape is next to the box.\n\nThe image is taken from the front of the child (camera-facing view).\nDecide:\n1. Is the grape present in the scene?\n2. Is the box present in the scene?\n3. What is the actual spatial relation of the grape TO the box? Pick ONE:\n   - next_to       (side by side, roughly same height)\n   - above         (higher than / on top of)\n   - under         (lower than / underneath)\n   - behind        (further from the camera, partially hidden)\n   - in_front_of   (closer to camera, may partially block the other)\n   - in            (inside / contained by the other; partially hidden by its walls or rim)\n   - out           (outside / not contained by the other; fully visible and separate)\n   - other         (none of the above clearly applies)\n4. Does that match the requested relation 'next_to'?\n\nTips:\n- 'behind' means partially hidden by the reference object, or visibly\n  smaller/further along the camera's depth axis.\n- 'in_front_of' means the moving object partly occludes or sits\n  closer to the camera than the reference object.\n- 'in' means the moving object is contained by the reference object\n  (e.g. ball inside a cup or box) \u2014 typically partly hidden by the\n  rim/walls of the container.\n- 'out' means the moving object is clearly outside the reference\n  object, fully visible, with a visible gap between them.\nIf you cannot tell confidently, return 'other'.\n\nReturn ONLY a JSON object with no markdown fences:\n{\n  \"obj_a_found\": true|false,\n  \"obj_b_found\": true|false,\n  \"actual_relation\": \"next_to|above|under|behind|in_front_of|in|out|other\",\n  \"correct\": true|false,\n  \"reason\": \"<short, child-friendly explanation>\"\n}\nIf either object is missing, set correct=false.", "raw_response": "{\n  \"obj_a_found\": true,\n  \"obj_b_found\": true,\n  \"actual_relation\": \"next_to\",\n  \"correct\": true,\n  \"reason\": \"Great job! The grape is right next to the box, just as requested.\"\n}"}
17:58:03 [af61] self.engine :  qwen
17:58:09 [af61] └─ DONE  POST /api/scene_game/answer -> 200 in 10682ms
18:05:54 [----] --- Logging error ---
18:05:54 [----] --- Logging error ---
18:05:54 [----] --- Logging error ---
18:05:54 [----] --- Logging error ---
18:05:54 [----] --- Logging error ---
18:05:54 [----] --- Logging error ---
18:05:54 [----] --- Logging error ---
18:05:54 [----] --- Logging error ---
18:05:54 [----] --- Logging error ---
18:05:54 [----] --- Logging error ---
18:05:54 [----] --- Logging error ---
18:05:54 [----] --- Logging error ---
18:05:54 [----] --- Logging error ---
18:05:54 [----] --- Logging error ---
18:05:54 [----] --- Logging error ---
18:05:54 [----] --- Logging error ---
18:05:54 [----] --- Logging error ---
18:05:56 [----] --- Logging error ---
18:05:56 [----] --- Logging error ---
18:05:56 [----] --- Logging error ---
18:05:56 [----] --- Logging error ---
18:05:56 [----] --- Logging error ---
18:05:56 [----] --- Logging error ---
18:05:56 [----] --- Logging error ---
18:05:57 [----] Traceback (most recent call last):
18:05:57 [----]   File "/usr/lib/python3.8/logging/handlers.py", line 69, in emit
18:05:57 [----]     if self.shouldRollover(record):
18:05:57 [----]   File "/usr/lib/python3.8/logging/handlers.py", line 186, in shouldRollover
18:05:57 [----]     self.stream.seek(0, 2)  #due to non-posix-compliant Windows feature
18:05:57 [----] RuntimeError: reentrant call inside <_io.BufferedWriter name='/home/qtrobot/.ros/log/tts_helper_24179_1782316469087.log'>
18:05:57 [----] 
18:05:57 [----] During handling of the above exception, another exception occurred:
18:05:57 [----] 
18:05:57 [----] Traceback (most recent call last):
18:05:57 [----]   File "/usr/lib/python3.8/logging/handlers.py", line 69, in emit
18:05:57 [----]     if self.shouldRollover(record):
18:05:57 [----]   File "/usr/lib/python3.8/logging/handlers.py", line 186, in shouldRollover
18:05:57 [----]     self.stream.seek(0, 2)  #due to non-posix-compliant Windows feature
18:05:57 [----] RuntimeError: reentrant call inside <_io.BufferedWriter name='/home/qtrobot/.ros/log/tts_helper_24179_1782316469087.log'>
18:05:57 [----] 
18:05:57 [----] During handling of the above exception, another exception occurred:
18:05:57 [----] 
18:05:57 [----] Traceback (most recent call last):
18:05:57 [----]   File "/usr/lib/python3.8/logging/handlers.py", line 69, in emit
18:05:57 [----]     if self.shouldRollover(record):
18:05:57 [----]   File "/usr/lib/python3.8/logging/handlers.py", line 186, in shouldRollover
18:05:57 [----]     self.stream.seek(0, 2)  #due to non-posix-compliant Windows feature
18:05:57 [----] RuntimeError: reentrant call inside <_io.BufferedWriter name='/home/qtrobot/.ros/log/tts_helper_24179_1782316469087.log'>
18:05:57 [----] 
18:05:57 [----] During handling of the above exception, another exception occurred:
18:05:57 [----] 
18:05:57 [----] Traceback (most recent call last):
18:05:57 [----]   File "/usr/lib/python3.8/logging/handlers.py", line 69, in emit
18:05:57 [----]     if self.shouldRollover(record):
18:05:57 [----]   File "/usr/lib/python3.8/logging/handlers.py", line 186, in shouldRollover
18:05:57 [----]     self.stream.seek(0, 2)  #due to non-posix-compliant Windows feature
18:05:57 [----] RuntimeError: reentrant call inside <_io.BufferedWriter name='/home/qtrobot/.ros/log/tts_helper_24179_1782316469087.log'>
18:05:57 [----] 
18:05:57 [----] During handling of the above exception, another exception occurred:
18:05:57 [----] 
18:05:57 [----] Traceback (most recent call last):
18:05:57 [----]   File "/usr/lib/python3.8/logging/handlers.py", line 69, in emit
18:05:57 [----]     if self.shouldRollover(record):
18:05:57 [----]   File "/usr/lib/python3.8/logging/handlers.py", line 186, in shouldRollover
18:05:57 [----]     self.stream.seek(0, 2)  #due to non-posix-compliant Windows feature
18:05:57 [----] RuntimeError: reentrant call inside <_io.BufferedWriter name='/home/qtrobot/.ros/log/tts_helper_24179_1782316469087.log'>
18:05:57 [----] 
18:05:57 [----] During handling of the above exception, another exception occurred:
18:05:57 [----] 
18:05:57 [----] Traceback (most recent call last):
18:05:57 [----]   File "/usr/lib/python3.8/logging/handlers.py", line 69, in emit
18:05:57 [----]     if self.shouldRollover(record):
18:05:57 [----]   File "/usr/lib/python3.8/logging/handlers.py", line 186, in shouldRollover
18:05:57 [----]     self.stream.seek(0, 2)  #due to non-posix-compliant Windows feature
18:05:57 [----] RuntimeError: reentrant call inside <_io.BufferedWriter name='/home/qtrobot/.ros/log/tts_helper_24179_1782316469087.log'>
18:05:57 [----] 
18:05:57 [----] During handling of the above exception, another exception occurred:
18:05:57 [----] 
18:05:57 [----] Traceback (most recent call last):
18:05:57 [----]   File "/usr/lib/python3.8/logging/handlers.py", line 69, in emit
18:05:57 [----]     if self.shouldRollover(record):
18:05:57 [----]   File "/usr/lib/python3.8/logging/handlers.py", line 186, in shouldRollover
18:05:57 [----]     self.stream.seek(0, 2)  #due to non-posix-compliant Windows feature
18:05:57 [----] RuntimeError: reentrant call inside <_io.BufferedWriter name='/home/qtrobot/.ros/log/tts_helper_24179_1782316469087.log'>
18:05:57 [----] 
18:05:57 [----] During handling of the above exception, another exception occurred:
18:05:57 [----] 
18:05:57 [----] Traceback (most recent call last):
18:05:57 [----]   File "/usr/lib/python3.8/logging/handlers.py", line 69, in emit
18:05:57 [----]     if self.shouldRollover(record):
18:05:57 [----]   File "/usr/lib/python3.8/logging/handlers.py", line 186, in shouldRollover
18:05:57 [----]     self.stream.seek(0, 2)  #due to non-posix-compliant Windows feature
18:05:57 [----] RuntimeError: reentrant call inside <_io.BufferedWriter name='/home/qtrobot/.ros/log/tts_helper_24179_1782316469087.log'>
18:05:57 [----] 
18:05:57 [----] During handling of the above exception, another exception occurred:
18:05:57 [----] 
18:05:57 [----] Traceback (most recent call last):
18:05:57 [----]   File "/usr/lib/python3.8/logging/handlers.py", line 69, in emit
18:05:57 [----]     if self.shouldRollover(record):
18:05:57 [----]   File "/usr/lib/python3.8/logging/handlers.py", line 186, in shouldRollover
18:05:57 [----]     self.stream.seek(0, 2)  #due to non-posix-compliant Windows feature
18:05:57 [----] RuntimeError: reentrant call inside <_io.BufferedWriter name='/home/qtrobot/.ros/log/tts_helper_24179_1782316469087.log'>
18:05:57 [----] 
18:05:57 [----] During handling of the above exception, another exception occurred:
18:05:57 [----] 
18:05:57 [----] Traceback (most recent call last):
18:05:57 [----]   File "/usr/lib/python3.8/logging/handlers.py", line 69, in emit
18:05:57 [----]     if self.shouldRollover(record):
18:05:57 [----]   File "/usr/lib/python3.8/logging/handlers.py", line 186, in shouldRollover
18:05:57 [----]     self.stream.seek(0, 2)  #due to non-posix-compliant Windows feature
18:05:57 [----] RuntimeError: reentrant call inside <_io.BufferedWriter name='/home/qtrobot/.ros/log/tts_helper_24179_1782316469087.log'>
18:05:57 [----] 
18:05:57 [----] During handling of the above exception, another exception occurred:
18:05:57 [----] 
18:05:57 [----] Traceback (most recent call last):
18:05:57 [----]   File "/usr/lib/python3.8/logging/handlers.py", line 69, in emit
18:05:57 [----]     if self.shouldRollover(record):
18:05:57 [----]   File "/usr/lib/python3.8/logging/handlers.py", line 186, in shouldRollover
18:05:57 [----]     self.stream.seek(0, 2)  #due to non-posix-compliant Windows feature
18:05:57 [----] RuntimeError: reentrant call inside <_io.BufferedWriter name='/home/qtrobot/.ros/log/tts_helper_24179_1782316469087.log'>
18:05:57 [----] 
18:05:57 [----] During handling of the above exception, another exception occurred:
18:05:57 [----] 
18:05:57 [----] Traceback (most recent call last):
18:05:57 [----]   File "/usr/lib/python3.8/logging/handlers.py", line 69, in emit
18:05:57 [----]     if self.shouldRollover(record):
18:05:57 [----]   File "/usr/lib/python3.8/logging/handlers.py", line 186, in shouldRollover
18:05:57 [----]     self.stream.seek(0, 2)  #due to non-posix-compliant Windows feature
18:05:57 [----] RuntimeError: reentrant call inside <_io.BufferedWriter name='/home/qtrobot/.ros/log/tts_helper_24179_1782316469087.log'>
18:05:57 [----] 
18:05:57 [----] During handling of the above exception, another exception occurred:
18:05:57 [----] 
18:05:57 [----] Traceback (most recent call last):
18:05:57 [----]   File "/usr/lib/python3.8/logging/handlers.py", line 69, in emit
18:05:57 [----]     if self.shouldRollover(record):
18:05:57 [----]   File "/usr/lib/python3.8/logging/handlers.py", line 186, in shouldRollover
18:05:57 [----]     self.stream.seek(0, 2)  #due to non-posix-compliant Windows feature
18:05:57 [----] RuntimeError: reentrant call inside <_io.BufferedWriter name='/home/qtrobot/.ros/log/tts_helper_24179_1782316469087.log'>
18:05:57 [----] 
18:05:57 [----] During handling of the above exception, another exception occurred:
18:05:57 [----] 
18:05:57 [----] Traceback (most recent call last):
18:05:57 [----]   File "/usr/lib/python3.8/logging/handlers.py", line 69, in emit
18:05:57 [----]     if self.shouldRollover(record):
18:05:57 [----]   File "/usr/lib/python3.8/logging/handlers.py", line 186, in shouldRollover
18:05:57 [----]     self.stream.seek(0, 2)  #due to non-posix-compliant Windows feature
18:05:57 [----] RuntimeError: reentrant call inside <_io.BufferedWriter name='/home/qtrobot/.ros/log/tts_helper_24179_1782316469087.log'>
18:05:57 [----] 
18:05:57 [----] During handling of the above exception, another exception occurred:
18:05:57 [----] 
18:05:57 [----] Traceback (most recent call last):
18:05:57 [----]   File "/usr/lib/python3.8/logging/handlers.py", line 69, in emit
18:05:57 [----]     if self.shouldRollover(record):
18:05:57 [----]   File "/usr/lib/python3.8/logging/handlers.py", line 186, in shouldRollover
18:05:57 [----]     self.stream.seek(0, 2)  #due to non-posix-compliant Windows feature
18:05:57 [----] RuntimeError: reentrant call inside <_io.BufferedWriter name='/home/qtrobot/.ros/log/tts_helper_24179_1782316469087.log'>
18:05:57 [----] 
18:05:57 [----] During handling of the above exception, another exception occurred:
18:05:57 [----] 
18:05:57 [----] Traceback (most recent call last):
18:05:57 [----]   File "/usr/lib/python3.8/logging/handlers.py", line 69, in emit
18:05:57 [----]     if self.shouldRollover(record):
18:05:57 [----]   File "/usr/lib/python3.8/logging/handlers.py", line 186, in shouldRollover
18:05:57 [----]     self.stream.seek(0, 2)  #due to non-posix-compliant Windows feature
18:05:57 [----] RuntimeError: reentrant call inside <_io.BufferedWriter name='/home/qtrobot/.ros/log/tts_helper_24179_1782316469087.log'>
18:05:57 [----] 
18:05:57 [----] During handling of the above exception, another exception occurred:
18:05:57 [----] 
18:05:57 [----] Traceback (most recent call last):
18:05:57 [----]   File "/usr/lib/python3.8/logging/handlers.py", line 69, in emit
18:05:57 [----]     if self.shouldRollover(record):
18:05:57 [----]   File "/usr/lib/python3.8/logging/handlers.py", line 186, in shouldRollover
18:05:57 [----]     self.stream.seek(0, 2)  #due to non-posix-compliant Windows feature
18:05:57 [----] RuntimeError: reentrant call inside <_io.BufferedWriter name='/home/qtrobot/.ros/log/tts_helper_24179_1782316469087.log'>
18:05:57 [----] 
18:05:57 [----] During handling of the above exception, another exception occurred:
18:05:57 [----] 
18:05:57 [----] Traceback (most recent call last):
18:05:57 [----]   File "/usr/lib/python3.8/logging/handlers.py", line 69, in emit
18:05:57 [----]     if self.shouldRollover(record):
18:05:57 [----]   File "/usr/lib/python3.8/logging/handlers.py", line 186, in shouldRollover
18:05:57 [----]     self.stream.seek(0, 2)  #due to non-posix-compliant Windows feature
18:05:57 [----] RuntimeError: reentrant call inside <_io.BufferedWriter name='/home/qtrobot/.ros/log/tts_helper_24179_1782316469087.log'>
18:05:57 [----] 
18:05:57 [----] During handling of the above exception, another exception occurred:
18:05:57 [----] 
18:05:57 [----] Traceback (most recent call last):
18:05:57 [----]   File "/usr/lib/python3.8/logging/handlers.py", line 69, in emit
18:05:57 [----]     if self.shouldRollover(record):
18:05:57 [----]   File "/usr/lib/python3.8/logging/handlers.py", line 186, in shouldRollover
18:05:57 [----]     self.stream.seek(0, 2)  #due to non-posix-compliant Windows feature
18:05:57 [----] RuntimeError: reentrant call inside <_io.BufferedWriter name='/home/qtrobot/.ros/log/tts_helper_24179_1782316469087.log'>
18:05:57 [----] 
18:05:57 [----] During handling of the above exception, another exception occurred:
18:05:57 [----] 
18:05:57 [----] Traceback (most recent call last):
18:05:57 [----]   File "/usr/lib/python3.8/logging/handlers.py", line 69, in emit
18:05:57 [----]     if self.shouldRollover(record):
18:05:57 [----]   File "/usr/lib/python3.8/logging/handlers.py", line 186, in shouldRollover
18:05:57 [----]     self.stream.seek(0, 2)  #due to non-posix-compliant Windows feature
18:05:57 [----] RuntimeError: reentrant call inside <_io.BufferedWriter name='/home/qtrobot/.ros/log/tts_helper_24179_1782316469087.log'>
18:05:57 [----] 
18:05:57 [----] During handling of the above exception, another exception occurred:
18:05:57 [----] 
18:05:57 [----] Traceback (most recent call last):
18:05:57 [----]   File "/usr/lib/python3.8/logging/handlers.py", line 69, in emit
18:05:57 [----]     if self.shouldRollover(record):
18:05:57 [----]   File "/usr/lib/python3.8/logging/handlers.py", line 186, in shouldRollover
18:05:57 [----]     self.stream.seek(0, 2)  #due to non-posix-compliant Windows feature
18:05:57 [----] RuntimeError: reentrant call inside <_io.BufferedWriter name='/home/qtrobot/.ros/log/tts_helper_24179_1782316469087.log'>
18:05:57 [----] 
18:05:57 [----] During handling of the above exception, another exception occurred:
18:05:57 [----] 
18:05:57 [----] Traceback (most recent call last):
18:05:57 [----]   File "/usr/lib/python3.8/logging/handlers.py", line 69, in emit
18:05:57 [----]     if self.shouldRollover(record):
18:05:57 [----]   File "/usr/lib/python3.8/logging/handlers.py", line 186, in shouldRollover
18:05:57 [----]     self.stream.seek(0, 2)  #due to non-posix-compliant Windows feature
18:05:57 [----] RuntimeError: reentrant call inside <_io.BufferedWriter name='/home/qtrobot/.ros/log/tts_helper_24179_1782316469087.log'>
18:05:57 [----] 
18:05:57 [----] During handling of the above exception, another exception occurred:
18:05:57 [----] 
18:05:57 [----] Traceback (most recent call last):
18:05:57 [----]   File "/usr/lib/python3.8/logging/handlers.py", line 69, in emit
18:05:57 [----]     if self.shouldRollover(record):
18:05:57 [----]   File "/usr/lib/python3.8/logging/handlers.py", line 186, in shouldRollover
18:05:57 [----]     self.stream.seek(0, 2)  #due to non-posix-compliant Windows feature
18:05:57 [----] RuntimeError: reentrant call inside <_io.BufferedWriter name='/home/qtrobot/.ros/log/tts_helper_24179_1782316469087.log'>
18:05:57 [----] 
18:05:57 [----] During handling of the above exception, another exception occurred:
18:05:57 [----] 
18:05:57 [----] Traceback (most recent call last):
18:05:57 [----]   File "/usr/lib/python3.8/logging/handlers.py", line 69, in emit
18:05:57 [----]     if self.shouldRollover(record):
18:05:57 [----]   File "/usr/lib/python3.8/logging/handlers.py", line 186, in shouldRollover
18:05:57 [----]     self.stream.seek(0, 2)  #due to non-posix-compliant Windows feature
18:05:57 [----] RuntimeError: reentrant call inside <_io.BufferedWriter name='/home/qtrobot/.ros/log/tts_helper_24179_1782316469087.log'>
18:05:57 [----] 
18:05:57 [----] During handling of the above exception, another exception occurred:
18:05:57 [----] 
18:05:57 [----] Traceback (most recent call last):
18:05:57 [----]   File "/usr/lib/python3.8/logging/handlers.py", line 69, in emit
18:05:57 [----]     if self.shouldRollover(record):
18:05:57 [----]   File "/usr/lib/python3.8/logging/handlers.py", line 186, in shouldRollover
18:05:57 [----]     self.stream.seek(0, 2)  #due to non-posix-compliant Windows feature
18:05:57 [----] RuntimeError: reentrant call inside <_io.BufferedWriter name='/home/qtrobot/.ros/log/tts_helper_24179_1782316469087.log'>
18:05:57 [----] 
18:05:57 [----] During handling of the above exception, another exception occurred:
18:05:57 [----] 
18:05:57 [----] Traceback (most recent call last):
18:05:57 [----]   File "/usr/lib/python3.8/logging/handlers.py", line 69, in emit
18:05:57 [----]     if self.shouldRollover(record):
18:05:57 [----]   File "/usr/lib/python3.8/logging/handlers.py", line 186, in shouldRollover
18:05:57 [----]     self.stream.seek(0, 2)  #due to non-posix-compliant Windows feature
18:05:57 [----] RuntimeError: reentrant call inside <_io.BufferedWriter name='/home/qtrobot/.ros/log/tts_helper_24179_1782316469087.log'>
18:05:57 [----] 
18:05:57 [----] During handling of the above exception, another exception occurred:
18:05:57 [----] 
18:05:57 [----] Traceback (most recent call last):
18:05:57 [----]   File "/usr/lib/python3.8/logging/handlers.py", line 69, in emit
18:05:57 [----]     if self.shouldRollover(record):
18:05:57 [----]   File "/usr/lib/python3.8/logging/handlers.py", line 186, in shouldRollover
18:05:57 [----]     self.stream.seek(0, 2)  #due to non-posix-compliant Windows feature
18:05:57 [----] RuntimeError: reentrant call inside <_io.BufferedWriter name='/home/qtrobot/.ros/log/tts_helper_24179_1782316469087.log'>
18:05:57 [----] 
18:05:57 [----] During handling of the above exception, another exception occurred:
18:05:57 [----] 
18:05:57 [----] Traceback (most recent call last):
18:05:57 [----]   File "/usr/lib/python3.8/logging/handlers.py", line 69, in emit
18:05:57 [----]     if self.shouldRollover(record):
18:05:57 [----]   File "/usr/lib/python3.8/logging/handlers.py", line 186, in shouldRollover
18:05:57 [----]     self.stream.seek(0, 2)  #due to non-posix-compliant Windows feature
18:05:57 [----] RuntimeError: reentrant call inside <_io.BufferedWriter name='/home/qtrobot/.ros/log/tts_helper_24179_1782316469087.log'>
18:05:57 [----] 
18:05:57 [----] During handling of the above exception, another exception occurred:
18:05:57 [----] 
18:05:57 [----] Traceback (most recent call last):
18:05:57 [----]   File "/usr/lib/python3.8/logging/handlers.py", line 69, in emit
18:05:57 [----]     if self.shouldRollover(record):
18:05:57 [----]   File "/usr/lib/python3.8/logging/handlers.py", line 186, in shouldRollover
18:05:57 [----]     self.stream.seek(0, 2)  #due to non-posix-compliant Windows feature
18:05:57 [----] RuntimeError: reentrant call inside <_io.BufferedWriter name='/home/qtrobot/.ros/log/tts_helper_24179_1782316469087.log'>
18:05:57 [----] 
18:05:57 [----] During handling of the above exception, another exception occurred:
18:05:57 [----] 
18:05:57 [----] Traceback (most recent call last):
18:05:57 [----]   File "/usr/lib/python3.8/logging/handlers.py", line 69, in emit
18:05:57 [----]     if self.shouldRollover(record):
18:05:57 [----]   File "/usr/lib/python3.8/logging/handlers.py", line 186, in shouldRollover
18:05:57 [----]     self.stream.seek(0, 2)  #due to non-posix-compliant Windows feature
18:05:57 [----] RuntimeError: reentrant call inside <_io.BufferedWriter name='/home/qtrobot/.ros/log/tts_helper_24179_1782316469087.log'>
18:05:57 [----] 
18:05:57 [----] During handling of the above exception, another exception occurred:
18:05:57 [----] 
18:05:57 [----] Traceback (most recent call last):
18:05:57 [----]   File "/usr/lib/python3.8/logging/handlers.py", line 69, in emit
18:05:57 [----]     if self.shouldRollover(record):
18:05:57 [----]   File "/usr/lib/python3.8/logging/handlers.py", line 186, in shouldRollover
18:05:57 [----]     self.stream.seek(0, 2)  #due to non-posix-compliant Windows feature
18:05:57 [----] RuntimeError: reentrant call inside <_io.BufferedWriter name='/home/qtrobot/.ros/log/tts_helper_24179_1782316469087.log'>
18:05:57 [----] 
18:05:57 [----] During handling of the above exception, another exception occurred:
18:05:57 [----] 
18:05:57 [----] Traceback (most recent call last):
18:05:57 [----]   File "/usr/lib/python3.8/logging/handlers.py", line 69, in emit
18:05:57 [----]     if self.shouldRollover(record):
18:05:57 [----]   File "/usr/lib/python3.8/logging/handlers.py", line 186, in shouldRollover
18:05:57 [----]     self.stream.seek(0, 2)  #due to non-posix-compliant Windows feature
18:05:57 [----] RuntimeError: reentrant call inside <_io.BufferedWriter name='/home/qtrobot/.ros/log/tts_helper_24179_1782316469087.log'>
18:05:57 [----] 
18:05:57 [----] During handling of the above exception, another exception occurred:
18:05:57 [----] 
18:05:57 [----] Traceback (most recent call last):
18:05:57 [----]   File "/usr/lib/python3.8/logging/handlers.py", line 69, in emit
18:05:57 [----]     if self.shouldRollover(record):
18:05:57 [----]   File "/usr/lib/python3.8/logging/handlers.py", line 186, in shouldRollover
18:05:57 [----]     self.stream.seek(0, 2)  #due to non-posix-compliant Windows feature
18:05:57 [----] RuntimeError: reentrant call inside <_io.BufferedWriter name='/home/qtrobot/.ros/log/tts_helper_24179_1782316469087.log'>
18:05:57 [----] 
18:05:57 [----] During handling of the above exception, another exception occurred:
18:05:57 [----] 
18:05:57 [----] Traceback (most recent call last):
18:05:57 [----]   File "/usr/lib/python3.8/logging/handlers.py", line 69, in emit
18:05:57 [----]     if self.shouldRollover(record):
18:05:57 [----]   File "/usr/lib/python3.8/logging/handlers.py", line 186, in shouldRollover
18:05:57 [----]     self.stream.seek(0, 2)  #due to non-posix-compliant Windows feature
18:05:57 [----] RuntimeError: reentrant call inside <_io.BufferedWriter name='/home/qtrobot/.ros/log/tts_helper_24179_1782316469087.log'>
18:05:57 [----] 
18:05:57 [----] During handling of the above exception, another exception occurred:
18:05:57 [----] 
18:05:57 [----] Traceback (most recent call last):
18:05:57 [----]   File "/usr/lib/python3.8/logging/handlers.py", line 69, in emit
18:05:57 [----]     if self.shouldRollover(record):
18:05:57 [----]   File "/usr/lib/python3.8/logging/handlers.py", line 186, in shouldRollover
18:05:57 [----]     self.stream.seek(0, 2)  #due to non-posix-compliant Windows feature
18:05:57 [----] RuntimeError: reentrant call inside <_io.BufferedWriter name='/home/qtrobot/.ros/log/tts_helper_24179_1782316469087.log'>
18:05:57 [----] 
18:05:57 [----] During handling of the above exception, another exception occurred:
18:05:57 [----] 
18:05:57 [----] Traceback (most recent call last):
18:05:57 [----]   File "/usr/lib/python3.8/logging/handlers.py", line 69, in emit
18:05:57 [----]     if self.shouldRollover(record):
18:05:57 [----]   File "/usr/lib/python3.8/logging/handlers.py", line 186, in shouldRollover
18:05:57 [----]     self.stream.seek(0, 2)  #due to non-posix-compliant Windows feature
18:05:57 [----] RuntimeError: reentrant call inside <_io.BufferedWriter name='/home/qtrobot/.ros/log/tts_helper_24179_1782316469087.log'>
18:05:57 [----] 
18:05:57 [----] During handling of the above exception, another exception occurred:
18:05:57 [----] 
18:05:57 [----] Traceback (most recent call last):
18:05:57 [----]   File "/usr/lib/python3.8/logging/handlers.py", line 69, in emit
18:05:57 [----]     if self.shouldRollover(record):
18:05:57 [----]   File "/usr/lib/python3.8/logging/handlers.py", line 186, in shouldRollover
18:05:57 [----]     self.stream.seek(0, 2)  #due to non-posix-compliant Windows feature
18:05:57 [----] RuntimeError: reentrant call inside <_io.BufferedWriter name='/home/qtrobot/.ros/log/tts_helper_24179_1782316469087.log'>
18:05:57 [----] 
18:05:57 [----] During handling of the above exception, another exception occurred:
18:05:57 [----] 
18:05:57 [----] Traceback (most recent call last):
18:05:57 [----]   File "/usr/lib/python3.8/logging/handlers.py", line 69, in emit
18:05:57 [----]     if self.shouldRollover(record):
18:05:57 [----]   File "/usr/lib/python3.8/logging/handlers.py", line 186, in shouldRollover
18:05:57 [----]     self.stream.seek(0, 2)  #due to non-posix-compliant Windows feature
18:05:57 [----] RuntimeError: reentrant call inside <_io.BufferedWriter name='/home/qtrobot/.ros/log/tts_helper_24179_1782316469087.log'>
18:05:57 [----] 
18:05:57 [----] During handling of the above exception, another exception occurred:
18:05:57 [----] 
18:05:57 [----] Traceback (most recent call last):
18:05:57 [----]   File "/usr/lib/python3.8/logging/handlers.py", line 69, in emit
18:05:57 [----]     if self.shouldRollover(record):
18:05:57 [----]   File "/usr/lib/python3.8/logging/handlers.py", line 186, in shouldRollover
18:05:57 [----]     self.stream.seek(0, 2)  #due to non-posix-compliant Windows feature
18:05:57 [----] RuntimeError: reentrant call inside <_io.BufferedWriter name='/home/qtrobot/.ros/log/tts_helper_24179_1782316469087.log'>
18:05:57 [----] 
18:05:57 [----] During handling of the above exception, another exception occurred:
18:05:57 [----] 
18:05:57 [----] Traceback (most recent call last):
18:05:57 [----]   File "/usr/lib/python3.8/logging/handlers.py", line 69, in emit
18:05:57 [----]     if self.shouldRollover(record):
18:05:57 [----]   File "/usr/lib/python3.8/logging/handlers.py", line 186, in shouldRollover
18:05:57 [----]     self.stream.seek(0, 2)  #due to non-posix-compliant Windows feature
18:05:57 [----] RuntimeError: reentrant call inside <_io.BufferedWriter name='/home/qtrobot/.ros/log/tts_helper_24179_1782316469087.log'>
18:05:57 [----] 
18:05:57 [----] During handling of the above exception, another exception occurred:
18:05:57 [----] 
18:05:57 [----] Traceback (most recent call last):
18:05:57 [----]   File "/usr/lib/python3.8/logging/handlers.py", line 69, in emit
18:05:57 [----]     if self.shouldRollover(record):
18:05:57 [----]   File "/usr/lib/python3.8/logging/handlers.py", line 186, in shouldRollover
18:05:57 [----]     self.stream.seek(0, 2)  #due to non-posix-compliant Windows feature
18:05:57 [----] RuntimeError: reentrant call inside <_io.BufferedWriter name='/home/qtrobot/.ros/log/tts_helper_24179_1782316469087.log'>
18:05:57 [----] 
18:05:57 [----] During handling of the above exception, another exception occurred:
18:05:57 [----] 
18:05:57 [----] Traceback (most recent call last):
18:05:57 [----]   File "/usr/lib/python3.8/logging/handlers.py", line 69, in emit
18:05:57 [----]     if self.shouldRollover(record):
18:05:57 [----]   File "/usr/lib/python3.8/logging/handlers.py", line 186, in shouldRollover
18:05:57 [----]     self.stream.seek(0, 2)  #due to non-posix-compliant Windows feature
18:05:57 [----] RuntimeError: reentrant call inside <_io.BufferedWriter name='/home/qtrobot/.ros/log/tts_helper_24179_1782316469087.log'>
18:05:57 [----] 
18:05:57 [----] During handling of the above exception, another exception occurred:
18:05:57 [----] 
18:05:57 [----] Traceback (most recent call last):
18:05:57 [----]   File "/usr/lib/python3.8/logging/handlers.py", line 69, in emit
18:05:57 [----]     if self.shouldRollover(record):
18:05:57 [----]   File "/usr/lib/python3.8/logging/handlers.py", line 186, in shouldRollover
18:05:57 [----]     self.stream.seek(0, 2)  #due to non-posix-compliant Windows feature
18:05:57 [----] RuntimeError: reentrant call inside <_io.BufferedWriter name='/home/qtrobot/.ros/log/tts_helper_24179_1782316469087.log'>
18:05:57 [----] 
18:05:57 [----] During handling of the above exception, another exception occurred:
18:05:57 [----] 
18:05:57 [----] Traceback (most recent call last):
18:05:57 [----]   File "/usr/lib/python3.8/logging/handlers.py", line 69, in emit
18:05:57 [----]     if self.shouldRollover(record):
18:05:57 [----]   File "/usr/lib/python3.8/logging/handlers.py", line 186, in shouldRollover
18:05:57 [----]     self.stream.seek(0, 2)  #due to non-posix-compliant Windows feature
18:05:57 [----] RuntimeError: reentrant call inside <_io.BufferedWriter name='/home/qtrobot/.ros/log/tts_helper_24179_1782316469087.log'>
18:05:57 [----] 
18:05:57 [----] During handling of the above exception, another exception occurred:
18:05:57 [----] 
18:05:57 [----] Traceback (most recent call last):
18:05:57 [----]   File "/usr/lib/python3.8/logging/handlers.py", line 69, in emit
18:05:57 [----]     if self.shouldRollover(record):
18:05:57 [----]   File "/usr/lib/python3.8/logging/handlers.py", line 186, in shouldRollover
18:05:57 [----]     self.stream.seek(0, 2)  #due to non-posix-compliant Windows feature
18:05:57 [----] RuntimeError: reentrant call inside <_io.BufferedWriter name='/home/qtrobot/.ros/log/tts_helper_24179_1782316469087.log'>
18:05:57 [----] 
18:05:57 [----] During handling of the above exception, another exception occurred:
18:05:57 [----] 
18:05:57 [----] Traceback (most recent call last):
18:05:57 [----]   File "/usr/lib/python3.8/logging/handlers.py", line 69, in emit
18:05:57 [----]     if self.shouldRollover(record):
18:05:57 [----]   File "/usr/lib/python3.8/logging/handlers.py", line 186, in shouldRollover
18:05:57 [----]     self.stream.seek(0, 2)  #due to non-posix-compliant Windows feature
18:05:57 [----] RuntimeError: reentrant call inside <_io.BufferedWriter name='/home/qtrobot/.ros/log/tts_helper_24179_1782316469087.log'>
18:05:57 [----] 
18:05:57 [----] During handling of the above exception, another exception occurred:
18:05:57 [----] 
18:05:57 [----] Traceback (most recent call last):
18:05:57 [----]   File "/usr/lib/python3.8/logging/handlers.py", line 69, in emit
18:05:57 [----]     if self.shouldRollover(record):
18:05:57 [----]   File "/usr/lib/python3.8/logging/handlers.py", line 186, in shouldRollover
18:05:57 [----]     self.stream.seek(0, 2)  #due to non-posix-compliant Windows feature
18:05:57 [----] RuntimeError: reentrant call inside <_io.BufferedWriter name='/home/qtrobot/.ros/log/tts_helper_24179_1782316469087.log'>
18:05:57 [----] 
18:05:57 [----] During handling of the above exception, another exception occurred:
18:05:57 [----] 
18:05:57 [----] Traceback (most recent call last):
18:05:57 [----]   File "/usr/lib/python3.8/logging/handlers.py", line 69, in emit
18:05:57 [----]     if self.shouldRollover(record):
18:05:57 [----]   File "/usr/lib/python3.8/logging/handlers.py", line 186, in shouldRollover
18:05:57 [----]     self.stream.seek(0, 2)  #due to non-posix-compliant Windows feature
18:05:57 [----] RuntimeError: reentrant call inside <_io.BufferedWriter name='/home/qtrobot/.ros/log/tts_helper_24179_1782316469087.log'>
18:05:57 [----] 
18:05:57 [----] During handling of the above exception, another exception occurred:
18:05:57 [----] 
18:05:57 [----] Traceback (most recent call last):
18:05:57 [----]   File "/usr/lib/python3.8/logging/handlers.py", line 69, in emit
18:05:57 [----]     if self.shouldRollover(record):
18:05:57 [----]   File "/usr/lib/python3.8/logging/handlers.py", line 186, in shouldRollover
18:05:57 [----]     self.stream.seek(0, 2)  #due to non-posix-compliant Windows feature
18:05:57 [----] RuntimeError: reentrant call inside <_io.BufferedWriter name='/home/qtrobot/.ros/log/tts_helper_24179_1782316469087.log'>
18:05:57 [----] 
18:05:57 [----] During handling of the above exception, another exception occurred:
18:05:57 [----] 
18:05:57 [----] Traceback (most recent call last):
18:05:57 [----]   File "/usr/lib/python3.8/logging/handlers.py", line 69, in emit
18:05:57 [----]     if self.shouldRollover(record):
18:05:57 [----]   File "/usr/lib/python3.8/logging/handlers.py", line 186, in shouldRollover
18:05:57 [----]     self.stream.seek(0, 2)  #due to non-posix-compliant Windows feature
18:05:57 [----] RuntimeError: reentrant call inside <_io.BufferedWriter name='/home/qtrobot/.ros/log/tts_helper_24179_1782316469087.log'>
18:05:57 [----] 
18:05:57 [----] During handling of the above exception, another exception occurred:
18:05:57 [----] 
18:05:57 [----] Traceback (most recent call last):
18:05:57 [----]   File "/usr/lib/python3.8/logging/handlers.py", line 69, in emit
18:05:57 [----]     if self.shouldRollover(record):
18:05:57 [----]   File "/usr/lib/python3.8/logging/handlers.py", line 186, in shouldRollover
18:05:57 [----]     self.stream.seek(0, 2)  #due to non-posix-compliant Windows feature
18:05:57 [----] RuntimeError: reentrant call inside <_io.BufferedWriter name='/home/qtrobot/.ros/log/tts_helper_24179_1782316469087.log'>
18:05:57 [----] 
18:05:57 [----] During handling of the above exception, another exception occurred:
18:05:57 [----] 
18:05:57 [----] Traceback (most recent call last):
18:05:57 [----]   File "/usr/lib/python3.8/logging/handlers.py", line 69, in emit
18:05:57 [----]     if self.shouldRollover(record):
18:05:57 [----]   File "/usr/lib/python3.8/logging/handlers.py", line 186, in shouldRollover
18:05:57 [----]     self.stream.seek(0, 2)  #due to non-posix-compliant Windows feature
18:05:57 [----] RuntimeError: reentrant call inside <_io.BufferedWriter name='/home/qtrobot/.ros/log/tts_helper_24179_1782316469087.log'>
18:05:57 [----] 
18:05:57 [----] During handling of the above exception, another exception occurred:
18:05:57 [----] 
18:05:57 [----] Traceback (most recent call last):
18:05:57 [----]   File "/usr/lib/python3.8/logging/handlers.py", line 69, in emit
18:05:57 [----]     if self.shouldRollover(record):
18:05:57 [----]   File "/usr/lib/python3.8/logging/handlers.py", line 186, in shouldRollover
18:05:57 [----]     self.stream.seek(0, 2)  #due to non-posix-compliant Windows feature
18:05:57 [----] RuntimeError: reentrant call inside <_io.BufferedWriter name='/home/qtrobot/.ros/log/tts_helper_24179_1782316469087.log'>
18:05:57 [----] 
18:05:57 [----] During handling of the above exception, another exception occurred:
18:05:57 [----] 
18:05:57 [----] Traceback (most recent call last):
18:05:57 [----]   File "/usr/lib/python3.8/logging/handlers.py", line 69, in emit
18:05:57 [----]     if self.shouldRollover(record):
18:05:57 [----]   File "/usr/lib/python3.8/logging/handlers.py", line 186, in shouldRollover
18:05:57 [----]     self.stream.seek(0, 2)  #due to non-posix-compliant Windows feature
18:05:57 [----] RuntimeError: reentrant call inside <_io.BufferedWriter name='/home/qtrobot/.ros/log/tts_helper_24179_1782316469087.log'>
18:05:57 [----] 
18:05:57 [----] During handling of the above exception, another exception occurred:
18:05:57 [----] 
18:05:57 [----] Traceback (most recent call last):
18:05:57 [----]   File "/usr/lib/python3.8/logging/handlers.py", line 69, in emit
18:05:57 [----]     if self.shouldRollover(record):
18:05:57 [----]   File "/usr/lib/python3.8/logging/handlers.py", line 186, in shouldRollover
18:05:57 [----]     self.stream.seek(0, 2)  #due to non-posix-compliant Windows feature
18:05:57 [----] RuntimeError: reentrant call inside <_io.BufferedWriter name='/home/qtrobot/.ros/log/tts_helper_24179_1782316469087.log'>
18:05:57 [----] 
18:05:57 [----] During handling of the above exception, another exception occurred:
18:05:57 [----] 
18:05:57 [----] Traceback (most recent call last):
18:05:57 [----]   File "/usr/lib/python3.8/logging/handlers.py", line 69, in emit
18:05:57 [----]     if self.shouldRollover(record):
18:05:57 [----]   File "/usr/lib/python3.8/logging/handlers.py", line 186, in shouldRollover
18:05:57 [----]     self.stream.seek(0, 2)  #due to non-posix-compliant Windows feature
18:05:57 [----] RuntimeError: reentrant call inside <_io.BufferedWriter name='/home/qtrobot/.ros/log/tts_helper_24179_1782316469087.log'>
18:05:57 [----] 
18:05:57 [----] During handling of the above exception, another exception occurred:
18:05:57 [----] 
18:05:57 [----] Traceback (most recent call last):
18:05:57 [----]   File "/usr/lib/python3.8/logging/handlers.py", line 69, in emit
18:05:57 [----]     if self.shouldRollover(record):
18:05:57 [----]   File "/usr/lib/python3.8/logging/handlers.py", line 186, in shouldRollover
18:05:57 [----]     self.stream.seek(0, 2)  #due to non-posix-compliant Windows feature
18:05:57 [----] RuntimeError: reentrant call inside <_io.BufferedWriter name='/home/qtrobot/.ros/log/tts_helper_24179_1782316469087.log'>
18:05:57 [----] 
18:05:57 [----] During handling of the above exception, another exception occurred:
18:05:57 [----] 
18:05:57 [----] Traceback (most recent call last):
18:05:57 [----]   File "/usr/lib/python3.8/logging/handlers.py", line 69, in emit
18:05:57 [----]     if self.shouldRollover(record):
18:05:57 [----]   File "/usr/lib/python3.8/logging/handlers.py", line 186, in shouldRollover
18:05:57 [----]     self.stream.seek(0, 2)  #due to non-posix-compliant Windows feature
18:05:57 [----] RuntimeError: reentrant call inside <_io.BufferedWriter name='/home/qtrobot/.ros/log/tts_helper_24179_1782316469087.log'>
18:05:57 [----] 
18:05:57 [----] During handling of the above exception, another exception occurred:
18:05:57 [----] 
18:05:57 [----] Traceback (most recent call last):
18:05:57 [----]   File "/usr/lib/python3.8/logging/handlers.py", line 69, in emit
18:05:57 [----]     if self.shouldRollover(record):
18:05:57 [----]   File "/usr/lib/python3.8/logging/handlers.py", line 186, in shouldRollover
18:05:57 [----]     self.stream.seek(0, 2)  #due to non-posix-compliant Windows feature
18:05:57 [----] RuntimeError: reentrant call inside <_io.BufferedWriter name='/home/qtrobot/.ros/log/tts_helper_24179_1782316469087.log'>
18:05:57 [----] 
18:05:57 [----] During handling of the above exception, another exception occurred:
18:05:57 [----] 
18:05:57 [----] Traceback (most recent call last):
18:05:57 [----]   File "/usr/lib/python3.8/logging/handlers.py", line 69, in emit
18:05:57 [----]     if self.shouldRollover(record):
18:05:57 [----]   File "/usr/lib/python3.8/logging/handlers.py", line 186, in shouldRollover
18:05:57 [----]     self.stream.seek(0, 2)  #due to non-posix-compliant Windows feature
18:05:57 [----] RuntimeError: reentrant call inside <_io.BufferedWriter name='/home/qtrobot/.ros/log/tts_helper_24179_1782316469087.log'>
18:05:57 [----] 
18:05:57 [----] During handling of the above exception, another exception occurred:
18:05:57 [----] 
18:05:57 [----] Traceback (most recent call last):
18:05:57 [----]   File "/usr/lib/python3.8/logging/handlers.py", line 69, in emit
18:05:57 [----]     if self.shouldRollover(record):
18:05:57 [----]   File "/usr/lib/python3.8/logging/handlers.py", line 186, in shouldRollover
18:05:57 [----]     self.stream.seek(0, 2)  #due to non-posix-compliant Windows feature
18:05:57 [----] RuntimeError: reentrant call inside <_io.BufferedWriter name='/home/qtrobot/.ros/log/tts_helper_24179_1782316469087.log'>
18:05:57 [----] 
18:05:57 [----] During handling of the above exception, another exception occurred:
18:05:57 [----] 
18:05:57 [----] Traceback (most recent call last):
18:05:57 [----]   File "/usr/lib/python3.8/logging/handlers.py", line 69, in emit
18:05:57 [----]     if self.shouldRollover(record):
18:05:57 [----]   File "/usr/lib/python3.8/logging/handlers.py", line 186, in shouldRollover
18:05:57 [----]     self.stream.seek(0, 2)  #due to non-posix-compliant Windows feature
18:05:57 [----] RuntimeError: reentrant call inside <_io.BufferedWriter name='/home/qtrobot/.ros/log/tts_helper_24179_1782316469087.log'>
18:05:57 [----] 
18:05:57 [----] During handling of the above exception, another exception occurred:
18:05:57 [----] 
18:05:57 [----] Traceback (most recent call last):
18:05:57 [----]   File "/usr/lib/python3.8/logging/handlers.py", line 71, in emit
18:05:57 [----]     logging.FileHandler.emit(self, record)
18:05:57 [----]   File "/usr/lib/python3.8/logging/__init__.py", line 1187, in emit
18:05:57 [----]     StreamHandler.emit(self, record)
18:05:57 [----]   File "/usr/lib/python3.8/logging/__init__.py", line 1089, in emit
18:05:57 [----]     self.flush()
18:05:57 [----]   File "/usr/lib/python3.8/logging/__init__.py", line 1069, in flush
18:05:57 [----]     self.stream.flush()
18:05:57 [----]   File "/home/qtrobot/tutorials-master/demos/version_1_llm/.venv/lib/python3.8/site-packages/engineio/base_client.py", line 21, in signal_handler
18:05:57 [----]     return original_signal_handler(sig, frame)
18:05:57 [----]   File "/home/qtrobot/tutorials-master/demos/version_1_llm/.venv/lib/python3.8/site-packages/socketio/base_client.py", line 24, in signal_handler
18:05:57 [----]     return original_signal_handler(sig, frame)
18:05:57 [----]   File "/opt/ros/noetic/lib/python3/dist-packages/rospy/core.py", line 606, in _ros_signal
18:05:57 [----]     signal_shutdown("signal-"+str(sig))
18:05:57 [----]   File "/opt/ros/noetic/lib/python3/dist-packages/rospy/core.py", line 560, in signal_shutdown
18:05:57 [----]     _logger.info("signal_shutdown [%s]"%reason)
18:05:57 [----]   File "/usr/lib/python3.8/logging/__init__.py", line 1446, in info
18:05:57 [----]     self._log(INFO, msg, args, **kwargs)
18:05:57 [----]   File "/usr/lib/python3.8/logging/__init__.py", line 1589, in _log
18:05:57 [----]     self.handle(record)
18:05:57 [----]   File "/usr/lib/python3.8/logging/__init__.py", line 1599, in handle
18:05:57 [----]     self.callHandlers(record)
18:05:57 [----]   File "/usr/lib/python3.8/logging/__init__.py", line 1661, in callHandlers
18:05:57 [----]     hdlr.handle(record)
18:05:57 [----]   File "/usr/lib/python3.8/logging/__init__.py", line 954, in handle
18:05:57 [----]     self.emit(record)
18:05:57 [----]   File "/usr/lib/python3.8/logging/handlers.py", line 73, in emit
18:05:57 [----]     self.handleError(record)
18:05:57 [----]   File "/usr/lib/python3.8/logging/__init__.py", line 1007, in handleError
18:05:57 [----]     traceback.print_exception(t, v, tb, None, sys.stderr)
18:05:57 [----]   File "/usr/lib/python3.8/traceback.py", line 103, in print_exception
18:05:57 [----]     for line in TracebackException(
18:05:57 [----]   File "/home/qtrobot/tutorials-master/demos/version_1_llm/.venv/lib/python3.8/site-packages/exceptiongroup/_formatting.py", line 96, in __init__
18:05:57 [----]     self.stack = traceback.StackSummary.extract(
18:05:57 [----]   File "/usr/lib/python3.8/traceback.py", line 366, in extract
18:05:57 [----]     f.line
18:05:57 [----]   File "/usr/lib/python3.8/traceback.py", line 288, in line
18:05:57 [----]     self._line = linecache.getline(self.filename, self.lineno).strip()
18:05:57 [----]   File "/usr/lib/python3.8/linecache.py", line 16, in getline
18:05:57 [----]     lines = getlines(filename, module_globals)
18:05:57 [----]   File "/usr/lib/python3.8/linecache.py", line 47, in getlines
18:05:57 [----]     return updatecache(filename, module_globals)
18:05:57 [----]   File "/usr/lib/python3.8/linecache.py", line 136, in updatecache
18:05:57 [----]     with tokenize.open(fullname) as fp:
18:05:57 [----]   File "/usr/lib/python3.8/tokenize.py", line 392, in open
18:05:57 [----]     buffer = _builtin_open(filename, 'rb')
18:05:57 [----]   File "/home/qtrobot/tutorials-master/demos/version_1_llm/.venv/lib/python3.8/site-packages/engineio/base_client.py", line 21, in signal_handler
18:05:57 [----]     return original_signal_handler(sig, frame)
18:05:57 [----]   File "/home/qtrobot/tutorials-master/demos/version_1_llm/.venv/lib/python3.8/site-packages/socketio/base_client.py", line 24, in signal_handler
18:05:57 [----]     return original_signal_handler(sig, frame)
18:05:57 [----]   File "/opt/ros/noetic/lib/python3/dist-packages/rospy/core.py", line 606, in _ros_signal
18:05:57 [----]     signal_shutdown("signal-"+str(sig))
18:05:57 [----]   File "/opt/ros/noetic/lib/python3/dist-packages/rospy/core.py", line 560, in signal_shutdown
18:05:57 [----]     _logger.info("signal_shutdown [%s]"%reason)
18:05:57 [----]   File "/usr/lib/python3.8/logging/__init__.py", line 1446, in info
18:05:57 [----]     self._log(INFO, msg, args, **kwargs)
18:05:57 [----]   File "/usr/lib/python3.8/logging/__init__.py", line 1589, in _log
18:05:57 [----]     self.handle(record)
18:05:57 [----]   File "/usr/lib/python3.8/logging/__init__.py", line 1599, in handle
18:05:57 [----]     self.callHandlers(record)
18:05:57 [----]   File "/usr/lib/python3.8/logging/__init__.py", line 1661, in callHandlers
18:05:57 [----]     hdlr.handle(record)
18:05:57 [----]   File "/usr/lib/python3.8/logging/__init__.py", line 954, in handle
18:05:57 [----]     self.emit(record)
18:05:57 [----]   File "/usr/lib/python3.8/logging/handlers.py", line 73, in emit
18:05:57 [----]     self.handleError(record)
18:05:57 [----]   File "/usr/lib/python3.8/logging/__init__.py", line 1007, in handleError
18:05:57 [----]     traceback.print_exception(t, v, tb, None, sys.stderr)
18:05:57 [----]   File "/usr/lib/python3.8/traceback.py", line 103, in print_exception
18:05:57 [----]     for line in TracebackException(
18:05:57 [----]   File "/home/qtrobot/tutorials-master/demos/version_1_llm/.venv/lib/python3.8/site-packages/exceptiongroup/_formatting.py", line 96, in __init__
18:05:57 [----]     self.stack = traceback.StackSummary.extract(
18:05:57 [----]   File "/usr/lib/python3.8/traceback.py", line 366, in extract
18:05:57 [----]     f.line
18:05:57 [----]   File "/usr/lib/python3.8/traceback.py", line 288, in line
18:05:57 [----]     self._line = linecache.getline(self.filename, self.lineno).strip()
18:05:57 [----]   File "/usr/lib/python3.8/linecache.py", line 16, in getline
18:05:57 [----]     lines = getlines(filename, module_globals)
18:05:57 [----]   File "/usr/lib/python3.8/linecache.py", line 47, in getlines
18:05:57 [----]     return updatecache(filename, module_globals)
18:05:57 [----]   File "/usr/lib/python3.8/linecache.py", line 136, in updatecache
18:05:57 [----]     with tokenize.open(fullname) as fp:
18:05:57 [----]   File "/usr/lib/python3.8/tokenize.py", line 392, in open
18:05:57 [----]     buffer = _builtin_open(filename, 'rb')
18:05:57 [----]   File "/home/qtrobot/tutorials-master/demos/version_1_llm/.venv/lib/python3.8/site-packages/engineio/base_client.py", line 21, in signal_handler
18:05:57 [----]     return original_signal_handler(sig, frame)
18:05:57 [----]   File "/home/qtrobot/tutorials-master/demos/version_1_llm/.venv/lib/python3.8/site-packages/socketio/base_client.py", line 24, in signal_handler
18:05:57 [----]     return original_signal_handler(sig, frame)
18:05:57 [----]   File "/opt/ros/noetic/lib/python3/dist-packages/rospy/core.py", line 606, in _ros_signal
18:05:57 [----]     signal_shutdown("signal-"+str(sig))
18:05:57 [----]   File "/opt/ros/noetic/lib/python3/dist-packages/rospy/core.py", line 560, in signal_shutdown
18:05:57 [----]     _logger.info("signal_shutdown [%s]"%reason)
18:05:57 [----]   File "/usr/lib/python3.8/logging/__init__.py", line 1446, in info
18:05:57 [----]     self._log(INFO, msg, args, **kwargs)
18:05:57 [----]   File "/usr/lib/python3.8/logging/__init__.py", line 1589, in _log
18:05:57 [----]     self.handle(record)
18:05:57 [----]   File "/usr/lib/python3.8/logging/__init__.py", line 1599, in handle
18:05:57 [----]     self.callHandlers(record)
18:05:57 [----]   File "/usr/lib/python3.8/logging/__init__.py", line 1661, in callHandlers
18:05:57 [----]     hdlr.handle(record)
18:05:57 [----]   File "/usr/lib/python3.8/logging/__init__.py", line 954, in handle
18:05:57 [----]     self.emit(record)
18:05:57 [----]   File "/usr/lib/python3.8/logging/handlers.py", line 73, in emit
18:05:57 [----]     self.handleError(record)
18:05:57 [----]   File "/usr/lib/python3.8/logging/__init__.py", line 1007, in handleError
18:05:57 [----]     traceback.print_exception(t, v, tb, None, sys.stderr)
18:05:57 [----]   File "/usr/lib/python3.8/traceback.py", line 103, in print_exception
18:05:57 [----]     for line in TracebackException(
18:05:57 [----]   File "/home/qtrobot/tutorials-master/demos/version_1_llm/.venv/lib/python3.8/site-packages/exceptiongroup/_formatting.py", line 96, in __init__
18:05:57 [----]     self.stack = traceback.StackSummary.extract(
18:05:57 [----]   File "/usr/lib/python3.8/traceback.py", line 366, in extract
18:05:57 [----]     f.line
18:05:57 [----]   File "/usr/lib/python3.8/traceback.py", line 288, in line
18:05:57 [----]     self._line = linecache.getline(self.filename, self.lineno).strip()
18:05:57 [----]   File "/usr/lib/python3.8/linecache.py", line 16, in getline
18:05:57 [----]     lines = getlines(filename, module_globals)
18:05:57 [----]   File "/usr/lib/python3.8/linecache.py", line 47, in getlines
18:05:57 [----]     return updatecache(filename, module_globals)
18:05:57 [----]   File "/usr/lib/python3.8/linecache.py", line 136, in updatecache
18:05:57 [----]     with tokenize.open(fullname) as fp:
18:05:57 [----]   File "/usr/lib/python3.8/tokenize.py", line 392, in open
18:05:57 [----]     buffer = _builtin_open(filename, 'rb')
18:05:57 [----]   File "/home/qtrobot/tutorials-master/demos/version_1_llm/.venv/lib/python3.8/site-packages/engineio/base_client.py", line 21, in signal_handler
18:05:57 [----]     return original_signal_handler(sig, frame)
18:05:57 [----]   File "/home/qtrobot/tutorials-master/demos/version_1_llm/.venv/lib/python3.8/site-packages/socketio/base_client.py", line 24, in signal_handler
18:05:57 [----]     return original_signal_handler(sig, frame)
18:05:57 [----]   File "/opt/ros/noetic/lib/python3/dist-packages/rospy/core.py", line 606, in _ros_signal
18:05:57 [----]     signal_shutdown("signal-"+str(sig))
18:05:57 [----]   File "/opt/ros/noetic/lib/python3/dist-packages/rospy/core.py", line 560, in signal_shutdown
18:05:57 [----]     _logger.info("signal_shutdown [%s]"%reason)
18:05:57 [----]   File "/usr/lib/python3.8/logging/__init__.py", line 1446, in info
18:05:57 [----]     self._log(INFO, msg, args, **kwargs)
18:05:57 [----]   File "/usr/lib/python3.8/logging/__init__.py", line 1589, in _log
18:05:57 [----]     self.handle(record)
18:05:57 [----]   File "/usr/lib/python3.8/logging/__init__.py", line 1599, in handle
18:05:57 [----]     self.callHandlers(record)
18:05:57 [----]   File "/usr/lib/python3.8/logging/__init__.py", line 1661, in callHandlers
18:05:57 [----]     hdlr.handle(record)
18:05:57 [----]   File "/usr/lib/python3.8/logging/__init__.py", line 954, in handle
18:05:57 [----]     self.emit(record)
18:05:57 [----]   File "/usr/lib/python3.8/logging/handlers.py", line 73, in emit
18:05:57 [----]     self.handleError(record)
18:05:57 [----]   File "/usr/lib/python3.8/logging/__init__.py", line 1007, in handleError
18:05:57 [----]     traceback.print_exception(t, v, tb, None, sys.stderr)
18:05:57 [----]   File "/usr/lib/python3.8/traceback.py", line 103, in print_exception
18:05:57 [----]     for line in TracebackException(
18:05:57 [----]   File "/home/qtrobot/tutorials-master/demos/version_1_llm/.venv/lib/python3.8/site-packages/exceptiongroup/_formatting.py", line 96, in __init__
18:05:57 [----]     self.stack = traceback.StackSummary.extract(
18:05:57 [----]   File "/usr/lib/python3.8/traceback.py", line 366, in extract
18:05:57 [----]     f.line
18:05:57 [----]   File "/usr/lib/python3.8/traceback.py", line 288, in line
18:05:57 [----]     self._line = linecache.getline(self.filename, self.lineno).strip()
18:05:57 [----]   File "/usr/lib/python3.8/linecache.py", line 16, in getline
18:05:57 [----]     lines = getlines(filename, module_globals)
18:05:57 [----]   File "/usr/lib/python3.8/linecache.py", line 47, in getlines
18:05:57 [----]     return updatecache(filename, module_globals)
18:05:57 [----]   File "/usr/lib/python3.8/linecache.py", line 136, in updatecache
18:05:57 [----]     with tokenize.open(fullname) as fp:
18:05:57 [----]   File "/usr/lib/python3.8/tokenize.py", line 394, in open
18:05:57 [----]     encoding, lines = detect_encoding(buffer.readline)
18:05:57 [----]   File "/usr/lib/python3.8/tokenize.py", line 363, in detect_encoding
18:05:57 [----]     first = read_or_stop()
18:05:57 [----]   File "/usr/lib/python3.8/tokenize.py", line 321, in read_or_stop
18:05:57 [----]     return readline()
18:05:57 [----]   File "/home/qtrobot/tutorials-master/demos/version_1_llm/.venv/lib/python3.8/site-packages/engineio/base_client.py", line 21, in signal_handler
18:05:57 [----]     return original_signal_handler(sig, frame)
18:05:57 [----]   File "/home/qtrobot/tutorials-master/demos/version_1_llm/.venv/lib/python3.8/site-packages/socketio/base_client.py", line 24, in signal_handler
18:05:57 [----]     return original_signal_handler(sig, frame)
18:05:57 [----]   File "/opt/ros/noetic/lib/python3/dist-packages/rospy/core.py", line 606, in _ros_signal
18:05:57 [----]     signal_shutdown("signal-"+str(sig))
18:05:57 [----]   File "/opt/ros/noetic/lib/python3/dist-packages/rospy/core.py", line 560, in signal_shutdown
18:05:57 [----]     _logger.info("signal_shutdown [%s]"%reason)
18:05:57 [----]   File "/usr/lib/python3.8/logging/__init__.py", line 1446, in info
18:05:57 [----]     self._log(INFO, msg, args, **kwargs)
18:05:57 [----]   File "/usr/lib/python3.8/logging/__init__.py", line 1589, in _log
18:05:57 [----]     self.handle(record)
18:05:57 [----]   File "/usr/lib/python3.8/logging/__init__.py", line 1599, in handle
18:05:57 [----]     self.callHandlers(record)
18:05:57 [----]   File "/usr/lib/python3.8/logging/__init__.py", line 1661, in callHandlers
18:05:57 [----]     hdlr.handle(record)
18:05:57 [----]   File "/usr/lib/python3.8/logging/__init__.py", line 954, in handle
18:05:57 [----]     self.emit(record)
18:05:57 [----]   File "/usr/lib/python3.8/logging/handlers.py", line 73, in emit
18:05:57 [----]     self.handleError(record)
18:05:57 [----]   File "/usr/lib/python3.8/logging/__init__.py", line 1007, in handleError
18:05:57 [----]     traceback.print_exception(t, v, tb, None, sys.stderr)
18:05:57 [----]   File "/usr/lib/python3.8/traceback.py", line 103, in print_exception
18:05:57 [----]     for line in TracebackException(
18:05:57 [----]   File "/home/qtrobot/tutorials-master/demos/version_1_llm/.venv/lib/python3.8/site-packages/exceptiongroup/_formatting.py", line 96, in __init__
18:05:57 [----]     self.stack = traceback.StackSummary.extract(
18:05:57 [----]   File "/usr/lib/python3.8/traceback.py", line 366, in extract
18:05:57 [----]     f.line
18:05:57 [----]   File "/usr/lib/python3.8/traceback.py", line 288, in line
18:05:57 [----]     self._line = linecache.getline(self.filename, self.lineno).strip()
18:05:57 [----]   File "/usr/lib/python3.8/linecache.py", line 16, in getline
18:05:57 [----]     lines = getlines(filename, module_globals)
18:05:57 [----]   File "/usr/lib/python3.8/linecache.py", line 47, in getlines
18:05:57 [----]     return updatecache(filename, module_globals)
18:05:57 [----]   File "/usr/lib/python3.8/linecache.py", line 136, in updatecache
18:05:57 [----]     with tokenize.open(fullname) as fp:
18:05:57 [----]   File "/usr/lib/python3.8/tokenize.py", line 392, in open
18:05:57 [----]     buffer = _builtin_open(filename, 'rb')
18:05:57 [----]   File "/home/qtrobot/tutorials-master/demos/version_1_llm/.venv/lib/python3.8/site-packages/engineio/base_client.py", line 21, in signal_handler
18:05:57 [----]     return original_signal_handler(sig, frame)
18:05:57 [----]   File "/home/qtrobot/tutorials-master/demos/version_1_llm/.venv/lib/python3.8/site-packages/socketio/base_client.py", line 24, in signal_handler
18:05:57 [----]     return original_signal_handler(sig, frame)
18:05:57 [----]   File "/opt/ros/noetic/lib/python3/dist-packages/rospy/core.py", line 606, in _ros_signal
18:05:57 [----]     signal_shutdown("signal-"+str(sig))
18:05:57 [----]   File "/opt/ros/noetic/lib/python3/dist-packages/rospy/core.py", line 560, in signal_shutdown
18:05:57 [----]     _logger.info("signal_shutdown [%s]"%reason)
18:05:57 [----]   File "/usr/lib/python3.8/logging/__init__.py", line 1446, in info
18:05:57 [----]     self._log(INFO, msg, args, **kwargs)
18:05:57 [----]   File "/usr/lib/python3.8/logging/__init__.py", line 1589, in _log
18:05:57 [----]     self.handle(record)
18:05:57 [----]   File "/usr/lib/python3.8/logging/__init__.py", line 1599, in handle
18:05:57 [----]     self.callHandlers(record)
18:05:57 [----]   File "/usr/lib/python3.8/logging/__init__.py", line 1661, in callHandlers
18:05:57 [----]     hdlr.handle(record)
18:05:57 [----]   File "/usr/lib/python3.8/logging/__init__.py", line 954, in handle
18:05:57 [----]     self.emit(record)
18:05:57 [----]   File "/usr/lib/python3.8/logging/handlers.py", line 73, in emit
18:05:57 [----]     self.handleError(record)
18:05:57 [----]   File "/usr/lib/python3.8/logging/__init__.py", line 1007, in handleError
18:05:57 [----]     traceback.print_exception(t, v, tb, None, sys.stderr)
18:05:57 [----]   File "/usr/lib/python3.8/traceback.py", line 103, in print_exception
18:05:57 [----]     for line in TracebackException(
18:05:57 [----]   File "/home/qtrobot/tutorials-master/demos/version_1_llm/.venv/lib/python3.8/site-packages/exceptiongroup/_formatting.py", line 96, in __init__
18:05:57 [----]     self.stack = traceback.StackSummary.extract(
18:05:57 [----]   File "/usr/lib/python3.8/traceback.py", line 366, in extract
18:05:57 [----]     f.line
18:05:57 [----]   File "/usr/lib/python3.8/traceback.py", line 288, in line
18:05:57 [----]     self._line = linecache.getline(self.filename, self.lineno).strip()
18:05:57 [----]   File "/usr/lib/python3.8/linecache.py", line 16, in getline
18:05:57 [----]     lines = getlines(filename, module_globals)
18:05:57 [----]   File "/usr/lib/python3.8/linecache.py", line 47, in getlines
18:05:57 [----]     return updatecache(filename, module_globals)
18:05:57 [----]   File "/usr/lib/python3.8/linecache.py", line 136, in updatecache
18:05:57 [----]     with tokenize.open(fullname) as fp:
18:05:57 [----]   File "/usr/lib/python3.8/tokenize.py", line 392, in open
18:05:57 [----]     buffer = _builtin_open(filename, 'rb')
18:05:57 [----]   File "/home/qtrobot/tutorials-master/demos/version_1_llm/.venv/lib/python3.8/site-packages/engineio/base_client.py", line 21, in signal_handler
18:05:57 [----]     return original_signal_handler(sig, frame)
18:05:57 [----]   File "/home/qtrobot/tutorials-master/demos/version_1_llm/.venv/lib/python3.8/site-packages/socketio/base_client.py", line 24, in signal_handler
18:05:57 [----]     return original_signal_handler(sig, frame)
18:05:57 [----]   File "/opt/ros/noetic/lib/python3/dist-packages/rospy/core.py", line 606, in _ros_signal
18:05:57 [----]     signal_shutdown("signal-"+str(sig))
18:05:57 [----]   File "/opt/ros/noetic/lib/python3/dist-packages/rospy/core.py", line 560, in signal_shutdown
18:05:57 [----]     _logger.info("signal_shutdown [%s]"%reason)
18:05:57 [----]   File "/usr/lib/python3.8/logging/__init__.py", line 1446, in info
18:05:57 [----]     self._log(INFO, msg, args, **kwargs)
18:05:57 [----]   File "/usr/lib/python3.8/logging/__init__.py", line 1589, in _log
18:05:57 [----]     self.handle(record)
18:05:57 [----]   File "/usr/lib/python3.8/logging/__init__.py", line 1599, in handle
18:05:57 [----]     self.callHandlers(record)
18:05:57 [----]   File "/usr/lib/python3.8/logging/__init__.py", line 1661, in callHandlers
18:05:57 [----]     hdlr.handle(record)
18:05:57 [----]   File "/usr/lib/python3.8/logging/__init__.py", line 954, in handle
18:05:57 [----]     self.emit(record)
18:05:57 [----]   File "/usr/lib/python3.8/logging/handlers.py", line 73, in emit
18:05:57 [----]     self.handleError(record)
18:05:57 [----]   File "/usr/lib/python3.8/logging/__init__.py", line 1007, in handleError
18:05:57 [----]     traceback.print_exception(t, v, tb, None, sys.stderr)
18:05:57 [----]   File "/usr/lib/python3.8/traceback.py", line 103, in print_exception
18:05:57 [----]     for line in TracebackException(
18:05:57 [----]   File "/home/qtrobot/tutorials-master/demos/version_1_llm/.venv/lib/python3.8/site-packages/exceptiongroup/_formatting.py", line 96, in __init__
18:05:57 [----]     self.stack = traceback.StackSummary.extract(
18:05:57 [----]   File "/usr/lib/python3.8/traceback.py", line 366, in extract
18:05:57 [----]     f.line
18:05:57 [----]   File "/usr/lib/python3.8/traceback.py", line 288, in line
18:05:57 [----]     self._line = linecache.getline(self.filename, self.lineno).strip()
18:05:57 [----]   File "/usr/lib/python3.8/linecache.py", line 16, in getline
18:05:57 [----]     lines = getlines(filename, module_globals)
18:05:57 [----]   File "/usr/lib/python3.8/linecache.py", line 47, in getlines
18:05:57 [----]     return updatecache(filename, module_globals)
18:05:57 [----]   File "/usr/lib/python3.8/linecache.py", line 136, in updatecache
18:05:57 [----]     with tokenize.open(fullname) as fp:
18:05:57 [----]   File "/usr/lib/python3.8/tokenize.py", line 392, in open
18:05:57 [----]     buffer = _builtin_open(filename, 'rb')
18:05:57 [----]   File "/home/qtrobot/tutorials-master/demos/version_1_llm/.venv/lib/python3.8/site-packages/engineio/base_client.py", line 21, in signal_handler
18:05:57 [----]     return original_signal_handler(sig, frame)
18:05:57 [----]   File "/home/qtrobot/tutorials-master/demos/version_1_llm/.venv/lib/python3.8/site-packages/socketio/base_client.py", line 24, in signal_handler
18:05:57 [----]     return original_signal_handler(sig, frame)
18:05:57 [----]   File "/opt/ros/noetic/lib/python3/dist-packages/rospy/core.py", line 606, in _ros_signal
18:05:57 [----]     signal_shutdown("signal-"+str(sig))
18:05:57 [----]   File "/opt/ros/noetic/lib/python3/dist-packages/rospy/core.py", line 560, in signal_shutdown
18:05:57 [----]     _logger.info("signal_shutdown [%s]"%reason)
18:05:57 [----]   File "/usr/lib/python3.8/logging/__init__.py", line 1446, in info
18:05:57 [----]     self._log(INFO, msg, args, **kwargs)
18:05:57 [----]   File "/usr/lib/python3.8/logging/__init__.py", line 1589, in _log
18:05:57 [----]     self.handle(record)
18:05:57 [----]   File "/usr/lib/python3.8/logging/__init__.py", line 1599, in handle
18:05:57 [----]     self.callHandlers(record)
18:05:57 [----]   File "/usr/lib/python3.8/logging/__init__.py", line 1661, in callHandlers
18:05:57 [----]     hdlr.handle(record)
18:05:57 [----]   File "/usr/lib/python3.8/logging/__init__.py", line 954, in handle
18:05:57 [----]     self.emit(record)
18:05:57 [----]   File "/usr/lib/python3.8/logging/handlers.py", line 73, in emit
18:05:57 [----]     self.handleError(record)
18:05:57 [----]   File "/usr/lib/python3.8/logging/__init__.py", line 1007, in handleError
18:05:57 [----]     traceback.print_exception(t, v, tb, None, sys.stderr)
18:05:57 [----]   File "/usr/lib/python3.8/traceback.py", line 103, in print_exception
18:05:57 [----]     for line in TracebackException(
18:05:57 [----]   File "/home/qtrobot/tutorials-master/demos/version_1_llm/.venv/lib/python3.8/site-packages/exceptiongroup/_formatting.py", line 96, in __init__
18:05:57 [----]     self.stack = traceback.StackSummary.extract(
18:05:57 [----]   File "/usr/lib/python3.8/traceback.py", line 366, in extract
18:05:57 [----]     f.line
18:05:57 [----]   File "/usr/lib/python3.8/traceback.py", line 288, in line
18:05:57 [----]     self._line = linecache.getline(self.filename, self.lineno).strip()
18:05:57 [----]   File "/usr/lib/python3.8/linecache.py", line 16, in getline
18:05:57 [----]     lines = getlines(filename, module_globals)
18:05:57 [----]   File "/usr/lib/python3.8/linecache.py", line 47, in getlines
18:05:57 [----]     return updatecache(filename, module_globals)
18:05:57 [----]   File "/usr/lib/python3.8/linecache.py", line 136, in updatecache
18:05:57 [----]     with tokenize.open(fullname) as fp:
18:05:57 [----]   File "/usr/lib/python3.8/tokenize.py", line 392, in open
18:05:57 [----]     buffer = _builtin_open(filename, 'rb')
18:05:57 [----]   File "/home/qtrobot/tutorials-master/demos/version_1_llm/.venv/lib/python3.8/site-packages/engineio/base_client.py", line 21, in signal_handler
18:05:57 [----]     return original_signal_handler(sig, frame)
18:05:57 [----]   File "/home/qtrobot/tutorials-master/demos/version_1_llm/.venv/lib/python3.8/site-packages/socketio/base_client.py", line 24, in signal_handler
18:05:57 [----]     return original_signal_handler(sig, frame)
18:05:57 [----]   File "/opt/ros/noetic/lib/python3/dist-packages/rospy/core.py", line 606, in _ros_signal
18:05:57 [----]     signal_shutdown("signal-"+str(sig))
18:05:57 [----]   File "/opt/ros/noetic/lib/python3/dist-packages/rospy/core.py", line 560, in signal_shutdown
18:05:57 [----]     _logger.info("signal_shutdown [%s]"%reason)
18:05:57 [----]   File "/usr/lib/python3.8/logging/__init__.py", line 1446, in info
18:05:57 [----]     self._log(INFO, msg, args, **kwargs)
18:05:57 [----]   File "/usr/lib/python3.8/logging/__init__.py", line 1589, in _log
18:05:57 [----]     self.handle(record)
18:05:57 [----]   File "/usr/lib/python3.8/logging/__init__.py", line 1599, in handle
18:05:57 [----]     self.callHandlers(record)
18:05:57 [----]   File "/usr/lib/python3.8/logging/__init__.py", line 1661, in callHandlers
18:05:57 [----]     hdlr.handle(record)
18:05:57 [----]   File "/usr/lib/python3.8/logging/__init__.py", line 954, in handle
18:05:57 [----]     self.emit(record)
18:05:57 [----]   File "/usr/lib/python3.8/logging/handlers.py", line 73, in emit
18:05:57 [----]     self.handleError(record)
18:05:57 [----]   File "/usr/lib/python3.8/logging/__init__.py", line 1007, in handleError
18:05:57 [----]     traceback.print_exception(t, v, tb, None, sys.stderr)
18:05:57 [----]   File "/usr/lib/python3.8/traceback.py", line 103, in print_exception
18:05:57 [----]     for line in TracebackException(
18:05:57 [----]   File "/home/qtrobot/tutorials-master/demos/version_1_llm/.venv/lib/python3.8/site-packages/exceptiongroup/_formatting.py", line 96, in __init__
18:05:57 [----]     self.stack = traceback.StackSummary.extract(
18:05:57 [----]   File "/usr/lib/python3.8/traceback.py", line 366, in extract
18:05:57 [----]     f.line
18:05:57 [----]   File "/usr/lib/python3.8/traceback.py", line 288, in line
18:05:57 [----]     self._line = linecache.getline(self.filename, self.lineno).strip()
18:05:57 [----]   File "/usr/lib/python3.8/linecache.py", line 16, in getline
18:05:57 [----]     lines = getlines(filename, module_globals)
18:05:57 [----]   File "/usr/lib/python3.8/linecache.py", line 47, in getlines
18:05:57 [----]     return updatecache(filename, module_globals)
18:05:57 [----]   File "/usr/lib/python3.8/linecache.py", line 95, in updatecache
18:05:57 [----]     stat = os.stat(fullname)
18:05:57 [----]   File "/home/qtrobot/tutorials-master/demos/version_1_llm/.venv/lib/python3.8/site-packages/engineio/base_client.py", line 21, in signal_handler
18:05:57 [----]     return original_signal_handler(sig, frame)
18:05:57 [----]   File "/home/qtrobot/tutorials-master/demos/version_1_llm/.venv/lib/python3.8/site-packages/socketio/base_client.py", line 24, in signal_handler
18:05:57 [----]     return original_signal_handler(sig, frame)
18:05:57 [----]   File "/opt/ros/noetic/lib/python3/dist-packages/rospy/core.py", line 606, in _ros_signal
18:05:57 [----]     signal_shutdown("signal-"+str(sig))
18:05:57 [----]   File "/opt/ros/noetic/lib/python3/dist-packages/rospy/core.py", line 560, in signal_shutdown
18:05:57 [----]     _logger.info("signal_shutdown [%s]"%reason)
18:05:57 [----]   File "/usr/lib/python3.8/logging/__init__.py", line 1446, in info
18:05:57 [----]     self._log(INFO, msg, args, **kwargs)
18:05:57 [----]   File "/usr/lib/python3.8/logging/__init__.py", line 1589, in _log
18:05:57 [----]     self.handle(record)
18:05:57 [----]   File "/usr/lib/python3.8/logging/__init__.py", line 1599, in handle
18:05:57 [----]     self.callHandlers(record)
18:05:57 [----]   File "/usr/lib/python3.8/logging/__init__.py", line 1661, in callHandlers
18:05:57 [----]     hdlr.handle(record)
18:05:57 [----]   File "/usr/lib/python3.8/logging/__init__.py", line 954, in handle
18:05:57 [----]     self.emit(record)
18:05:57 [----]   File "/usr/lib/python3.8/logging/handlers.py", line 73, in emit
18:05:57 [----]     self.handleError(record)
18:05:57 [----]   File "/usr/lib/python3.8/logging/__init__.py", line 1007, in handleError
18:05:57 [----]     traceback.print_exception(t, v, tb, None, sys.stderr)
18:05:57 [----]   File "/usr/lib/python3.8/traceback.py", line 103, in print_exception
18:05:57 [----]     for line in TracebackException(
18:05:57 [----]   File "/home/qtrobot/tutorials-master/demos/version_1_llm/.venv/lib/python3.8/site-packages/exceptiongroup/_formatting.py", line 96, in __init__
18:05:57 [----]     self.stack = traceback.StackSummary.extract(
18:05:57 [----]   File "/usr/lib/python3.8/traceback.py", line 366, in extract
18:05:57 [----]     f.line
18:05:57 [----]   File "/usr/lib/python3.8/traceback.py", line 288, in line
18:05:57 [----]     self._line = linecache.getline(self.filename, self.lineno).strip()
18:05:57 [----]   File "/usr/lib/python3.8/linecache.py", line 16, in getline
18:05:57 [----]     lines = getlines(filename, module_globals)
18:05:57 [----]   File "/usr/lib/python3.8/linecache.py", line 47, in getlines
18:05:57 [----]     return updatecache(filename, module_globals)
18:05:57 [----]   File "/usr/lib/python3.8/linecache.py", line 136, in updatecache
18:05:57 [----]     with tokenize.open(fullname) as fp:
18:05:57 [----]   File "/usr/lib/python3.8/tokenize.py", line 392, in open
18:05:57 [----]     buffer = _builtin_open(filename, 'rb')
18:05:57 [----]   File "/home/qtrobot/tutorials-master/demos/version_1_llm/.venv/lib/python3.8/site-packages/engineio/base_client.py", line 21, in signal_handler
18:05:57 [----]     return original_signal_handler(sig, frame)
18:05:58 [----]   File "/home/qtrobot/tutorials-master/demos/version_1_llm/.venv/lib/python3.8/site-packages/socketio/base_client.py", line 24, in signal_handler
18:05:58 [----]     return original_signal_handler(sig, frame)
18:05:58 [----]   File "/opt/ros/noetic/lib/python3/dist-packages/rospy/core.py", line 606, in _ros_signal
18:05:58 [----]     signal_shutdown("signal-"+str(sig))
18:05:58 [----]   File "/opt/ros/noetic/lib/python3/dist-packages/rospy/core.py", line 560, in signal_shutdown
18:05:58 [----]     _logger.info("signal_shutdown [%s]"%reason)
18:05:58 [----]   File "/usr/lib/python3.8/logging/__init__.py", line 1446, in info
18:05:58 [----]     self._log(INFO, msg, args, **kwargs)
18:05:58 [----]   File "/usr/lib/python3.8/logging/__init__.py", line 1589, in _log
18:05:58 [----]     self.handle(record)
18:05:58 [----]   File "/usr/lib/python3.8/logging/__init__.py", line 1599, in handle
18:05:58 [----]     self.callHandlers(record)
18:05:58 [----]   File "/usr/lib/python3.8/logging/__init__.py", line 1661, in callHandlers
18:05:58 [----]     hdlr.handle(record)
18:05:58 [----]   File "/usr/lib/python3.8/logging/__init__.py", line 954, in handle
18:05:58 [----]     self.emit(record)
18:05:58 [----]   File "/usr/lib/python3.8/logging/handlers.py", line 73, in emit
18:05:58 [----]     self.handleError(record)
18:05:58 [----]   File "/usr/lib/python3.8/logging/__init__.py", line 1007, in handleError
18:05:58 [----]     traceback.print_exception(t, v, tb, None, sys.stderr)
18:05:58 [----]   File "/usr/lib/python3.8/traceback.py", line 103, in print_exception
18:05:58 [----]     for line in TracebackException(
18:05:58 [----]   File "/home/qtrobot/tutorials-master/demos/version_1_llm/.venv/lib/python3.8/site-packages/exceptiongroup/_formatting.py", line 96, in __init__
18:05:58 [----]     self.stack = traceback.StackSummary.extract(
18:05:58 [----]   File "/usr/lib/python3.8/traceback.py", line 366, in extract
18:05:58 [----]     f.line
18:05:58 [----]   File "/usr/lib/python3.8/traceback.py", line 288, in line
18:05:58 [----]     self._line = linecache.getline(self.filename, self.lineno).strip()
18:05:58 [----]   File "/usr/lib/python3.8/linecache.py", line 16, in getline
18:05:58 [----]     lines = getlines(filename, module_globals)
18:05:58 [----]   File "/usr/lib/python3.8/linecache.py", line 47, in getlines
18:05:58 [----]     return updatecache(filename, module_globals)
18:05:58 [----]   File "/usr/lib/python3.8/linecache.py", line 136, in updatecache
18:05:58 [----]     with tokenize.open(fullname) as fp:
18:05:58 [----]   File "/usr/lib/python3.8/tokenize.py", line 392, in open
18:05:58 [----]     buffer = _builtin_open(filename, 'rb')
18:05:58 [----]   File "/home/qtrobot/tutorials-master/demos/version_1_llm/.venv/lib/python3.8/site-packages/engineio/base_client.py", line 21, in signal_handler
18:05:58 [----]     return original_signal_handler(sig, frame)
18:05:58 [----]   File "/home/qtrobot/tutorials-master/demos/version_1_llm/.venv/lib/python3.8/site-packages/socketio/base_client.py", line 24, in signal_handler
18:05:58 [----]     return original_signal_handler(sig, frame)
18:05:58 [----]   File "/opt/ros/noetic/lib/python3/dist-packages/rospy/core.py", line 606, in _ros_signal
18:05:58 [----]     signal_shutdown("signal-"+str(sig))
18:05:58 [----]   File "/opt/ros/noetic/lib/python3/dist-packages/rospy/core.py", line 560, in signal_shutdown
18:05:58 [----]     _logger.info("signal_shutdown [%s]"%reason)
18:05:58 [----]   File "/usr/lib/python3.8/logging/__init__.py", line 1446, in info
18:05:58 [----]     self._log(INFO, msg, args, **kwargs)
18:05:58 [----]   File "/usr/lib/python3.8/logging/__init__.py", line 1589, in _log
18:05:58 [----]     self.handle(record)
18:05:58 [----]   File "/usr/lib/python3.8/logging/__init__.py", line 1599, in handle
18:05:58 [----]     self.callHandlers(record)
18:05:58 [----]   File "/usr/lib/python3.8/logging/__init__.py", line 1661, in callHandlers
18:05:58 [----]     hdlr.handle(record)
18:05:58 [----]   File "/usr/lib/python3.8/logging/__init__.py", line 954, in handle
18:05:58 [----]     self.emit(record)
18:05:58 [----]   File "/usr/lib/python3.8/logging/handlers.py", line 73, in emit
18:05:58 [----]     self.handleError(record)
18:05:58 [----]   File "/usr/lib/python3.8/logging/__init__.py", line 1007, in handleError
18:05:58 [----]     traceback.print_exception(t, v, tb, None, sys.stderr)
18:05:58 [----]   File "/usr/lib/python3.8/traceback.py", line 103, in print_exception
18:05:58 [----]     for line in TracebackException(
18:05:58 [----]   File "/home/qtrobot/tutorials-master/demos/version_1_llm/.venv/lib/python3.8/site-packages/exceptiongroup/_formatting.py", line 96, in __init__
18:05:58 [----]     self.stack = traceback.StackSummary.extract(
18:05:58 [----]   File "/usr/lib/python3.8/traceback.py", line 366, in extract
18:05:58 [----]     f.line
18:05:58 [----]   File "/usr/lib/python3.8/traceback.py", line 288, in line
18:05:58 [----]     self._line = linecache.getline(self.filename, self.lineno).strip()
18:05:58 [----]   File "/usr/lib/python3.8/linecache.py", line 16, in getline
18:05:58 [----]     lines = getlines(filename, module_globals)
18:05:58 [----]   File "/usr/lib/python3.8/linecache.py", line 47, in getlines
18:05:58 [----]     return updatecache(filename, module_globals)
18:05:58 [----]   File "/usr/lib/python3.8/linecache.py", line 136, in updatecache
18:05:58 [----]     with tokenize.open(fullname) as fp:
18:05:58 [----]   File "/usr/lib/python3.8/tokenize.py", line 392, in open
18:05:58 [----]     buffer = _builtin_open(filename, 'rb')
18:05:58 [----]   File "/home/qtrobot/tutorials-master/demos/version_1_llm/.venv/lib/python3.8/site-packages/engineio/base_client.py", line 21, in signal_handler
18:05:58 [----]     return original_signal_handler(sig, frame)
18:05:58 [----]   File "/home/qtrobot/tutorials-master/demos/version_1_llm/.venv/lib/python3.8/site-packages/socketio/base_client.py", line 24, in signal_handler
18:05:58 [----]     return original_signal_handler(sig, frame)
18:05:58 [----]   File "/opt/ros/noetic/lib/python3/dist-packages/rospy/core.py", line 606, in _ros_signal
18:05:58 [----]     signal_shutdown("signal-"+str(sig))
18:05:58 [----]   File "/opt/ros/noetic/lib/python3/dist-packages/rospy/core.py", line 560, in signal_shutdown
18:05:58 [----]     _logger.info("signal_shutdown [%s]"%reason)
18:05:58 [----]   File "/usr/lib/python3.8/logging/__init__.py", line 1446, in info
18:05:58 [----]     self._log(INFO, msg, args, **kwargs)
18:05:58 [----]   File "/usr/lib/python3.8/logging/__init__.py", line 1589, in _log
18:05:58 [----]     self.handle(record)
18:05:58 [----]   File "/usr/lib/python3.8/logging/__init__.py", line 1599, in handle
18:05:58 [----]     self.callHandlers(record)
18:05:58 [----]   File "/usr/lib/python3.8/logging/__init__.py", line 1661, in callHandlers
18:05:58 [----]     hdlr.handle(record)
18:05:58 [----]   File "/usr/lib/python3.8/logging/__init__.py", line 954, in handle
18:05:58 [----]     self.emit(record)
18:05:58 [----]   File "/usr/lib/python3.8/logging/handlers.py", line 73, in emit
18:05:58 [----]     self.handleError(record)
18:05:58 [----]   File "/usr/lib/python3.8/logging/__init__.py", line 1007, in handleError
18:05:58 [----]     traceback.print_exception(t, v, tb, None, sys.stderr)
18:05:58 [----]   File "/usr/lib/python3.8/traceback.py", line 103, in print_exception
18:05:58 [----]     for line in TracebackException(
18:05:58 [----]   File "/home/qtrobot/tutorials-master/demos/version_1_llm/.venv/lib/python3.8/site-packages/exceptiongroup/_formatting.py", line 96, in __init__
18:05:58 [----]     self.stack = traceback.StackSummary.extract(
18:05:58 [----]   File "/usr/lib/python3.8/traceback.py", line 366, in extract
18:05:58 [----]     f.line
18:05:58 [----]   File "/usr/lib/python3.8/traceback.py", line 288, in line
18:05:58 [----]     self._line = linecache.getline(self.filename, self.lineno).strip()
18:05:58 [----]   File "/usr/lib/python3.8/linecache.py", line 16, in getline
18:05:58 [----]     lines = getlines(filename, module_globals)
18:05:58 [----]   File "/usr/lib/python3.8/linecache.py", line 47, in getlines
18:05:58 [----]     return updatecache(filename, module_globals)
18:05:58 [----]   File "/usr/lib/python3.8/linecache.py", line 136, in updatecache
18:05:58 [----]     with tokenize.open(fullname) as fp:
18:05:58 [----]   File "/usr/lib/python3.8/tokenize.py", line 392, in open
18:05:58 [----]     buffer = _builtin_open(filename, 'rb')
18:05:58 [----]   File "/home/qtrobot/tutorials-master/demos/version_1_llm/.venv/lib/python3.8/site-packages/engineio/base_client.py", line 21, in signal_handler
18:05:58 [----]     return original_signal_handler(sig, frame)
18:05:58 [----]   File "/home/qtrobot/tutorials-master/demos/version_1_llm/.venv/lib/python3.8/site-packages/socketio/base_client.py", line 24, in signal_handler
18:05:58 [----]     return original_signal_handler(sig, frame)
18:05:58 [----]   File "/opt/ros/noetic/lib/python3/dist-packages/rospy/core.py", line 606, in _ros_signal
18:05:58 [----]     signal_shutdown("signal-"+str(sig))
18:05:58 [----]   File "/opt/ros/noetic/lib/python3/dist-packages/rospy/core.py", line 560, in signal_shutdown
18:05:58 [----]     _logger.info("signal_shutdown [%s]"%reason)
18:05:58 [----]   File "/usr/lib/python3.8/logging/__init__.py", line 1446, in info
18:05:58 [----]     self._log(INFO, msg, args, **kwargs)
18:05:58 [----]   File "/usr/lib/python3.8/logging/__init__.py", line 1589, in _log
18:05:58 [----]     self.handle(record)
18:05:58 [----]   File "/usr/lib/python3.8/logging/__init__.py", line 1599, in handle
18:05:58 [----]     self.callHandlers(record)
18:05:58 [----]   File "/usr/lib/python3.8/logging/__init__.py", line 1661, in callHandlers
18:05:58 [----]     hdlr.handle(record)
18:05:58 [----]   File "/usr/lib/python3.8/logging/__init__.py", line 954, in handle
18:05:58 [----]     self.emit(record)
18:05:58 [----]   File "/usr/lib/python3.8/logging/handlers.py", line 73, in emit
18:05:58 [----]     self.handleError(record)
18:05:58 [----]   File "/usr/lib/python3.8/logging/__init__.py", line 1007, in handleError
18:05:58 [----]     traceback.print_exception(t, v, tb, None, sys.stderr)
18:05:58 [----]   File "/usr/lib/python3.8/traceback.py", line 103, in print_exception
18:05:58 [----]     for line in TracebackException(
18:05:58 [----]   File "/home/qtrobot/tutorials-master/demos/version_1_llm/.venv/lib/python3.8/site-packages/exceptiongroup/_formatting.py", line 96, in __init__
18:05:58 [----]     self.stack = traceback.StackSummary.extract(
18:05:58 [----]   File "/usr/lib/python3.8/traceback.py", line 366, in extract
18:05:58 [----]     f.line
18:05:58 [----]   File "/usr/lib/python3.8/traceback.py", line 288, in line
18:05:58 [----]     self._line = linecache.getline(self.filename, self.lineno).strip()
18:05:58 [----]   File "/usr/lib/python3.8/linecache.py", line 16, in getline
18:05:58 [----]     lines = getlines(filename, module_globals)
18:05:58 [----]   File "/usr/lib/python3.8/linecache.py", line 47, in getlines
18:05:58 [----]     return updatecache(filename, module_globals)
18:05:58 [----]   File "/usr/lib/python3.8/linecache.py", line 137, in updatecache
18:05:58 [----]     lines = fp.readlines()
18:05:58 [----]   File "/usr/lib/python3.8/codecs.py", line 319, in decode
18:05:58 [----]     def decode(self, input, final=False):
18:05:58 [----]   File "/home/qtrobot/tutorials-master/demos/version_1_llm/.venv/lib/python3.8/site-packages/engineio/base_client.py", line 21, in signal_handler
18:05:58 [----]     return original_signal_handler(sig, frame)
18:05:58 [----]   File "/home/qtrobot/tutorials-master/demos/version_1_llm/.venv/lib/python3.8/site-packages/socketio/base_client.py", line 24, in signal_handler
18:05:58 [----]     return original_signal_handler(sig, frame)
18:05:58 [----]   File "/opt/ros/noetic/lib/python3/dist-packages/rospy/core.py", line 606, in _ros_signal
18:05:58 [----]     signal_shutdown("signal-"+str(sig))
18:05:58 [----]   File "/opt/ros/noetic/lib/python3/dist-packages/rospy/core.py", line 560, in signal_shutdown
18:05:58 [----]     _logger.info("signal_shutdown [%s]"%reason)
18:05:58 [----]   File "/usr/lib/python3.8/logging/__init__.py", line 1446, in info
18:05:58 [----]     self._log(INFO, msg, args, **kwargs)
18:05:58 [----]   File "/usr/lib/python3.8/logging/__init__.py", line 1589, in _log
18:05:58 [----]     self.handle(record)
18:05:58 [----]   File "/usr/lib/python3.8/logging/__init__.py", line 1599, in handle
18:05:58 [----]     self.callHandlers(record)
18:05:58 [----]   File "/usr/lib/python3.8/logging/__init__.py", line 1661, in callHandlers
18:05:58 [----]     hdlr.handle(record)
18:05:58 [----]   File "/usr/lib/python3.8/logging/__init__.py", line 954, in handle
18:05:58 [----]     self.emit(record)
18:05:58 [----]   File "/usr/lib/python3.8/logging/handlers.py", line 73, in emit
18:05:58 [----]     self.handleError(record)
18:05:58 [----]   File "/usr/lib/python3.8/logging/__init__.py", line 1007, in handleError
18:05:58 [----]     traceback.print_exception(t, v, tb, None, sys.stderr)
18:05:58 [----]   File "/usr/lib/python3.8/traceback.py", line 103, in print_exception
18:05:58 [----]     for line in TracebackException(
18:05:58 [----]   File "/home/qtrobot/tutorials-master/demos/version_1_llm/.venv/lib/python3.8/site-packages/exceptiongroup/_formatting.py", line 96, in __init__
18:05:58 [----]     self.stack = traceback.StackSummary.extract(
18:05:58 [----]   File "/usr/lib/python3.8/traceback.py", line 366, in extract
18:05:58 [----]     f.line
18:05:58 [----]   File "/usr/lib/python3.8/traceback.py", line 288, in line
18:05:58 [----]     self._line = linecache.getline(self.filename, self.lineno).strip()
18:05:58 [----]   File "/usr/lib/python3.8/linecache.py", line 16, in getline
18:05:58 [----]     lines = getlines(filename, module_globals)
18:05:58 [----]   File "/usr/lib/python3.8/linecache.py", line 47, in getlines
18:05:58 [----]     return updatecache(filename, module_globals)
18:05:58 [----]   File "/usr/lib/python3.8/linecache.py", line 137, in updatecache
18:05:58 [----]     lines = fp.readlines()
18:05:58 [----]   File "/usr/lib/python3.8/codecs.py", line 319, in decode
18:05:58 [----]     def decode(self, input, final=False):
18:05:58 [----]   File "/home/qtrobot/tutorials-master/demos/version_1_llm/.venv/lib/python3.8/site-packages/engineio/base_client.py", line 21, in signal_handler
18:05:58 [----]     return original_signal_handler(sig, frame)
18:05:58 [----]   File "/home/qtrobot/tutorials-master/demos/version_1_llm/.venv/lib/python3.8/site-packages/socketio/base_client.py", line 24, in signal_handler
18:05:58 [----]     return original_signal_handler(sig, frame)
18:05:58 [----]   File "/opt/ros/noetic/lib/python3/dist-packages/rospy/core.py", line 606, in _ros_signal
18:05:58 [----]     signal_shutdown("signal-"+str(sig))
18:05:58 [----]   File "/opt/ros/noetic/lib/python3/dist-packages/rospy/core.py", line 560, in signal_shutdown
18:05:58 [----]     _logger.info("signal_shutdown [%s]"%reason)
18:05:58 [----]   File "/usr/lib/python3.8/logging/__init__.py", line 1446, in info
18:05:58 [----]     self._log(INFO, msg, args, **kwargs)
18:05:58 [----]   File "/usr/lib/python3.8/logging/__init__.py", line 1589, in _log
18:05:58 [----]     self.handle(record)
18:05:58 [----]   File "/usr/lib/python3.8/logging/__init__.py", line 1599, in handle
18:05:58 [----]     self.callHandlers(record)
18:05:58 [----]   File "/usr/lib/python3.8/logging/__init__.py", line 1661, in callHandlers
18:05:58 [----]     hdlr.handle(record)
18:05:58 [----]   File "/usr/lib/python3.8/logging/__init__.py", line 954, in handle
18:05:58 [----]     self.emit(record)
18:05:58 [----]   File "/usr/lib/python3.8/logging/handlers.py", line 73, in emit
18:05:58 [----]     self.handleError(record)
18:05:58 [----]   File "/usr/lib/python3.8/logging/__init__.py", line 1007, in handleError
18:05:58 [----]     traceback.print_exception(t, v, tb, None, sys.stderr)
18:05:58 [----]   File "/usr/lib/python3.8/traceback.py", line 103, in print_exception
18:05:58 [----]     for line in TracebackException(
18:05:58 [----]   File "/home/qtrobot/tutorials-master/demos/version_1_llm/.venv/lib/python3.8/site-packages/exceptiongroup/_formatting.py", line 96, in __init__
18:05:58 [----]     self.stack = traceback.StackSummary.extract(
18:05:58 [----]   File "/usr/lib/python3.8/traceback.py", line 366, in extract
18:05:58 [----]     f.line
18:05:58 [----]   File "/usr/lib/python3.8/traceback.py", line 288, in line
18:05:58 [----]     self._line = linecache.getline(self.filename, self.lineno).strip()
18:05:58 [----]   File "/usr/lib/python3.8/linecache.py", line 16, in getline
18:05:58 [----]     lines = getlines(filename, module_globals)
18:05:58 [----]   File "/usr/lib/python3.8/linecache.py", line 47, in getlines
18:05:58 [----]     return updatecache(filename, module_globals)
18:05:58 [----]   File "/usr/lib/python3.8/linecache.py", line 136, in updatecache
18:05:58 [----]     with tokenize.open(fullname) as fp:
18:05:58 [----]   File "/usr/lib/python3.8/tokenize.py", line 392, in open
18:05:58 [----]     buffer = _builtin_open(filename, 'rb')
18:05:58 [----]   File "/home/qtrobot/tutorials-master/demos/version_1_llm/.venv/lib/python3.8/site-packages/engineio/base_client.py", line 21, in signal_handler
18:05:58 [----]     return original_signal_handler(sig, frame)
18:05:58 [----]   File "/home/qtrobot/tutorials-master/demos/version_1_llm/.venv/lib/python3.8/site-packages/socketio/base_client.py", line 24, in signal_handler
18:05:58 [----]     return original_signal_handler(sig, frame)
18:05:58 [----]   File "/opt/ros/noetic/lib/python3/dist-packages/rospy/core.py", line 606, in _ros_signal
18:05:58 [----]     signal_shutdown("signal-"+str(sig))
18:05:58 [----]   File "/opt/ros/noetic/lib/python3/dist-packages/rospy/core.py", line 560, in signal_shutdown
18:05:58 [----]     _logger.info("signal_shutdown [%s]"%reason)
18:05:58 [----]   File "/usr/lib/python3.8/logging/__init__.py", line 1446, in info
18:05:58 [----]     self._log(INFO, msg, args, **kwargs)
18:05:58 [----]   File "/usr/lib/python3.8/logging/__init__.py", line 1589, in _log
18:05:58 [----]     self.handle(record)
18:05:58 [----]   File "/usr/lib/python3.8/logging/__init__.py", line 1599, in handle
18:05:58 [----]     self.callHandlers(record)
18:05:58 [----]   File "/usr/lib/python3.8/logging/__init__.py", line 1661, in callHandlers
18:05:58 [----]     hdlr.handle(record)
18:05:58 [----]   File "/usr/lib/python3.8/logging/__init__.py", line 954, in handle
18:05:58 [----]     self.emit(record)
18:05:58 [----]   File "/usr/lib/python3.8/logging/handlers.py", line 73, in emit
18:05:58 [----]     self.handleError(record)
18:05:58 [----]   File "/usr/lib/python3.8/logging/__init__.py", line 1006, in handleError
18:05:58 [----]     sys.stderr.write('--- Logging error ---\n')
18:05:58 [----]   File "/home/qtrobot/tutorials-master/demos/version_1_llm_gemini/src/web_user_server.py", line 315, in write
18:05:58 [----]     fh.write(f"{time.strftime('%H:%M:%S')} [{rid}] {line}\n")
18:05:58 [----]   File "/home/qtrobot/tutorials-master/demos/version_1_llm/.venv/lib/python3.8/site-packages/engineio/base_client.py", line 21, in signal_handler
18:05:58 [----]     return original_signal_handler(sig, frame)
18:05:58 [----]   File "/home/qtrobot/tutorials-master/demos/version_1_llm/.venv/lib/python3.8/site-packages/socketio/base_client.py", line 24, in signal_handler
18:05:58 [----]     return original_signal_handler(sig, frame)
18:05:58 [----]   File "/opt/ros/noetic/lib/python3/dist-packages/rospy/core.py", line 606, in _ros_signal
18:05:58 [----]     signal_shutdown("signal-"+str(sig))
18:05:58 [----]   File "/opt/ros/noetic/lib/python3/dist-packages/rospy/core.py", line 560, in signal_shutdown
18:05:58 [----]     _logger.info("signal_shutdown [%s]"%reason)
18:05:58 [----]   File "/usr/lib/python3.8/logging/__init__.py", line 1446, in info
18:05:58 [----]     self._log(INFO, msg, args, **kwargs)
18:05:58 [----]   File "/usr/lib/python3.8/logging/__init__.py", line 1589, in _log
18:05:58 [----]     self.handle(record)
18:05:58 [----]   File "/usr/lib/python3.8/logging/__init__.py", line 1599, in handle
18:05:58 [----]     self.callHandlers(record)
18:05:58 [----]   File "/usr/lib/python3.8/logging/__init__.py", line 1661, in callHandlers
18:05:58 [----]     hdlr.handle(record)
18:05:58 [----]   File "/usr/lib/python3.8/logging/__init__.py", line 954, in handle
18:05:58 [----]     self.emit(record)
18:05:58 [----]   File "/usr/lib/python3.8/logging/handlers.py", line 73, in emit
18:05:58 [----]     self.handleError(record)
18:05:58 [----]   File "/usr/lib/python3.8/logging/__init__.py", line 1006, in handleError
18:05:58 [----]     sys.stderr.write('--- Logging error ---\n')
18:05:58 [----]   File "/home/qtrobot/tutorials-master/demos/version_1_llm_gemini/src/web_user_server.py", line 309, in write
18:05:58 [----]     with self._lock:
18:05:58 [----]   File "/home/qtrobot/tutorials-master/demos/version_1_llm/.venv/lib/python3.8/site-packages/engineio/base_client.py", line 21, in signal_handler
18:05:58 [----]     return original_signal_handler(sig, frame)
18:05:58 [----]   File "/home/qtrobot/tutorials-master/demos/version_1_llm/.venv/lib/python3.8/site-packages/socketio/base_client.py", line 24, in signal_handler
18:05:58 [----]     return original_signal_handler(sig, frame)
18:05:58 [----]   File "/opt/ros/noetic/lib/python3/dist-packages/rospy/core.py", line 606, in _ros_signal
18:05:58 [----]     signal_shutdown("signal-"+str(sig))
18:05:58 [----]   File "/opt/ros/noetic/lib/python3/dist-packages/rospy/core.py", line 560, in signal_shutdown
18:05:58 [----]     _logger.info("signal_shutdown [%s]"%reason)
18:05:58 [----]   File "/usr/lib/python3.8/logging/__init__.py", line 1446, in info
18:05:58 [----]     self._log(INFO, msg, args, **kwargs)
18:05:58 [----]   File "/usr/lib/python3.8/logging/__init__.py", line 1589, in _log
18:05:58 [----]     self.handle(record)
18:05:58 [----]   File "/usr/lib/python3.8/logging/__init__.py", line 1599, in handle
18:05:58 [----]     self.callHandlers(record)
18:05:58 [----]   File "/usr/lib/python3.8/logging/__init__.py", line 1661, in callHandlers
18:05:58 [----]     hdlr.handle(record)
18:05:58 [----]   File "/usr/lib/python3.8/logging/__init__.py", line 954, in handle
18:05:58 [----]     self.emit(record)
18:05:58 [----]   File "/usr/lib/python3.8/logging/handlers.py", line 73, in emit
18:05:58 [----]     self.handleError(record)
18:05:58 [----]   File "/usr/lib/python3.8/logging/__init__.py", line 1006, in handleError
18:05:58 [----]     sys.stderr.write('--- Logging error ---\n')
18:05:58 [----]   File "/home/qtrobot/tutorials-master/demos/version_1_llm_gemini/src/web_user_server.py", line 309, in write
18:05:58 [----]     with self._lock:
18:05:58 [----]   File "/home/qtrobot/tutorials-master/demos/version_1_llm/.venv/lib/python3.8/site-packages/engineio/base_client.py", line 21, in signal_handler
18:05:58 [----]     return original_signal_handler(sig, frame)
18:05:58 [----]   File "/home/qtrobot/tutorials-master/demos/version_1_llm/.venv/lib/python3.8/site-packages/socketio/base_client.py", line 24, in signal_handler
18:05:58 [----]     return original_signal_handler(sig, frame)
18:05:58 [----]   File "/opt/ros/noetic/lib/python3/dist-packages/rospy/core.py", line 606, in _ros_signal
18:05:58 [----]     signal_shutdown("signal-"+str(sig))
18:05:58 [----]   File "/opt/ros/noetic/lib/python3/dist-packages/rospy/core.py", line 560, in signal_shutdown
18:05:58 [----]     _logger.info("signal_shutdown [%s]"%reason)
18:05:58 [----]   File "/usr/lib/python3.8/logging/__init__.py", line 1446, in info
18:05:58 [----]     self._log(INFO, msg, args, **kwargs)
18:05:58 [----]   File "/usr/lib/python3.8/logging/__init__.py", line 1589, in _log
18:05:58 [----]     self.handle(record)
18:05:58 [----]   File "/usr/lib/python3.8/logging/__init__.py", line 1599, in handle
18:05:58 [----]     self.callHandlers(record)
18:05:58 [----]   File "/usr/lib/python3.8/logging/__init__.py", line 1661, in callHandlers
18:05:58 [----]     hdlr.handle(record)
18:05:58 [----]   File "/usr/lib/python3.8/logging/__init__.py", line 954, in handle
18:05:58 [----]     self.emit(record)
18:05:58 [----]   File "/usr/lib/python3.8/logging/handlers.py", line 73, in emit
18:05:58 [----]     self.handleError(record)
18:05:58 [----]   File "/usr/lib/python3.8/logging/__init__.py", line 1006, in handleError
18:05:58 [----]     sys.stderr.write('--- Logging error ---\n')
18:05:58 [----]   File "/home/qtrobot/tutorials-master/demos/version_1_llm_gemini/src/web_user_server.py", line 309, in write
18:05:58 [----]     with self._lock:
18:05:58 [----]   File "/home/qtrobot/tutorials-master/demos/version_1_llm/.venv/lib/python3.8/site-packages/engineio/base_client.py", line 21, in signal_handler
18:05:58 [----]     return original_signal_handler(sig, frame)
18:05:58 [----]   File "/home/qtrobot/tutorials-master/demos/version_1_llm/.venv/lib/python3.8/site-packages/socketio/base_client.py", line 24, in signal_handler
18:05:58 [----]     return original_signal_handler(sig, frame)
18:05:58 [----]   File "/opt/ros/noetic/lib/python3/dist-packages/rospy/core.py", line 606, in _ros_signal
18:05:58 [----]     signal_shutdown("signal-"+str(sig))
18:05:58 [----]   File "/opt/ros/noetic/lib/python3/dist-packages/rospy/core.py", line 560, in signal_shutdown
18:05:58 [----]     _logger.info("signal_shutdown [%s]"%reason)
18:05:58 [----]   File "/usr/lib/python3.8/logging/__init__.py", line 1446, in info
18:05:58 [----]     self._log(INFO, msg, args, **kwargs)
18:05:58 [----]   File "/usr/lib/python3.8/logging/__init__.py", line 1589, in _log
18:05:58 [----]     self.handle(record)
18:05:58 [----]   File "/usr/lib/python3.8/logging/__init__.py", line 1599, in handle
18:05:58 [----]     self.callHandlers(record)
18:05:58 [----]   File "/usr/lib/python3.8/logging/__init__.py", line 1661, in callHandlers
18:05:58 [----]     hdlr.handle(record)
18:05:58 [----]   File "/usr/lib/python3.8/logging/__init__.py", line 954, in handle
18:05:58 [----]     self.emit(record)
18:05:58 [----]   File "/usr/lib/python3.8/logging/handlers.py", line 73, in emit
18:05:58 [----]     self.handleError(record)
18:05:58 [----]   File "/usr/lib/python3.8/logging/__init__.py", line 1006, in handleError
18:05:58 [----]     sys.stderr.write('--- Logging error ---\n')
18:05:58 [----]   File "/home/qtrobot/tutorials-master/demos/version_1_llm_gemini/src/web_user_server.py", line 309, in write
18:05:58 [----]     with self._lock:
18:05:58 [----]   File "/home/qtrobot/tutorials-master/demos/version_1_llm/.venv/lib/python3.8/site-packages/engineio/base_client.py", line 21, in signal_handler
18:05:58 [----]     return original_signal_handler(sig, frame)
18:05:58 [----]   File "/home/qtrobot/tutorials-master/demos/version_1_llm/.venv/lib/python3.8/site-packages/socketio/base_client.py", line 24, in signal_handler
18:05:58 [----]     return original_signal_handler(sig, frame)
18:05:58 [----]   File "/opt/ros/noetic/lib/python3/dist-packages/rospy/core.py", line 606, in _ros_signal
18:05:58 [----]     signal_shutdown("signal-"+str(sig))
18:05:58 [----]   File "/opt/ros/noetic/lib/python3/dist-packages/rospy/core.py", line 560, in signal_shutdown
18:05:58 [----]     _logger.info("signal_shutdown [%s]"%reason)
18:05:58 [----]   File "/usr/lib/python3.8/logging/__init__.py", line 1446, in info
18:05:58 [----]     self._log(INFO, msg, args, **kwargs)
18:05:58 [----]   File "/usr/lib/python3.8/logging/__init__.py", line 1589, in _log
18:05:58 [----]     self.handle(record)
18:05:58 [----]   File "/usr/lib/python3.8/logging/__init__.py", line 1599, in handle
18:05:58 [----]     self.callHandlers(record)
18:05:58 [----]   File "/usr/lib/python3.8/logging/__init__.py", line 1661, in callHandlers
18:05:58 [----]     hdlr.handle(record)
18:05:58 [----]   File "/usr/lib/python3.8/logging/__init__.py", line 954, in handle
18:05:58 [----]     self.emit(record)
18:05:58 [----]   File "/usr/lib/python3.8/logging/handlers.py", line 73, in emit
18:05:58 [----]     self.handleError(record)
18:05:58 [----]   File "/usr/lib/python3.8/logging/__init__.py", line 1006, in handleError
18:05:58 [----]     sys.stderr.write('--- Logging error ---\n')
18:05:58 [----]   File "/home/qtrobot/tutorials-master/demos/version_1_llm_gemini/src/web_user_server.py", line 309, in write
18:05:58 [----]     with self._lock:
18:05:58 [----]   File "/home/qtrobot/tutorials-master/demos/version_1_llm/.venv/lib/python3.8/site-packages/engineio/base_client.py", line 21, in signal_handler
18:05:58 [----]     return original_signal_handler(sig, frame)
18:05:58 [----]   File "/home/qtrobot/tutorials-master/demos/version_1_llm/.venv/lib/python3.8/site-packages/socketio/base_client.py", line 24, in signal_handler
18:05:58 [----]     return original_signal_handler(sig, frame)
18:05:58 [----]   File "/opt/ros/noetic/lib/python3/dist-packages/rospy/core.py", line 606, in _ros_signal
18:05:58 [----]     signal_shutdown("signal-"+str(sig))
18:05:58 [----]   File "/opt/ros/noetic/lib/python3/dist-packages/rospy/core.py", line 560, in signal_shutdown
18:05:58 [----]     _logger.info("signal_shutdown [%s]"%reason)
18:05:58 [----]   File "/usr/lib/python3.8/logging/__init__.py", line 1446, in info
18:05:58 [----]     self._log(INFO, msg, args, **kwargs)
18:05:58 [----]   File "/usr/lib/python3.8/logging/__init__.py", line 1589, in _log
18:05:58 [----]     self.handle(record)
18:05:58 [----]   File "/usr/lib/python3.8/logging/__init__.py", line 1599, in handle
18:05:58 [----]     self.callHandlers(record)
18:05:58 [----]   File "/usr/lib/python3.8/logging/__init__.py", line 1661, in callHandlers
18:05:58 [----]     hdlr.handle(record)
18:05:58 [----]   File "/usr/lib/python3.8/logging/__init__.py", line 954, in handle
18:05:58 [----]     self.emit(record)
18:05:58 [----]   File "/usr/lib/python3.8/logging/handlers.py", line 73, in emit
18:05:58 [----]     self.handleError(record)
18:05:58 [----]   File "/usr/lib/python3.8/logging/__init__.py", line 1006, in handleError
18:05:58 [----]     sys.stderr.write('--- Logging error ---\n')
18:05:58 [----]   File "/home/qtrobot/tutorials-master/demos/version_1_llm_gemini/src/web_user_server.py", line 309, in write
18:05:58 [----]     with self._lock:
18:05:58 [----]   File "/home/qtrobot/tutorials-master/demos/version_1_llm/.venv/lib/python3.8/site-packages/engineio/base_client.py", line 21, in signal_handler
18:05:58 [----]     return original_signal_handler(sig, frame)
18:05:58 [----]   File "/home/qtrobot/tutorials-master/demos/version_1_llm/.venv/lib/python3.8/site-packages/socketio/base_client.py", line 24, in signal_handler
18:05:58 [----]     return original_signal_handler(sig, frame)
18:05:58 [----]   File "/opt/ros/noetic/lib/python3/dist-packages/rospy/core.py", line 606, in _ros_signal
18:05:58 [----]     signal_shutdown("signal-"+str(sig))
18:05:58 [----]   File "/opt/ros/noetic/lib/python3/dist-packages/rospy/core.py", line 560, in signal_shutdown
18:05:58 [----]     _logger.info("signal_shutdown [%s]"%reason)
18:05:58 [----]   File "/usr/lib/python3.8/logging/__init__.py", line 1446, in info
18:05:58 [----]     self._log(INFO, msg, args, **kwargs)
18:05:58 [----]   File "/usr/lib/python3.8/logging/__init__.py", line 1589, in _log
18:05:58 [----]     self.handle(record)
18:05:58 [----]   File "/usr/lib/python3.8/logging/__init__.py", line 1599, in handle
18:05:58 [----]     self.callHandlers(record)
18:05:58 [----]   File "/usr/lib/python3.8/logging/__init__.py", line 1661, in callHandlers
18:05:58 [----]     hdlr.handle(record)
18:05:58 [----]   File "/usr/lib/python3.8/logging/__init__.py", line 954, in handle
18:05:58 [----]     self.emit(record)
18:05:58 [----]   File "/usr/lib/python3.8/logging/handlers.py", line 73, in emit
18:05:58 [----]     self.handleError(record)
18:05:58 [----]   File "/usr/lib/python3.8/logging/__init__.py", line 1006, in handleError
18:05:58 [----]     sys.stderr.write('--- Logging error ---\n')
18:05:58 [----]   File "/home/qtrobot/tutorials-master/demos/version_1_llm_gemini/src/web_user_server.py", line 309, in write
18:05:58 [----]     with self._lock:
18:05:58 [----]   File "/home/qtrobot/tutorials-master/demos/version_1_llm/.venv/lib/python3.8/site-packages/engineio/base_client.py", line 21, in signal_handler
18:05:58 [----]     return original_signal_handler(sig, frame)
18:05:58 [----]   File "/home/qtrobot/tutorials-master/demos/version_1_llm/.venv/lib/python3.8/site-packages/socketio/base_client.py", line 24, in signal_handler
18:05:58 [----]     return original_signal_handler(sig, frame)
18:05:58 [----]   File "/opt/ros/noetic/lib/python3/dist-packages/rospy/core.py", line 606, in _ros_signal
18:05:58 [----]     signal_shutdown("signal-"+str(sig))
18:05:58 [----]   File "/opt/ros/noetic/lib/python3/dist-packages/rospy/core.py", line 560, in signal_shutdown
18:05:58 [----]     _logger.info("signal_shutdown [%s]"%reason)
18:05:58 [----]   File "/usr/lib/python3.8/logging/__init__.py", line 1446, in info
18:05:58 [----]     self._log(INFO, msg, args, **kwargs)
18:05:58 [----]   File "/usr/lib/python3.8/logging/__init__.py", line 1589, in _log
18:05:58 [----]     self.handle(record)
18:05:58 [----]   File "/usr/lib/python3.8/logging/__init__.py", line 1599, in handle
18:05:58 [----]     self.callHandlers(record)
18:05:58 [----]   File "/usr/lib/python3.8/logging/__init__.py", line 1661, in callHandlers
18:05:58 [----]     hdlr.handle(record)
18:05:58 [----]   File "/usr/lib/python3.8/logging/__init__.py", line 954, in handle
18:05:58 [----]     self.emit(record)
18:05:58 [----]   File "/usr/lib/python3.8/logging/handlers.py", line 73, in emit
18:05:58 [----]     self.handleError(record)
18:05:58 [----]   File "/usr/lib/python3.8/logging/__init__.py", line 1006, in handleError
18:05:58 [----]     sys.stderr.write('--- Logging error ---\n')
18:05:58 [----]   File "/home/qtrobot/tutorials-master/demos/version_1_llm_gemini/src/web_user_server.py", line 309, in write
18:05:58 [----]     with self._lock:
18:05:58 [----]   File "/home/qtrobot/tutorials-master/demos/version_1_llm/.venv/lib/python3.8/site-packages/engineio/base_client.py", line 21, in signal_handler
18:05:58 [----]     return original_signal_handler(sig, frame)
18:05:58 [----]   File "/home/qtrobot/tutorials-master/demos/version_1_llm/.venv/lib/python3.8/site-packages/socketio/base_client.py", line 24, in signal_handler
18:05:58 [----]     return original_signal_handler(sig, frame)
18:05:58 [----]   File "/opt/ros/noetic/lib/python3/dist-packages/rospy/core.py", line 606, in _ros_signal
18:05:58 [----]     signal_shutdown("signal-"+str(sig))
18:05:58 [----]   File "/opt/ros/noetic/lib/python3/dist-packages/rospy/core.py", line 560, in signal_shutdown
18:05:58 [----]     _logger.info("signal_shutdown [%s]"%reason)
18:05:58 [----]   File "/usr/lib/python3.8/logging/__init__.py", line 1446, in info
18:05:58 [----]     self._log(INFO, msg, args, **kwargs)
18:05:58 [----]   File "/usr/lib/python3.8/logging/__init__.py", line 1589, in _log
18:05:58 [----]     self.handle(record)
18:05:58 [----]   File "/usr/lib/python3.8/logging/__init__.py", line 1599, in handle
18:05:58 [----]     self.callHandlers(record)
18:05:58 [----]   File "/usr/lib/python3.8/logging/__init__.py", line 1661, in callHandlers
18:05:58 [----]     hdlr.handle(record)
18:05:58 [----]   File "/usr/lib/python3.8/logging/__init__.py", line 954, in handle
18:05:58 [----]     self.emit(record)
18:05:58 [----]   File "/usr/lib/python3.8/logging/handlers.py", line 73, in emit
18:05:58 [----]     self.handleError(record)
18:05:58 [----]   File "/usr/lib/python3.8/logging/__init__.py", line 1006, in handleError
18:05:58 [----]     sys.stderr.write('--- Logging error ---\n')
18:05:58 [----]   File "/home/qtrobot/tutorials-master/demos/version_1_llm_gemini/src/web_user_server.py", line 309, in write
18:05:58 [----]     with self._lock:
18:05:58 [----]   File "/home/qtrobot/tutorials-master/demos/version_1_llm/.venv/lib/python3.8/site-packages/engineio/base_client.py", line 21, in signal_handler
18:05:58 [----]     return original_signal_handler(sig, frame)
18:05:58 [----]   File "/home/qtrobot/tutorials-master/demos/version_1_llm/.venv/lib/python3.8/site-packages/socketio/base_client.py", line 24, in signal_handler
18:05:58 [----]     return original_signal_handler(sig, frame)
18:05:58 [----]   File "/opt/ros/noetic/lib/python3/dist-packages/rospy/core.py", line 606, in _ros_signal
18:05:58 [----]     signal_shutdown("signal-"+str(sig))
18:05:58 [----]   File "/opt/ros/noetic/lib/python3/dist-packages/rospy/core.py", line 560, in signal_shutdown
18:05:58 [----]     _logger.info("signal_shutdown [%s]"%reason)
18:05:58 [----]   File "/usr/lib/python3.8/logging/__init__.py", line 1446, in info
18:05:58 [----]     self._log(INFO, msg, args, **kwargs)
18:05:58 [----]   File "/usr/lib/python3.8/logging/__init__.py", line 1589, in _log
18:05:58 [----]     self.handle(record)
18:05:58 [----]   File "/usr/lib/python3.8/logging/__init__.py", line 1599, in handle
18:05:58 [----]     self.callHandlers(record)
18:05:58 [----]   File "/usr/lib/python3.8/logging/__init__.py", line 1661, in callHandlers
18:05:58 [----]     hdlr.handle(record)
18:05:58 [----]   File "/usr/lib/python3.8/logging/__init__.py", line 954, in handle
18:05:58 [----]     self.emit(record)
18:05:58 [----]   File "/usr/lib/python3.8/logging/handlers.py", line 73, in emit
18:05:58 [----]     self.handleError(record)
18:05:58 [----]   File "/usr/lib/python3.8/logging/__init__.py", line 1006, in handleError
18:05:58 [----]     sys.stderr.write('--- Logging error ---\n')
18:05:58 [----]   File "/home/qtrobot/tutorials-master/demos/version_1_llm_gemini/src/web_user_server.py", line 309, in write
18:05:58 [----]     with self._lock:
18:05:58 [----]   File "/home/qtrobot/tutorials-master/demos/version_1_llm/.venv/lib/python3.8/site-packages/engineio/base_client.py", line 21, in signal_handler
18:05:58 [----]     return original_signal_handler(sig, frame)
18:05:58 [----]   File "/home/qtrobot/tutorials-master/demos/version_1_llm/.venv/lib/python3.8/site-packages/socketio/base_client.py", line 24, in signal_handler
18:05:58 [----]     return original_signal_handler(sig, frame)
18:05:58 [----]   File "/opt/ros/noetic/lib/python3/dist-packages/rospy/core.py", line 606, in _ros_signal
18:05:58 [----]     signal_shutdown("signal-"+str(sig))
18:05:58 [----]   File "/opt/ros/noetic/lib/python3/dist-packages/rospy/core.py", line 560, in signal_shutdown
18:05:58 [----]     _logger.info("signal_shutdown [%s]"%reason)
18:05:58 [----]   File "/usr/lib/python3.8/logging/__init__.py", line 1446, in info
18:05:58 [----]     self._log(INFO, msg, args, **kwargs)
18:05:58 [----]   File "/usr/lib/python3.8/logging/__init__.py", line 1589, in _log
18:05:58 [----]     self.handle(record)
18:05:58 [----]   File "/usr/lib/python3.8/logging/__init__.py", line 1599, in handle
18:05:58 [----]     self.callHandlers(record)
18:05:58 [----]   File "/usr/lib/python3.8/logging/__init__.py", line 1661, in callHandlers
18:05:58 [----]     hdlr.handle(record)
18:05:58 [----]   File "/usr/lib/python3.8/logging/__init__.py", line 954, in handle
18:05:58 [----]     self.emit(record)
18:05:58 [----]   File "/usr/lib/python3.8/logging/handlers.py", line 73, in emit
18:05:58 [----]     self.handleError(record)
18:05:58 [----]   File "/usr/lib/python3.8/logging/__init__.py", line 1006, in handleError
18:05:58 [----]     sys.stderr.write('--- Logging error ---\n')
18:05:58 [----]   File "/home/qtrobot/tutorials-master/demos/version_1_llm_gemini/src/web_user_server.py", line 309, in write
18:05:58 [----]     with self._lock:
18:05:58 [----]   File "/home/qtrobot/tutorials-master/demos/version_1_llm/.venv/lib/python3.8/site-packages/engineio/base_client.py", line 21, in signal_handler
18:05:58 [----]     return original_signal_handler(sig, frame)
18:05:58 [----]   File "/home/qtrobot/tutorials-master/demos/version_1_llm/.venv/lib/python3.8/site-packages/socketio/base_client.py", line 24, in signal_handler
18:05:58 [----]     return original_signal_handler(sig, frame)
18:05:58 [----]   File "/opt/ros/noetic/lib/python3/dist-packages/rospy/core.py", line 606, in _ros_signal
18:05:58 [----]     signal_shutdown("signal-"+str(sig))
18:05:58 [----]   File "/opt/ros/noetic/lib/python3/dist-packages/rospy/core.py", line 560, in signal_shutdown
18:05:58 [----]     _logger.info("signal_shutdown [%s]"%reason)
18:05:58 [----]   File "/usr/lib/python3.8/logging/__init__.py", line 1446, in info
18:05:58 [----]     self._log(INFO, msg, args, **kwargs)
18:05:58 [----]   File "/usr/lib/python3.8/logging/__init__.py", line 1589, in _log
18:05:58 [----]     self.handle(record)
18:05:58 [----]   File "/usr/lib/python3.8/logging/__init__.py", line 1599, in handle
18:05:58 [----]     self.callHandlers(record)
18:05:58 [----]   File "/usr/lib/python3.8/logging/__init__.py", line 1661, in callHandlers
18:05:58 [----]     hdlr.handle(record)
18:05:58 [----]   File "/usr/lib/python3.8/logging/__init__.py", line 954, in handle
18:05:58 [----]     self.emit(record)
18:05:58 [----]   File "/usr/lib/python3.8/logging/handlers.py", line 73, in emit
18:05:58 [----]     self.handleError(record)
18:05:58 [----]   File "/usr/lib/python3.8/logging/__init__.py", line 1006, in handleError
18:05:58 [----]     sys.stderr.write('--- Logging error ---\n')
18:05:58 [----]   File "/home/qtrobot/tutorials-master/demos/version_1_llm_gemini/src/web_user_server.py", line 309, in write
18:05:58 [----]     with self._lock:
18:05:58 [----]   File "/home/qtrobot/tutorials-master/demos/version_1_llm/.venv/lib/python3.8/site-packages/engineio/base_client.py", line 21, in signal_handler
18:05:58 [----]     return original_signal_handler(sig, frame)
18:05:58 [----]   File "/home/qtrobot/tutorials-master/demos/version_1_llm/.venv/lib/python3.8/site-packages/socketio/base_client.py", line 24, in signal_handler
18:05:58 [----]     return original_signal_handler(sig, frame)
18:05:58 [----]   File "/opt/ros/noetic/lib/python3/dist-packages/rospy/core.py", line 606, in _ros_signal
18:05:58 [----]     signal_shutdown("signal-"+str(sig))
18:05:58 [----]   File "/opt/ros/noetic/lib/python3/dist-packages/rospy/core.py", line 560, in signal_shutdown
18:05:58 [----]     _logger.info("signal_shutdown [%s]"%reason)
18:05:58 [----]   File "/usr/lib/python3.8/logging/__init__.py", line 1446, in info
18:05:58 [----]     self._log(INFO, msg, args, **kwargs)
18:05:58 [----]   File "/usr/lib/python3.8/logging/__init__.py", line 1589, in _log
18:05:58 [----]     self.handle(record)
18:05:58 [----]   File "/usr/lib/python3.8/logging/__init__.py", line 1599, in handle
18:05:58 [----]     self.callHandlers(record)
18:05:58 [----]   File "/usr/lib/python3.8/logging/__init__.py", line 1661, in callHandlers
18:05:58 [----]     hdlr.handle(record)
18:05:58 [----]   File "/usr/lib/python3.8/logging/__init__.py", line 954, in handle
18:05:58 [----]     self.emit(record)
18:05:58 [----]   File "/usr/lib/python3.8/logging/handlers.py", line 73, in emit
18:05:58 [----]     self.handleError(record)
18:05:58 [----]   File "/usr/lib/python3.8/logging/__init__.py", line 1006, in handleError
18:05:58 [----]     sys.stderr.write('--- Logging error ---\n')
18:05:58 [----]   File "/home/qtrobot/tutorials-master/demos/version_1_llm_gemini/src/web_user_server.py", line 309, in write
18:05:58 [----]     with self._lock:
18:05:58 [----]   File "/home/qtrobot/tutorials-master/demos/version_1_llm/.venv/lib/python3.8/site-packages/engineio/base_client.py", line 21, in signal_handler
18:05:58 [----]     return original_signal_handler(sig, frame)
18:05:58 [----]   File "/home/qtrobot/tutorials-master/demos/version_1_llm/.venv/lib/python3.8/site-packages/socketio/base_client.py", line 24, in signal_handler
18:05:58 [----]     return original_signal_handler(sig, frame)
18:05:58 [----]   File "/opt/ros/noetic/lib/python3/dist-packages/rospy/core.py", line 606, in _ros_signal
18:05:58 [----]     signal_shutdown("signal-"+str(sig))
18:05:58 [----]   File "/opt/ros/noetic/lib/python3/dist-packages/rospy/core.py", line 560, in signal_shutdown
18:05:58 [----]     _logger.info("signal_shutdown [%s]"%reason)
18:05:58 [----]   File "/usr/lib/python3.8/logging/__init__.py", line 1446, in info
18:05:58 [----]     self._log(INFO, msg, args, **kwargs)
18:05:58 [----]   File "/usr/lib/python3.8/logging/__init__.py", line 1589, in _log
18:05:58 [----]     self.handle(record)
18:05:58 [----]   File "/usr/lib/python3.8/logging/__init__.py", line 1599, in handle
18:05:58 [----]     self.callHandlers(record)
18:05:58 [----]   File "/usr/lib/python3.8/logging/__init__.py", line 1661, in callHandlers
18:05:58 [----]     hdlr.handle(record)
18:05:58 [----]   File "/usr/lib/python3.8/logging/__init__.py", line 954, in handle
18:05:58 [----]     self.emit(record)
18:05:58 [----]   File "/usr/lib/python3.8/logging/handlers.py", line 73, in emit
18:05:58 [----]     self.handleError(record)
18:05:58 [----]   File "/usr/lib/python3.8/logging/__init__.py", line 1006, in handleError
18:05:58 [----]     sys.stderr.write('--- Logging error ---\n')
18:05:58 [----]   File "/home/qtrobot/tutorials-master/demos/version_1_llm_gemini/src/web_user_server.py", line 309, in write
18:05:58 [----]     with self._lock:
18:05:58 [----]   File "/home/qtrobot/tutorials-master/demos/version_1_llm/.venv/lib/python3.8/site-packages/engineio/base_client.py", line 21, in signal_handler
18:05:58 [----]     return original_signal_handler(sig, frame)
18:05:58 [----]   File "/home/qtrobot/tutorials-master/demos/version_1_llm/.venv/lib/python3.8/site-packages/socketio/base_client.py", line 24, in signal_handler
18:05:58 [----]     return original_signal_handler(sig, frame)
18:05:58 [----]   File "/opt/ros/noetic/lib/python3/dist-packages/rospy/core.py", line 606, in _ros_signal
18:05:58 [----]     signal_shutdown("signal-"+str(sig))
18:05:58 [----]   File "/opt/ros/noetic/lib/python3/dist-packages/rospy/core.py", line 560, in signal_shutdown
18:05:58 [----]     _logger.info("signal_shutdown [%s]"%reason)
18:05:58 [----]   File "/usr/lib/python3.8/logging/__init__.py", line 1446, in info
18:05:58 [----]     self._log(INFO, msg, args, **kwargs)
18:05:58 [----]   File "/usr/lib/python3.8/logging/__init__.py", line 1589, in _log
18:05:58 [----]     self.handle(record)
18:05:58 [----]   File "/usr/lib/python3.8/logging/__init__.py", line 1599, in handle
18:05:58 [----]     self.callHandlers(record)
18:05:58 [----]   File "/usr/lib/python3.8/logging/__init__.py", line 1661, in callHandlers
18:05:58 [----]     hdlr.handle(record)
18:05:58 [----]   File "/usr/lib/python3.8/logging/__init__.py", line 954, in handle
18:05:58 [----]     self.emit(record)
18:05:58 [----]   File "/usr/lib/python3.8/logging/handlers.py", line 73, in emit
18:05:58 [----]     self.handleError(record)
18:05:58 [----]   File "/usr/lib/python3.8/logging/__init__.py", line 1006, in handleError
18:05:58 [----]     sys.stderr.write('--- Logging error ---\n')
18:05:58 [----]   File "/home/qtrobot/tutorials-master/demos/version_1_llm_gemini/src/web_user_server.py", line 309, in write
18:05:58 [----]     with self._lock:
18:05:58 [----]   File "/home/qtrobot/tutorials-master/demos/version_1_llm/.venv/lib/python3.8/site-packages/engineio/base_client.py", line 21, in signal_handler
18:05:58 [----]     return original_signal_handler(sig, frame)
18:05:58 [----]   File "/home/qtrobot/tutorials-master/demos/version_1_llm/.venv/lib/python3.8/site-packages/socketio/base_client.py", line 24, in signal_handler
18:05:58 [----]     return original_signal_handler(sig, frame)
18:05:58 [----]   File "/opt/ros/noetic/lib/python3/dist-packages/rospy/core.py", line 606, in _ros_signal
18:05:58 [----]     signal_shutdown("signal-"+str(sig))
18:05:58 [----]   File "/opt/ros/noetic/lib/python3/dist-packages/rospy/core.py", line 560, in signal_shutdown
18:05:58 [----]     _logger.info("signal_shutdown [%s]"%reason)
18:05:58 [----]   File "/usr/lib/python3.8/logging/__init__.py", line 1446, in info
18:05:58 [----]     self._log(INFO, msg, args, **kwargs)
18:05:58 [----]   File "/usr/lib/python3.8/logging/__init__.py", line 1589, in _log
18:05:58 [----]     self.handle(record)
18:05:58 [----]   File "/usr/lib/python3.8/logging/__init__.py", line 1599, in handle
18:05:58 [----]     self.callHandlers(record)
18:05:58 [----]   File "/usr/lib/python3.8/logging/__init__.py", line 1661, in callHandlers
18:05:58 [----]     hdlr.handle(record)
18:05:58 [----]   File "/usr/lib/python3.8/logging/__init__.py", line 954, in handle
18:05:58 [----]     self.emit(record)
18:05:58 [----]   File "/usr/lib/python3.8/logging/handlers.py", line 73, in emit
18:05:58 [----]     self.handleError(record)
18:05:58 [----]   File "/usr/lib/python3.8/logging/__init__.py", line 1006, in handleError
18:05:58 [----]     sys.stderr.write('--- Logging error ---\n')
18:05:58 [----]   File "/home/qtrobot/tutorials-master/demos/version_1_llm_gemini/src/web_user_server.py", line 309, in write
18:05:58 [----]     with self._lock:
18:05:58 [----]   File "/home/qtrobot/tutorials-master/demos/version_1_llm/.venv/lib/python3.8/site-packages/engineio/base_client.py", line 21, in signal_handler
18:05:58 [----]     return original_signal_handler(sig, frame)
18:05:58 [----]   File "/home/qtrobot/tutorials-master/demos/version_1_llm/.venv/lib/python3.8/site-packages/socketio/base_client.py", line 24, in signal_handler
18:05:58 [----]     return original_signal_handler(sig, frame)
18:05:58 [----]   File "/opt/ros/noetic/lib/python3/dist-packages/rospy/core.py", line 606, in _ros_signal
18:05:58 [----]     signal_shutdown("signal-"+str(sig))
18:05:58 [----]   File "/opt/ros/noetic/lib/python3/dist-packages/rospy/core.py", line 560, in signal_shutdown
18:05:58 [----]     _logger.info("signal_shutdown [%s]"%reason)
18:05:58 [----]   File "/usr/lib/python3.8/logging/__init__.py", line 1446, in info
18:05:58 [----]     self._log(INFO, msg, args, **kwargs)
18:05:58 [----]   File "/usr/lib/python3.8/logging/__init__.py", line 1589, in _log
18:05:58 [----]     self.handle(record)
18:05:58 [----]   File "/usr/lib/python3.8/logging/__init__.py", line 1599, in handle
18:05:58 [----]     self.callHandlers(record)
18:05:58 [----]   File "/usr/lib/python3.8/logging/__init__.py", line 1661, in callHandlers
18:05:58 [----]     hdlr.handle(record)
18:05:58 [----]   File "/usr/lib/python3.8/logging/__init__.py", line 954, in handle
18:05:58 [----]     self.emit(record)
18:05:58 [----]   File "/usr/lib/python3.8/logging/handlers.py", line 73, in emit
18:05:58 [----]     self.handleError(record)
18:05:58 [----]   File "/usr/lib/python3.8/logging/__init__.py", line 1006, in handleError
18:05:58 [----]     sys.stderr.write('--- Logging error ---\n')
18:05:58 [----]   File "/home/qtrobot/tutorials-master/demos/version_1_llm_gemini/src/web_user_server.py", line 309, in write
18:05:58 [----]     with self._lock:
18:05:58 [----]   File "/home/qtrobot/tutorials-master/demos/version_1_llm/.venv/lib/python3.8/site-packages/engineio/base_client.py", line 21, in signal_handler
18:05:58 [----]     return original_signal_handler(sig, frame)
18:05:58 [----]   File "/home/qtrobot/tutorials-master/demos/version_1_llm/.venv/lib/python3.8/site-packages/socketio/base_client.py", line 24, in signal_handler
18:05:58 [----]     return original_signal_handler(sig, frame)
18:05:58 [----]   File "/opt/ros/noetic/lib/python3/dist-packages/rospy/core.py", line 606, in _ros_signal
18:05:58 [----]     signal_shutdown("signal-"+str(sig))
18:05:58 [----]   File "/opt/ros/noetic/lib/python3/dist-packages/rospy/core.py", line 560, in signal_shutdown
18:05:58 [----]     _logger.info("signal_shutdown [%s]"%reason)
18:05:58 [----]   File "/usr/lib/python3.8/logging/__init__.py", line 1446, in info
18:05:58 [----]     self._log(INFO, msg, args, **kwargs)
18:05:58 [----]   File "/usr/lib/python3.8/logging/__init__.py", line 1589, in _log
18:05:58 [----]     self.handle(record)
18:05:58 [----]   File "/usr/lib/python3.8/logging/__init__.py", line 1599, in handle
18:05:58 [----]     self.callHandlers(record)
18:05:58 [----]   File "/usr/lib/python3.8/logging/__init__.py", line 1661, in callHandlers
18:05:58 [----]     hdlr.handle(record)
18:05:58 [----]   File "/usr/lib/python3.8/logging/__init__.py", line 954, in handle
18:05:58 [----]     self.emit(record)
18:05:58 [----]   File "/usr/lib/python3.8/logging/handlers.py", line 73, in emit
18:05:58 [----]     self.handleError(record)
18:05:58 [----]   File "/usr/lib/python3.8/logging/__init__.py", line 1006, in handleError
18:05:58 [----]     sys.stderr.write('--- Logging error ---\n')
18:05:58 [----]   File "/home/qtrobot/tutorials-master/demos/version_1_llm_gemini/src/web_user_server.py", line 309, in write
18:05:58 [----]     with self._lock:
18:05:58 [----]   File "/home/qtrobot/tutorials-master/demos/version_1_llm/.venv/lib/python3.8/site-packages/engineio/base_client.py", line 21, in signal_handler
18:05:58 [----]     return original_signal_handler(sig, frame)
18:05:58 [----]   File "/home/qtrobot/tutorials-master/demos/version_1_llm/.venv/lib/python3.8/site-packages/socketio/base_client.py", line 24, in signal_handler
18:05:58 [----]     return original_signal_handler(sig, frame)
18:05:58 [----]   File "/opt/ros/noetic/lib/python3/dist-packages/rospy/core.py", line 606, in _ros_signal
18:05:58 [----]     signal_shutdown("signal-"+str(sig))
18:05:58 [----]   File "/opt/ros/noetic/lib/python3/dist-packages/rospy/core.py", line 560, in signal_shutdown
18:05:58 [----]     _logger.info("signal_shutdown [%s]"%reason)
18:05:58 [----]   File "/usr/lib/python3.8/logging/__init__.py", line 1446, in info
18:05:58 [----]     self._log(INFO, msg, args, **kwargs)
18:05:59 [----]   File "/usr/lib/python3.8/logging/__init__.py", line 1589, in _log
18:05:59 [----]     self.handle(record)
18:05:59 [----]   File "/usr/lib/python3.8/logging/__init__.py", line 1599, in handle
18:05:59 [----]     self.callHandlers(record)
18:05:59 [----]   File "/usr/lib/python3.8/logging/__init__.py", line 1661, in callHandlers
18:05:59 [----]     hdlr.handle(record)
18:05:59 [----]   File "/usr/lib/python3.8/logging/__init__.py", line 954, in handle
18:05:59 [----]     self.emit(record)
18:05:59 [----]   File "/usr/lib/python3.8/logging/handlers.py", line 73, in emit
18:05:59 [----]     self.handleError(record)
18:05:59 [----]   File "/usr/lib/python3.8/logging/__init__.py", line 1006, in handleError
18:05:59 [----]     sys.stderr.write('--- Logging error ---\n')
18:05:59 [----]   File "/home/qtrobot/tutorials-master/demos/version_1_llm_gemini/src/web_user_server.py", line 309, in write
18:05:59 [----]     with self._lock:
18:05:59 [----]   File "/home/qtrobot/tutorials-master/demos/version_1_llm/.venv/lib/python3.8/site-packages/engineio/base_client.py", line 21, in signal_handler
18:05:59 [----]     return original_signal_handler(sig, frame)
18:05:59 [----]   File "/home/qtrobot/tutorials-master/demos/version_1_llm/.venv/lib/python3.8/site-packages/socketio/base_client.py", line 24, in signal_handler
18:05:59 [----]     return original_signal_handler(sig, frame)
18:05:59 [----]   File "/opt/ros/noetic/lib/python3/dist-packages/rospy/core.py", line 606, in _ros_signal
18:05:59 [----]     signal_shutdown("signal-"+str(sig))
18:05:59 [----]   File "/opt/ros/noetic/lib/python3/dist-packages/rospy/core.py", line 560, in signal_shutdown
18:05:59 [----]     _logger.info("signal_shutdown [%s]"%reason)
18:05:59 [----]   File "/usr/lib/python3.8/logging/__init__.py", line 1446, in info
18:05:59 [----]     self._log(INFO, msg, args, **kwargs)
18:05:59 [----]   File "/usr/lib/python3.8/logging/__init__.py", line 1589, in _log
18:05:59 [----]     self.handle(record)
18:05:59 [----]   File "/usr/lib/python3.8/logging/__init__.py", line 1599, in handle
18:05:59 [----]     self.callHandlers(record)
18:05:59 [----]   File "/usr/lib/python3.8/logging/__init__.py", line 1661, in callHandlers
18:05:59 [----]     hdlr.handle(record)
18:05:59 [----]   File "/usr/lib/python3.8/logging/__init__.py", line 954, in handle
18:05:59 [----]     self.emit(record)
18:05:59 [----]   File "/usr/lib/python3.8/logging/handlers.py", line 73, in emit
18:05:59 [----]     self.handleError(record)
18:05:59 [----]   File "/usr/lib/python3.8/logging/__init__.py", line 1006, in handleError
18:05:59 [----]     sys.stderr.write('--- Logging error ---\n')
18:05:59 [----]   File "/home/qtrobot/tutorials-master/demos/version_1_llm_gemini/src/web_user_server.py", line 309, in write
18:05:59 [----]     with self._lock:
18:05:59 [----]   File "/home/qtrobot/tutorials-master/demos/version_1_llm/.venv/lib/python3.8/site-packages/engineio/base_client.py", line 21, in signal_handler
18:05:59 [----]     return original_signal_handler(sig, frame)
18:05:59 [----]   File "/home/qtrobot/tutorials-master/demos/version_1_llm/.venv/lib/python3.8/site-packages/socketio/base_client.py", line 24, in signal_handler
18:05:59 [----]     return original_signal_handler(sig, frame)
18:05:59 [----]   File "/opt/ros/noetic/lib/python3/dist-packages/rospy/core.py", line 606, in _ros_signal
18:05:59 [----]     signal_shutdown("signal-"+str(sig))
18:05:59 [----]   File "/opt/ros/noetic/lib/python3/dist-packages/rospy/core.py", line 560, in signal_shutdown
18:05:59 [----]     _logger.info("signal_shutdown [%s]"%reason)
18:05:59 [----]   File "/usr/lib/python3.8/logging/__init__.py", line 1446, in info
18:05:59 [----]     self._log(INFO, msg, args, **kwargs)
18:05:59 [----]   File "/usr/lib/python3.8/logging/__init__.py", line 1589, in _log
18:05:59 [----]     self.handle(record)
18:05:59 [----]   File "/usr/lib/python3.8/logging/__init__.py", line 1599, in handle
18:05:59 [----]     self.callHandlers(record)
18:05:59 [----]   File "/usr/lib/python3.8/logging/__init__.py", line 1661, in callHandlers
18:05:59 [----]     hdlr.handle(record)
18:05:59 [----]   File "/usr/lib/python3.8/logging/__init__.py", line 954, in handle
18:05:59 [----]     self.emit(record)
18:05:59 [----]   File "/usr/lib/python3.8/logging/handlers.py", line 73, in emit
18:05:59 [----]     self.handleError(record)
18:05:59 [----]   File "/usr/lib/python3.8/logging/__init__.py", line 1006, in handleError
18:05:59 [----]     sys.stderr.write('--- Logging error ---\n')
18:05:59 [----]   File "/home/qtrobot/tutorials-master/demos/version_1_llm_gemini/src/web_user_server.py", line 309, in write
18:05:59 [----]     with self._lock:
18:05:59 [----]   File "/home/qtrobot/tutorials-master/demos/version_1_llm/.venv/lib/python3.8/site-packages/engineio/base_client.py", line 21, in signal_handler
18:05:59 [----]     return original_signal_handler(sig, frame)
18:05:59 [----]   File "/home/qtrobot/tutorials-master/demos/version_1_llm/.venv/lib/python3.8/site-packages/socketio/base_client.py", line 24, in signal_handler
18:05:59 [----]     return original_signal_handler(sig, frame)
18:05:59 [----]   File "/opt/ros/noetic/lib/python3/dist-packages/rospy/core.py", line 606, in _ros_signal
18:05:59 [----]     signal_shutdown("signal-"+str(sig))
18:05:59 [----]   File "/opt/ros/noetic/lib/python3/dist-packages/rospy/core.py", line 560, in signal_shutdown
18:05:59 [----]     _logger.info("signal_shutdown [%s]"%reason)
18:05:59 [----]   File "/usr/lib/python3.8/logging/__init__.py", line 1446, in info
18:05:59 [----]     self._log(INFO, msg, args, **kwargs)
18:05:59 [----]   File "/usr/lib/python3.8/logging/__init__.py", line 1589, in _log
18:05:59 [----]     self.handle(record)
18:05:59 [----]   File "/usr/lib/python3.8/logging/__init__.py", line 1599, in handle
18:05:59 [----]     self.callHandlers(record)
18:05:59 [----]   File "/usr/lib/python3.8/logging/__init__.py", line 1661, in callHandlers
18:05:59 [----]     hdlr.handle(record)
18:05:59 [----]   File "/usr/lib/python3.8/logging/__init__.py", line 954, in handle
18:05:59 [----]     self.emit(record)
18:05:59 [----]   File "/usr/lib/python3.8/logging/handlers.py", line 73, in emit
18:05:59 [----]     self.handleError(record)
18:05:59 [----]   File "/usr/lib/python3.8/logging/__init__.py", line 1006, in handleError
18:05:59 [----]     sys.stderr.write('--- Logging error ---\n')
18:05:59 [----]   File "/home/qtrobot/tutorials-master/demos/version_1_llm_gemini/src/web_user_server.py", line 309, in write
18:05:59 [----]     with self._lock:
18:05:59 [----]   File "/home/qtrobot/tutorials-master/demos/version_1_llm/.venv/lib/python3.8/site-packages/engineio/base_client.py", line 21, in signal_handler
18:05:59 [----]     return original_signal_handler(sig, frame)
18:05:59 [----]   File "/home/qtrobot/tutorials-master/demos/version_1_llm/.venv/lib/python3.8/site-packages/socketio/base_client.py", line 24, in signal_handler
18:05:59 [----]     return original_signal_handler(sig, frame)
18:05:59 [----]   File "/opt/ros/noetic/lib/python3/dist-packages/rospy/core.py", line 606, in _ros_signal
18:05:59 [----]     signal_shutdown("signal-"+str(sig))
18:05:59 [----]   File "/opt/ros/noetic/lib/python3/dist-packages/rospy/core.py", line 560, in signal_shutdown
18:05:59 [----]     _logger.info("signal_shutdown [%s]"%reason)
18:05:59 [----]   File "/usr/lib/python3.8/logging/__init__.py", line 1446, in info
18:05:59 [----]     self._log(INFO, msg, args, **kwargs)
18:05:59 [----]   File "/usr/lib/python3.8/logging/__init__.py", line 1589, in _log
18:05:59 [----]     self.handle(record)
18:05:59 [----]   File "/usr/lib/python3.8/logging/__init__.py", line 1599, in handle
18:05:59 [----]     self.callHandlers(record)
18:05:59 [----]   File "/usr/lib/python3.8/logging/__init__.py", line 1661, in callHandlers
18:05:59 [----]     hdlr.handle(record)
18:05:59 [----]   File "/usr/lib/python3.8/logging/__init__.py", line 954, in handle
18:05:59 [----]     self.emit(record)
18:05:59 [----]   File "/usr/lib/python3.8/logging/handlers.py", line 73, in emit
18:05:59 [----]     self.handleError(record)
18:05:59 [----]   File "/usr/lib/python3.8/logging/__init__.py", line 1006, in handleError
18:05:59 [----]     sys.stderr.write('--- Logging error ---\n')
18:05:59 [----]   File "/home/qtrobot/tutorials-master/demos/version_1_llm_gemini/src/web_user_server.py", line 309, in write
18:05:59 [----]     with self._lock:
18:05:59 [----]   File "/home/qtrobot/tutorials-master/demos/version_1_llm/.venv/lib/python3.8/site-packages/engineio/base_client.py", line 21, in signal_handler
18:05:59 [----]     return original_signal_handler(sig, frame)
18:05:59 [----]   File "/home/qtrobot/tutorials-master/demos/version_1_llm/.venv/lib/python3.8/site-packages/socketio/base_client.py", line 24, in signal_handler
18:05:59 [----]     return original_signal_handler(sig, frame)
18:05:59 [----]   File "/opt/ros/noetic/lib/python3/dist-packages/rospy/core.py", line 606, in _ros_signal
18:05:59 [----]     signal_shutdown("signal-"+str(sig))
18:05:59 [----]   File "/opt/ros/noetic/lib/python3/dist-packages/rospy/core.py", line 560, in signal_shutdown
18:05:59 [----]     _logger.info("signal_shutdown [%s]"%reason)
18:05:59 [----]   File "/usr/lib/python3.8/logging/__init__.py", line 1446, in info
18:05:59 [----]     self._log(INFO, msg, args, **kwargs)
18:05:59 [----]   File "/usr/lib/python3.8/logging/__init__.py", line 1589, in _log
18:05:59 [----]     self.handle(record)
18:05:59 [----]   File "/usr/lib/python3.8/logging/__init__.py", line 1599, in handle
18:05:59 [----]     self.callHandlers(record)
18:05:59 [----]   File "/usr/lib/python3.8/logging/__init__.py", line 1661, in callHandlers
18:05:59 [----]     hdlr.handle(record)
18:05:59 [----]   File "/usr/lib/python3.8/logging/__init__.py", line 954, in handle
18:05:59 [----]     self.emit(record)
18:05:59 [----]   File "/usr/lib/python3.8/logging/handlers.py", line 73, in emit
18:05:59 [----]     self.handleError(record)
18:05:59 [----]   File "/usr/lib/python3.8/logging/__init__.py", line 1006, in handleError
18:05:59 [----]     sys.stderr.write('--- Logging error ---\n')
18:05:59 [----]   File "/home/qtrobot/tutorials-master/demos/version_1_llm_gemini/src/web_user_server.py", line 309, in write
18:05:59 [----]     with self._lock:
18:05:59 [----]   File "/home/qtrobot/tutorials-master/demos/version_1_llm/.venv/lib/python3.8/site-packages/engineio/base_client.py", line 21, in signal_handler
18:05:59 [----]     return original_signal_handler(sig, frame)
18:05:59 [----]   File "/home/qtrobot/tutorials-master/demos/version_1_llm/.venv/lib/python3.8/site-packages/socketio/base_client.py", line 24, in signal_handler
18:05:59 [----]     return original_signal_handler(sig, frame)
18:05:59 [----]   File "/opt/ros/noetic/lib/python3/dist-packages/rospy/core.py", line 606, in _ros_signal
18:05:59 [----]     signal_shutdown("signal-"+str(sig))
18:05:59 [----]   File "/opt/ros/noetic/lib/python3/dist-packages/rospy/core.py", line 560, in signal_shutdown
18:05:59 [----]     _logger.info("signal_shutdown [%s]"%reason)
18:05:59 [----]   File "/usr/lib/python3.8/logging/__init__.py", line 1446, in info
18:05:59 [----]     self._log(INFO, msg, args, **kwargs)
18:05:59 [----]   File "/usr/lib/python3.8/logging/__init__.py", line 1589, in _log
18:05:59 [----]     self.handle(record)
18:05:59 [----]   File "/usr/lib/python3.8/logging/__init__.py", line 1599, in handle
18:05:59 [----]     self.callHandlers(record)
18:05:59 [----]   File "/usr/lib/python3.8/logging/__init__.py", line 1661, in callHandlers
18:05:59 [----]     hdlr.handle(record)
18:05:59 [----]   File "/usr/lib/python3.8/logging/__init__.py", line 954, in handle
18:05:59 [----]     self.emit(record)
18:05:59 [----]   File "/usr/lib/python3.8/logging/handlers.py", line 73, in emit
18:05:59 [----]     self.handleError(record)
18:05:59 [----]   File "/usr/lib/python3.8/logging/__init__.py", line 1006, in handleError
18:05:59 [----]     sys.stderr.write('--- Logging error ---\n')
18:05:59 [----]   File "/home/qtrobot/tutorials-master/demos/version_1_llm_gemini/src/web_user_server.py", line 309, in write
18:05:59 [----]     with self._lock:
18:05:59 [----]   File "/home/qtrobot/tutorials-master/demos/version_1_llm/.venv/lib/python3.8/site-packages/engineio/base_client.py", line 21, in signal_handler
18:05:59 [----]     return original_signal_handler(sig, frame)
18:05:59 [----]   File "/home/qtrobot/tutorials-master/demos/version_1_llm/.venv/lib/python3.8/site-packages/socketio/base_client.py", line 24, in signal_handler
18:05:59 [----]     return original_signal_handler(sig, frame)
18:05:59 [----]   File "/opt/ros/noetic/lib/python3/dist-packages/rospy/core.py", line 606, in _ros_signal
18:05:59 [----]     signal_shutdown("signal-"+str(sig))
18:05:59 [----]   File "/opt/ros/noetic/lib/python3/dist-packages/rospy/core.py", line 560, in signal_shutdown
18:05:59 [----]     _logger.info("signal_shutdown [%s]"%reason)
18:05:59 [----]   File "/usr/lib/python3.8/logging/__init__.py", line 1446, in info
18:05:59 [----]     self._log(INFO, msg, args, **kwargs)
18:05:59 [----]   File "/usr/lib/python3.8/logging/__init__.py", line 1589, in _log
18:05:59 [----]     self.handle(record)
18:05:59 [----]   File "/usr/lib/python3.8/logging/__init__.py", line 1599, in handle
18:05:59 [----]     self.callHandlers(record)
18:05:59 [----]   File "/usr/lib/python3.8/logging/__init__.py", line 1661, in callHandlers
18:05:59 [----]     hdlr.handle(record)
18:05:59 [----]   File "/usr/lib/python3.8/logging/__init__.py", line 954, in handle
18:05:59 [----]     self.emit(record)
18:05:59 [----]   File "/usr/lib/python3.8/logging/handlers.py", line 73, in emit
18:05:59 [----]     self.handleError(record)
18:05:59 [----]   File "/usr/lib/python3.8/logging/__init__.py", line 1006, in handleError
18:05:59 [----]     sys.stderr.write('--- Logging error ---\n')
18:05:59 [----]   File "/home/qtrobot/tutorials-master/demos/version_1_llm_gemini/src/web_user_server.py", line 309, in write
18:05:59 [----]     with self._lock:
18:05:59 [----]   File "/home/qtrobot/tutorials-master/demos/version_1_llm/.venv/lib/python3.8/site-packages/engineio/base_client.py", line 21, in signal_handler
18:05:59 [----]     return original_signal_handler(sig, frame)
18:05:59 [----]   File "/home/qtrobot/tutorials-master/demos/version_1_llm/.venv/lib/python3.8/site-packages/socketio/base_client.py", line 24, in signal_handler
18:05:59 [----]     return original_signal_handler(sig, frame)
18:05:59 [----]   File "/opt/ros/noetic/lib/python3/dist-packages/rospy/core.py", line 606, in _ros_signal
18:05:59 [----]     signal_shutdown("signal-"+str(sig))
18:05:59 [----]   File "/opt/ros/noetic/lib/python3/dist-packages/rospy/core.py", line 560, in signal_shutdown
18:05:59 [----]     _logger.info("signal_shutdown [%s]"%reason)
18:05:59 [----]   File "/usr/lib/python3.8/logging/__init__.py", line 1446, in info
18:05:59 [----]     self._log(INFO, msg, args, **kwargs)
18:05:59 [----]   File "/usr/lib/python3.8/logging/__init__.py", line 1589, in _log
18:05:59 [----]     self.handle(record)
18:05:59 [----]   File "/usr/lib/python3.8/logging/__init__.py", line 1599, in handle
18:05:59 [----]     self.callHandlers(record)
18:05:59 [----]   File "/usr/lib/python3.8/logging/__init__.py", line 1661, in callHandlers
18:05:59 [----]     hdlr.handle(record)
18:05:59 [----]   File "/usr/lib/python3.8/logging/__init__.py", line 954, in handle
18:05:59 [----]     self.emit(record)
18:05:59 [----]   File "/usr/lib/python3.8/logging/handlers.py", line 73, in emit
18:05:59 [----]     self.handleError(record)
18:05:59 [----]   File "/usr/lib/python3.8/logging/__init__.py", line 1006, in handleError
18:05:59 [----]     sys.stderr.write('--- Logging error ---\n')
18:05:59 [----]   File "/home/qtrobot/tutorials-master/demos/version_1_llm_gemini/src/web_user_server.py", line 309, in write
18:05:59 [----]     with self._lock:
18:05:59 [----]   File "/home/qtrobot/tutorials-master/demos/version_1_llm/.venv/lib/python3.8/site-packages/engineio/base_client.py", line 21, in signal_handler
18:05:59 [----]     return original_signal_handler(sig, frame)
18:05:59 [----]   File "/home/qtrobot/tutorials-master/demos/version_1_llm/.venv/lib/python3.8/site-packages/socketio/base_client.py", line 24, in signal_handler
18:05:59 [----]     return original_signal_handler(sig, frame)
18:05:59 [----]   File "/opt/ros/noetic/lib/python3/dist-packages/rospy/core.py", line 606, in _ros_signal
18:05:59 [----]     signal_shutdown("signal-"+str(sig))
18:05:59 [----]   File "/opt/ros/noetic/lib/python3/dist-packages/rospy/core.py", line 560, in signal_shutdown
18:05:59 [----]     _logger.info("signal_shutdown [%s]"%reason)
18:05:59 [----]   File "/usr/lib/python3.8/logging/__init__.py", line 1446, in info
18:05:59 [----]     self._log(INFO, msg, args, **kwargs)
18:05:59 [----]   File "/usr/lib/python3.8/logging/__init__.py", line 1589, in _log
18:05:59 [----]     self.handle(record)
18:05:59 [----]   File "/usr/lib/python3.8/logging/__init__.py", line 1599, in handle
18:05:59 [----]     self.callHandlers(record)
18:05:59 [----]   File "/usr/lib/python3.8/logging/__init__.py", line 1661, in callHandlers
18:05:59 [----]     hdlr.handle(record)
18:05:59 [----]   File "/usr/lib/python3.8/logging/__init__.py", line 954, in handle
18:05:59 [----]     self.emit(record)
18:05:59 [----]   File "/usr/lib/python3.8/logging/handlers.py", line 73, in emit
18:05:59 [----]     self.handleError(record)
18:05:59 [----]   File "/usr/lib/python3.8/logging/__init__.py", line 1006, in handleError
18:05:59 [----]     sys.stderr.write('--- Logging error ---\n')
18:05:59 [----]   File "/home/qtrobot/tutorials-master/demos/version_1_llm_gemini/src/web_user_server.py", line 309, in write
18:05:59 [----]     with self._lock:
18:05:59 [----]   File "/home/qtrobot/tutorials-master/demos/version_1_llm/.venv/lib/python3.8/site-packages/engineio/base_client.py", line 21, in signal_handler
18:05:59 [----]     return original_signal_handler(sig, frame)
18:05:59 [----]   File "/home/qtrobot/tutorials-master/demos/version_1_llm/.venv/lib/python3.8/site-packages/socketio/base_client.py", line 24, in signal_handler
18:05:59 [----]     return original_signal_handler(sig, frame)
18:05:59 [----]   File "/opt/ros/noetic/lib/python3/dist-packages/rospy/core.py", line 606, in _ros_signal
18:05:59 [----]     signal_shutdown("signal-"+str(sig))
18:05:59 [----]   File "/opt/ros/noetic/lib/python3/dist-packages/rospy/core.py", line 560, in signal_shutdown
18:05:59 [----]     _logger.info("signal_shutdown [%s]"%reason)
18:05:59 [----]   File "/usr/lib/python3.8/logging/__init__.py", line 1446, in info
18:05:59 [----]     self._log(INFO, msg, args, **kwargs)
18:05:59 [----]   File "/usr/lib/python3.8/logging/__init__.py", line 1589, in _log
18:05:59 [----]     self.handle(record)
18:05:59 [----]   File "/usr/lib/python3.8/logging/__init__.py", line 1599, in handle
18:05:59 [----]     self.callHandlers(record)
18:05:59 [----]   File "/usr/lib/python3.8/logging/__init__.py", line 1661, in callHandlers
18:05:59 [----]     hdlr.handle(record)
18:05:59 [----]   File "/usr/lib/python3.8/logging/__init__.py", line 954, in handle
18:05:59 [----]     self.emit(record)
18:05:59 [----]   File "/usr/lib/python3.8/logging/handlers.py", line 73, in emit
18:05:59 [----]     self.handleError(record)
18:05:59 [----]   File "/usr/lib/python3.8/logging/__init__.py", line 1006, in handleError
18:05:59 [----]     sys.stderr.write('--- Logging error ---\n')
18:05:59 [----]   File "/home/qtrobot/tutorials-master/demos/version_1_llm_gemini/src/web_user_server.py", line 309, in write
18:05:59 [----]     with self._lock:
18:05:59 [----]   File "/home/qtrobot/tutorials-master/demos/version_1_llm/.venv/lib/python3.8/site-packages/engineio/base_client.py", line 21, in signal_handler
18:05:59 [----]     return original_signal_handler(sig, frame)
18:05:59 [----]   File "/home/qtrobot/tutorials-master/demos/version_1_llm/.venv/lib/python3.8/site-packages/socketio/base_client.py", line 24, in signal_handler
18:05:59 [----]     return original_signal_handler(sig, frame)
18:05:59 [----]   File "/opt/ros/noetic/lib/python3/dist-packages/rospy/core.py", line 606, in _ros_signal
18:05:59 [----]     signal_shutdown("signal-"+str(sig))
18:05:59 [----]   File "/opt/ros/noetic/lib/python3/dist-packages/rospy/core.py", line 560, in signal_shutdown
18:05:59 [----]     _logger.info("signal_shutdown [%s]"%reason)
18:05:59 [----]   File "/usr/lib/python3.8/logging/__init__.py", line 1446, in info
18:05:59 [----]     self._log(INFO, msg, args, **kwargs)
18:05:59 [----]   File "/usr/lib/python3.8/logging/__init__.py", line 1589, in _log
18:05:59 [----]     self.handle(record)
18:05:59 [----]   File "/usr/lib/python3.8/logging/__init__.py", line 1599, in handle
18:05:59 [----]     self.callHandlers(record)
18:05:59 [----]   File "/usr/lib/python3.8/logging/__init__.py", line 1661, in callHandlers
18:05:59 [----]     hdlr.handle(record)
18:05:59 [----]   File "/usr/lib/python3.8/logging/__init__.py", line 954, in handle
18:05:59 [----]     self.emit(record)
18:05:59 [----]   File "/usr/lib/python3.8/logging/handlers.py", line 73, in emit
18:05:59 [----]     self.handleError(record)
18:05:59 [----]   File "/usr/lib/python3.8/logging/__init__.py", line 1006, in handleError
18:05:59 [----]     sys.stderr.write('--- Logging error ---\n')
18:05:59 [----]   File "/home/qtrobot/tutorials-master/demos/version_1_llm_gemini/src/web_user_server.py", line 309, in write
18:05:59 [----]     with self._lock:
18:05:59 [----]   File "/home/qtrobot/tutorials-master/demos/version_1_llm/.venv/lib/python3.8/site-packages/engineio/base_client.py", line 21, in signal_handler
18:05:59 [----]     return original_signal_handler(sig, frame)
18:05:59 [----]   File "/home/qtrobot/tutorials-master/demos/version_1_llm/.venv/lib/python3.8/site-packages/socketio/base_client.py", line 24, in signal_handler
18:05:59 [----]     return original_signal_handler(sig, frame)
18:05:59 [----]   File "/opt/ros/noetic/lib/python3/dist-packages/rospy/core.py", line 606, in _ros_signal
18:05:59 [----]     signal_shutdown("signal-"+str(sig))
18:05:59 [----]   File "/opt/ros/noetic/lib/python3/dist-packages/rospy/core.py", line 560, in signal_shutdown
18:05:59 [----]     _logger.info("signal_shutdown [%s]"%reason)
18:05:59 [----]   File "/usr/lib/python3.8/logging/__init__.py", line 1446, in info
18:05:59 [----]     self._log(INFO, msg, args, **kwargs)
18:05:59 [----]   File "/usr/lib/python3.8/logging/__init__.py", line 1589, in _log
18:05:59 [----]     self.handle(record)
18:05:59 [----]   File "/usr/lib/python3.8/logging/__init__.py", line 1599, in handle
18:05:59 [----]     self.callHandlers(record)
18:05:59 [----]   File "/usr/lib/python3.8/logging/__init__.py", line 1661, in callHandlers
18:05:59 [----]     hdlr.handle(record)
18:05:59 [----]   File "/usr/lib/python3.8/logging/__init__.py", line 954, in handle
18:05:59 [----]     self.emit(record)
18:05:59 [----]   File "/usr/lib/python3.8/logging/handlers.py", line 73, in emit
18:05:59 [----]     self.handleError(record)
18:05:59 [----]   File "/usr/lib/python3.8/logging/__init__.py", line 1006, in handleError
18:05:59 [----]     sys.stderr.write('--- Logging error ---\n')
18:05:59 [----]   File "/home/qtrobot/tutorials-master/demos/version_1_llm_gemini/src/web_user_server.py", line 309, in write
18:05:59 [----]     with self._lock:
18:05:59 [----]   File "/home/qtrobot/tutorials-master/demos/version_1_llm/.venv/lib/python3.8/site-packages/engineio/base_client.py", line 21, in signal_handler
18:05:59 [----]     return original_signal_handler(sig, frame)
18:05:59 [----]   File "/home/qtrobot/tutorials-master/demos/version_1_llm/.venv/lib/python3.8/site-packages/socketio/base_client.py", line 24, in signal_handler
18:05:59 [----]     return original_signal_handler(sig, frame)
18:05:59 [----]   File "/opt/ros/noetic/lib/python3/dist-packages/rospy/core.py", line 606, in _ros_signal
18:05:59 [----]     signal_shutdown("signal-"+str(sig))
18:05:59 [----]   File "/opt/ros/noetic/lib/python3/dist-packages/rospy/core.py", line 560, in signal_shutdown
18:05:59 [----]     _logger.info("signal_shutdown [%s]"%reason)
18:05:59 [----]   File "/usr/lib/python3.8/logging/__init__.py", line 1446, in info
18:05:59 [----]     self._log(INFO, msg, args, **kwargs)
18:05:59 [----]   File "/usr/lib/python3.8/logging/__init__.py", line 1589, in _log
18:05:59 [----]     self.handle(record)
18:05:59 [----]   File "/usr/lib/python3.8/logging/__init__.py", line 1599, in handle
18:05:59 [----]     self.callHandlers(record)
18:05:59 [----]   File "/usr/lib/python3.8/logging/__init__.py", line 1661, in callHandlers
18:05:59 [----]     hdlr.handle(record)
18:05:59 [----]   File "/usr/lib/python3.8/logging/__init__.py", line 954, in handle
18:05:59 [----]     self.emit(record)
18:05:59 [----]   File "/usr/lib/python3.8/logging/handlers.py", line 73, in emit
18:05:59 [----]     self.handleError(record)
18:05:59 [----]   File "/usr/lib/python3.8/logging/__init__.py", line 1006, in handleError
18:05:59 [----]     sys.stderr.write('--- Logging error ---\n')
18:05:59 [----]   File "/home/qtrobot/tutorials-master/demos/version_1_llm_gemini/src/web_user_server.py", line 309, in write
18:05:59 [----]     with self._lock:
18:05:59 [----]   File "/home/qtrobot/tutorials-master/demos/version_1_llm/.venv/lib/python3.8/site-packages/engineio/base_client.py", line 21, in signal_handler
18:05:59 [----]     return original_signal_handler(sig, frame)
18:05:59 [----]   File "/home/qtrobot/tutorials-master/demos/version_1_llm/.venv/lib/python3.8/site-packages/socketio/base_client.py", line 24, in signal_handler
18:05:59 [----]     return original_signal_handler(sig, frame)
18:05:59 [----]   File "/opt/ros/noetic/lib/python3/dist-packages/rospy/core.py", line 606, in _ros_signal
18:05:59 [----]     signal_shutdown("signal-"+str(sig))
18:05:59 [----]   File "/opt/ros/noetic/lib/python3/dist-packages/rospy/core.py", line 560, in signal_shutdown
18:05:59 [----]     _logger.info("signal_shutdown [%s]"%reason)
18:05:59 [----]   File "/usr/lib/python3.8/logging/__init__.py", line 1446, in info
18:05:59 [----]     self._log(INFO, msg, args, **kwargs)
18:05:59 [----]   File "/usr/lib/python3.8/logging/__init__.py", line 1589, in _log
18:05:59 [----]     self.handle(record)
18:05:59 [----]   File "/usr/lib/python3.8/logging/__init__.py", line 1599, in handle
18:05:59 [----]     self.callHandlers(record)
18:05:59 [----]   File "/usr/lib/python3.8/logging/__init__.py", line 1661, in callHandlers
18:05:59 [----]     hdlr.handle(record)
18:05:59 [----]   File "/usr/lib/python3.8/logging/__init__.py", line 954, in handle
18:05:59 [----]     self.emit(record)
18:05:59 [----]   File "/usr/lib/python3.8/logging/handlers.py", line 73, in emit
18:05:59 [----]     self.handleError(record)
18:05:59 [----]   File "/usr/lib/python3.8/logging/__init__.py", line 1006, in handleError
18:05:59 [----]     sys.stderr.write('--- Logging error ---\n')
18:05:59 [----]   File "/home/qtrobot/tutorials-master/demos/version_1_llm_gemini/src/web_user_server.py", line 309, in write
18:05:59 [----]     with self._lock:
18:05:59 [----]   File "/home/qtrobot/tutorials-master/demos/version_1_llm/.venv/lib/python3.8/site-packages/engineio/base_client.py", line 21, in signal_handler
18:05:59 [----]     return original_signal_handler(sig, frame)
18:05:59 [----]   File "/home/qtrobot/tutorials-master/demos/version_1_llm/.venv/lib/python3.8/site-packages/socketio/base_client.py", line 24, in signal_handler
18:05:59 [----]     return original_signal_handler(sig, frame)
18:05:59 [----]   File "/opt/ros/noetic/lib/python3/dist-packages/rospy/core.py", line 606, in _ros_signal
18:05:59 [----]     signal_shutdown("signal-"+str(sig))
18:05:59 [----]   File "/opt/ros/noetic/lib/python3/dist-packages/rospy/core.py", line 560, in signal_shutdown
18:05:59 [----]     _logger.info("signal_shutdown [%s]"%reason)
18:05:59 [----]   File "/usr/lib/python3.8/logging/__init__.py", line 1446, in info
18:05:59 [----]     self._log(INFO, msg, args, **kwargs)
18:05:59 [----]   File "/usr/lib/python3.8/logging/__init__.py", line 1589, in _log
18:05:59 [----]     self.handle(record)
18:05:59 [----]   File "/usr/lib/python3.8/logging/__init__.py", line 1599, in handle
18:05:59 [----]     self.callHandlers(record)
18:05:59 [----]   File "/usr/lib/python3.8/logging/__init__.py", line 1661, in callHandlers
18:05:59 [----]     hdlr.handle(record)
18:05:59 [----]   File "/usr/lib/python3.8/logging/__init__.py", line 954, in handle
18:05:59 [----]     self.emit(record)
18:05:59 [----]   File "/usr/lib/python3.8/logging/handlers.py", line 73, in emit
18:05:59 [----]     self.handleError(record)
18:05:59 [----]   File "/usr/lib/python3.8/logging/__init__.py", line 1006, in handleError
18:05:59 [----]     sys.stderr.write('--- Logging error ---\n')
18:05:59 [----]   File "/home/qtrobot/tutorials-master/demos/version_1_llm_gemini/src/web_user_server.py", line 309, in write
18:05:59 [----]     with self._lock:
18:05:59 [----]   File "/home/qtrobot/tutorials-master/demos/version_1_llm/.venv/lib/python3.8/site-packages/engineio/base_client.py", line 21, in signal_handler
18:05:59 [----]     return original_signal_handler(sig, frame)
18:05:59 [----]   File "/home/qtrobot/tutorials-master/demos/version_1_llm/.venv/lib/python3.8/site-packages/socketio/base_client.py", line 24, in signal_handler
18:05:59 [----]     return original_signal_handler(sig, frame)
18:05:59 [----]   File "/opt/ros/noetic/lib/python3/dist-packages/rospy/core.py", line 606, in _ros_signal
18:05:59 [----]     signal_shutdown("signal-"+str(sig))
18:05:59 [----]   File "/opt/ros/noetic/lib/python3/dist-packages/rospy/core.py", line 560, in signal_shutdown
18:05:59 [----]     _logger.info("signal_shutdown [%s]"%reason)
18:05:59 [----]   File "/usr/lib/python3.8/logging/__init__.py", line 1446, in info
18:05:59 [----]     self._log(INFO, msg, args, **kwargs)
18:05:59 [----]   File "/usr/lib/python3.8/logging/__init__.py", line 1589, in _log
18:05:59 [----]     self.handle(record)
18:05:59 [----]   File "/usr/lib/python3.8/logging/__init__.py", line 1599, in handle
18:05:59 [----]     self.callHandlers(record)
18:05:59 [----]   File "/usr/lib/python3.8/logging/__init__.py", line 1661, in callHandlers
18:05:59 [----]     hdlr.handle(record)
18:05:59 [----]   File "/usr/lib/python3.8/logging/__init__.py", line 954, in handle
18:05:59 [----]     self.emit(record)
18:05:59 [----]   File "/usr/lib/python3.8/logging/handlers.py", line 73, in emit
18:05:59 [----]     self.handleError(record)
18:05:59 [----]   File "/usr/lib/python3.8/logging/__init__.py", line 1006, in handleError
18:05:59 [----]     sys.stderr.write('--- Logging error ---\n')
18:05:59 [----]   File "/home/qtrobot/tutorials-master/demos/version_1_llm_gemini/src/web_user_server.py", line 309, in write
18:05:59 [----]     with self._lock:
18:05:59 [----]   File "/home/qtrobot/tutorials-master/demos/version_1_llm/.venv/lib/python3.8/site-packages/engineio/base_client.py", line 21, in signal_handler
18:05:59 [----]     return original_signal_handler(sig, frame)
18:05:59 [----]   File "/home/qtrobot/tutorials-master/demos/version_1_llm/.venv/lib/python3.8/site-packages/socketio/base_client.py", line 24, in signal_handler
18:05:59 [----]     return original_signal_handler(sig, frame)
18:05:59 [----]   File "/opt/ros/noetic/lib/python3/dist-packages/rospy/core.py", line 606, in _ros_signal
18:05:59 [----]     signal_shutdown("signal-"+str(sig))
18:05:59 [----]   File "/opt/ros/noetic/lib/python3/dist-packages/rospy/core.py", line 560, in signal_shutdown
18:05:59 [----]     _logger.info("signal_shutdown [%s]"%reason)
18:05:59 [----]   File "/usr/lib/python3.8/logging/__init__.py", line 1446, in info
18:05:59 [----]     self._log(INFO, msg, args, **kwargs)
18:05:59 [----]   File "/usr/lib/python3.8/logging/__init__.py", line 1589, in _log
18:05:59 [----]     self.handle(record)
18:05:59 [----]   File "/usr/lib/python3.8/logging/__init__.py", line 1599, in handle
18:05:59 [----]     self.callHandlers(record)
18:05:59 [----]   File "/usr/lib/python3.8/logging/__init__.py", line 1661, in callHandlers
18:05:59 [----]     hdlr.handle(record)
18:05:59 [----]   File "/usr/lib/python3.8/logging/__init__.py", line 954, in handle
18:05:59 [----]     self.emit(record)
18:05:59 [----]   File "/usr/lib/python3.8/logging/handlers.py", line 73, in emit
18:05:59 [----]     self.handleError(record)
18:05:59 [----]   File "/usr/lib/python3.8/logging/__init__.py", line 1006, in handleError
18:05:59 [----]     sys.stderr.write('--- Logging error ---\n')
18:05:59 [----]   File "/home/qtrobot/tutorials-master/demos/version_1_llm_gemini/src/web_user_server.py", line 309, in write
18:05:59 [----]     with self._lock:
18:05:59 [----]   File "/home/qtrobot/tutorials-master/demos/version_1_llm/.venv/lib/python3.8/site-packages/engineio/base_client.py", line 21, in signal_handler
18:05:59 [----]     return original_signal_handler(sig, frame)
18:05:59 [----]   File "/home/qtrobot/tutorials-master/demos/version_1_llm/.venv/lib/python3.8/site-packages/socketio/base_client.py", line 24, in signal_handler
18:05:59 [----]     return original_signal_handler(sig, frame)
18:05:59 [----]   File "/opt/ros/noetic/lib/python3/dist-packages/rospy/core.py", line 606, in _ros_signal
18:05:59 [----]     signal_shutdown("signal-"+str(sig))
18:05:59 [----]   File "/opt/ros/noetic/lib/python3/dist-packages/rospy/core.py", line 560, in signal_shutdown
18:05:59 [----]     _logger.info("signal_shutdown [%s]"%reason)
18:05:59 [----]   File "/usr/lib/python3.8/logging/__init__.py", line 1446, in info
18:05:59 [----]     self._log(INFO, msg, args, **kwargs)
18:05:59 [----]   File "/usr/lib/python3.8/logging/__init__.py", line 1589, in _log
18:05:59 [----]     self.handle(record)
18:05:59 [----]   File "/usr/lib/python3.8/logging/__init__.py", line 1599, in handle
18:05:59 [----]     self.callHandlers(record)
18:05:59 [----]   File "/usr/lib/python3.8/logging/__init__.py", line 1661, in callHandlers
18:05:59 [----]     hdlr.handle(record)
18:05:59 [----]   File "/usr/lib/python3.8/logging/__init__.py", line 954, in handle
18:05:59 [----]     self.emit(record)
18:05:59 [----]   File "/usr/lib/python3.8/logging/handlers.py", line 73, in emit
18:05:59 [----]     self.handleError(record)
18:05:59 [----]   File "/usr/lib/python3.8/logging/__init__.py", line 1006, in handleError
18:05:59 [----]     sys.stderr.write('--- Logging error ---\n')
18:05:59 [----]   File "/home/qtrobot/tutorials-master/demos/version_1_llm_gemini/src/web_user_server.py", line 309, in write
18:05:59 [----]     with self._lock:
18:05:59 [----]   File "/home/qtrobot/tutorials-master/demos/version_1_llm/.venv/lib/python3.8/site-packages/engineio/base_client.py", line 21, in signal_handler
18:05:59 [----]     return original_signal_handler(sig, frame)
18:05:59 [----]   File "/home/qtrobot/tutorials-master/demos/version_1_llm/.venv/lib/python3.8/site-packages/socketio/base_client.py", line 24, in signal_handler
18:05:59 [----]     return original_signal_handler(sig, frame)
18:05:59 [----]   File "/opt/ros/noetic/lib/python3/dist-packages/rospy/core.py", line 606, in _ros_signal
18:05:59 [----]     signal_shutdown("signal-"+str(sig))
18:05:59 [----]   File "/opt/ros/noetic/lib/python3/dist-packages/rospy/core.py", line 560, in signal_shutdown
18:05:59 [----]     _logger.info("signal_shutdown [%s]"%reason)
18:05:59 [----]   File "/usr/lib/python3.8/logging/__init__.py", line 1446, in info
18:05:59 [----]     self._log(INFO, msg, args, **kwargs)
18:05:59 [----]   File "/usr/lib/python3.8/logging/__init__.py", line 1589, in _log
18:05:59 [----]     self.handle(record)
18:05:59 [----]   File "/usr/lib/python3.8/logging/__init__.py", line 1599, in handle
18:05:59 [----]     self.callHandlers(record)
18:05:59 [----]   File "/usr/lib/python3.8/logging/__init__.py", line 1661, in callHandlers
18:05:59 [----]     hdlr.handle(record)
18:05:59 [----]   File "/usr/lib/python3.8/logging/__init__.py", line 954, in handle
18:05:59 [----]     self.emit(record)
18:05:59 [----]   File "/usr/lib/python3.8/logging/handlers.py", line 73, in emit
18:05:59 [----]     self.handleError(record)
18:05:59 [----]   File "/usr/lib/python3.8/logging/__init__.py", line 1006, in handleError
18:05:59 [----]     sys.stderr.write('--- Logging error ---\n')
18:05:59 [----]   File "/home/qtrobot/tutorials-master/demos/version_1_llm_gemini/src/web_user_server.py", line 309, in write
18:05:59 [----]     with self._lock:
18:05:59 [----]   File "/home/qtrobot/tutorials-master/demos/version_1_llm/.venv/lib/python3.8/site-packages/engineio/base_client.py", line 21, in signal_handler
18:05:59 [----]     return original_signal_handler(sig, frame)
18:05:59 [----]   File "/home/qtrobot/tutorials-master/demos/version_1_llm/.venv/lib/python3.8/site-packages/socketio/base_client.py", line 24, in signal_handler
18:05:59 [----]     return original_signal_handler(sig, frame)
18:05:59 [----]   File "/opt/ros/noetic/lib/python3/dist-packages/rospy/core.py", line 606, in _ros_signal
18:05:59 [----]     signal_shutdown("signal-"+str(sig))
18:05:59 [----]   File "/opt/ros/noetic/lib/python3/dist-packages/rospy/core.py", line 560, in signal_shutdown
18:05:59 [----]     _logger.info("signal_shutdown [%s]"%reason)
18:05:59 [----]   File "/usr/lib/python3.8/logging/__init__.py", line 1446, in info
18:05:59 [----]     self._log(INFO, msg, args, **kwargs)
18:05:59 [----]   File "/usr/lib/python3.8/logging/__init__.py", line 1589, in _log
18:05:59 [----]     self.handle(record)
18:05:59 [----]   File "/usr/lib/python3.8/logging/__init__.py", line 1599, in handle
18:05:59 [----]     self.callHandlers(record)
18:05:59 [----]   File "/usr/lib/python3.8/logging/__init__.py", line 1661, in callHandlers
18:05:59 [----]     hdlr.handle(record)
18:05:59 [----]   File "/usr/lib/python3.8/logging/__init__.py", line 954, in handle
18:05:59 [----]     self.emit(record)
18:05:59 [----]   File "/usr/lib/python3.8/logging/handlers.py", line 73, in emit
18:05:59 [----]     self.handleError(record)
18:05:59 [----]   File "/usr/lib/python3.8/logging/__init__.py", line 1006, in handleError
18:05:59 [----]     sys.stderr.write('--- Logging error ---\n')
18:05:59 [----]   File "/home/qtrobot/tutorials-master/demos/version_1_llm_gemini/src/web_user_server.py", line 309, in write
18:05:59 [----]     with self._lock:
18:05:59 [----]   File "/home/qtrobot/tutorials-master/demos/version_1_llm/.venv/lib/python3.8/site-packages/engineio/base_client.py", line 21, in signal_handler
18:05:59 [----]     return original_signal_handler(sig, frame)
18:05:59 [----]   File "/home/qtrobot/tutorials-master/demos/version_1_llm/.venv/lib/python3.8/site-packages/socketio/base_client.py", line 24, in signal_handler
18:05:59 [----]     return original_signal_handler(sig, frame)
18:05:59 [----]   File "/opt/ros/noetic/lib/python3/dist-packages/rospy/core.py", line 606, in _ros_signal
18:05:59 [----]     signal_shutdown("signal-"+str(sig))
18:05:59 [----]   File "/opt/ros/noetic/lib/python3/dist-packages/rospy/core.py", line 560, in signal_shutdown
18:05:59 [----]     _logger.info("signal_shutdown [%s]"%reason)
18:05:59 [----]   File "/usr/lib/python3.8/logging/__init__.py", line 1446, in info
18:05:59 [----]     self._log(INFO, msg, args, **kwargs)
18:05:59 [----]   File "/usr/lib/python3.8/logging/__init__.py", line 1589, in _log
18:05:59 [----]     self.handle(record)
18:05:59 [----]   File "/usr/lib/python3.8/logging/__init__.py", line 1599, in handle
18:05:59 [----]     self.callHandlers(record)
18:05:59 [----]   File "/usr/lib/python3.8/logging/__init__.py", line 1661, in callHandlers
18:05:59 [----]     hdlr.handle(record)
18:05:59 [----]   File "/usr/lib/python3.8/logging/__init__.py", line 954, in handle
18:05:59 [----]     self.emit(record)
18:05:59 [----]   File "/usr/lib/python3.8/logging/handlers.py", line 73, in emit
18:05:59 [----]     self.handleError(record)
18:05:59 [----]   File "/usr/lib/python3.8/logging/__init__.py", line 1006, in handleError
18:05:59 [----]     sys.stderr.write('--- Logging error ---\n')
18:05:59 [----]   File "/home/qtrobot/tutorials-master/demos/version_1_llm_gemini/src/web_user_server.py", line 309, in write
18:05:59 [----]     with self._lock:
18:05:59 [----]   File "/home/qtrobot/tutorials-master/demos/version_1_llm/.venv/lib/python3.8/site-packages/engineio/base_client.py", line 21, in signal_handler
18:05:59 [----]     return original_signal_handler(sig, frame)
18:05:59 [----]   File "/home/qtrobot/tutorials-master/demos/version_1_llm/.venv/lib/python3.8/site-packages/socketio/base_client.py", line 24, in signal_handler
18:05:59 [----]     return original_signal_handler(sig, frame)
18:05:59 [----]   File "/opt/ros/noetic/lib/python3/dist-packages/rospy/core.py", line 606, in _ros_signal
18:05:59 [----]     signal_shutdown("signal-"+str(sig))
18:05:59 [----]   File "/opt/ros/noetic/lib/python3/dist-packages/rospy/core.py", line 560, in signal_shutdown
18:05:59 [----]     _logger.info("signal_shutdown [%s]"%reason)
18:05:59 [----]   File "/usr/lib/python3.8/logging/__init__.py", line 1446, in info
18:05:59 [----]     self._log(INFO, msg, args, **kwargs)
18:05:59 [----]   File "/usr/lib/python3.8/logging/__init__.py", line 1589, in _log
18:05:59 [----]     self.handle(record)
18:05:59 [----]   File "/usr/lib/python3.8/logging/__init__.py", line 1599, in handle
18:05:59 [----]     self.callHandlers(record)
18:05:59 [----]   File "/usr/lib/python3.8/logging/__init__.py", line 1661, in callHandlers
18:05:59 [----]     hdlr.handle(record)
18:05:59 [----]   File "/usr/lib/python3.8/logging/__init__.py", line 954, in handle
18:05:59 [----]     self.emit(record)
18:05:59 [----]   File "/usr/lib/python3.8/logging/handlers.py", line 73, in emit
18:05:59 [----]     self.handleError(record)
18:05:59 [----]   File "/usr/lib/python3.8/logging/__init__.py", line 1006, in handleError
18:05:59 [----]     sys.stderr.write('--- Logging error ---\n')
18:05:59 [----]   File "/home/qtrobot/tutorials-master/demos/version_1_llm_gemini/src/web_user_server.py", line 309, in write
18:05:59 [----]     with self._lock:
18:05:59 [----]   File "/home/qtrobot/tutorials-master/demos/version_1_llm/.venv/lib/python3.8/site-packages/engineio/base_client.py", line 21, in signal_handler
18:05:59 [----]     return original_signal_handler(sig, frame)
18:05:59 [----]   File "/home/qtrobot/tutorials-master/demos/version_1_llm/.venv/lib/python3.8/site-packages/socketio/base_client.py", line 24, in signal_handler
18:05:59 [----]     return original_signal_handler(sig, frame)
18:05:59 [----]   File "/opt/ros/noetic/lib/python3/dist-packages/rospy/core.py", line 606, in _ros_signal
18:05:59 [----]     signal_shutdown("signal-"+str(sig))
18:05:59 [----]   File "/opt/ros/noetic/lib/python3/dist-packages/rospy/core.py", line 560, in signal_shutdown
18:05:59 [----]     _logger.info("signal_shutdown [%s]"%reason)
18:05:59 [----]   File "/usr/lib/python3.8/logging/__init__.py", line 1446, in info
18:05:59 [----]     self._log(INFO, msg, args, **kwargs)
18:05:59 [----]   File "/usr/lib/python3.8/logging/__init__.py", line 1589, in _log
18:05:59 [----]     self.handle(record)
18:05:59 [----]   File "/usr/lib/python3.8/logging/__init__.py", line 1599, in handle
18:05:59 [----]     self.callHandlers(record)
18:05:59 [----]   File "/usr/lib/python3.8/logging/__init__.py", line 1661, in callHandlers
18:05:59 [----]     hdlr.handle(record)
18:05:59 [----]   File "/usr/lib/python3.8/logging/__init__.py", line 954, in handle
18:05:59 [----]     self.emit(record)
18:05:59 [----]   File "/usr/lib/python3.8/logging/handlers.py", line 73, in emit
18:05:59 [----]     self.handleError(record)
18:05:59 [----]   File "/usr/lib/python3.8/logging/__init__.py", line 1006, in handleError
18:05:59 [----]     sys.stderr.write('--- Logging error ---\n')
18:05:59 [----]   File "/home/qtrobot/tutorials-master/demos/version_1_llm_gemini/src/web_user_server.py", line 309, in write
18:05:59 [----]     with self._lock:
18:05:59 [----]   File "/home/qtrobot/tutorials-master/demos/version_1_llm/.venv/lib/python3.8/site-packages/engineio/base_client.py", line 21, in signal_handler
18:05:59 [----]     return original_signal_handler(sig, frame)
18:05:59 [----]   File "/home/qtrobot/tutorials-master/demos/version_1_llm/.venv/lib/python3.8/site-packages/socketio/base_client.py", line 24, in signal_handler
18:05:59 [----]     return original_signal_handler(sig, frame)
18:05:59 [----]   File "/opt/ros/noetic/lib/python3/dist-packages/rospy/core.py", line 606, in _ros_signal
18:05:59 [----]     signal_shutdown("signal-"+str(sig))
18:05:59 [----]   File "/opt/ros/noetic/lib/python3/dist-packages/rospy/core.py", line 560, in signal_shutdown
18:05:59 [----]     _logger.info("signal_shutdown [%s]"%reason)
18:05:59 [----]   File "/usr/lib/python3.8/logging/__init__.py", line 1446, in info
18:05:59 [----]     self._log(INFO, msg, args, **kwargs)
18:05:59 [----]   File "/usr/lib/python3.8/logging/__init__.py", line 1589, in _log
18:05:59 [----]     self.handle(record)
18:05:59 [----]   File "/usr/lib/python3.8/logging/__init__.py", line 1599, in handle
18:05:59 [----]     self.callHandlers(record)
18:05:59 [----]   File "/usr/lib/python3.8/logging/__init__.py", line 1661, in callHandlers
18:05:59 [----]     hdlr.handle(record)
18:05:59 [----]   File "/usr/lib/python3.8/logging/__init__.py", line 954, in handle
18:05:59 [----]     self.emit(record)
18:05:59 [----]   File "/usr/lib/python3.8/logging/handlers.py", line 73, in emit
18:05:59 [----]     self.handleError(record)
18:05:59 [----]   File "/usr/lib/python3.8/logging/__init__.py", line 1006, in handleError
18:05:59 [----]     sys.stderr.write('--- Logging error ---\n')
18:05:59 [----]   File "/home/qtrobot/tutorials-master/demos/version_1_llm_gemini/src/web_user_server.py", line 309, in write
18:05:59 [----]     with self._lock:
18:05:59 [----]   File "/home/qtrobot/tutorials-master/demos/version_1_llm/.venv/lib/python3.8/site-packages/engineio/base_client.py", line 21, in signal_handler
18:05:59 [----]     return original_signal_handler(sig, frame)
18:05:59 [----]   File "/home/qtrobot/tutorials-master/demos/version_1_llm/.venv/lib/python3.8/site-packages/socketio/base_client.py", line 24, in signal_handler
18:05:59 [----]     return original_signal_handler(sig, frame)
18:05:59 [----]   File "/opt/ros/noetic/lib/python3/dist-packages/rospy/core.py", line 606, in _ros_signal
18:05:59 [----]     signal_shutdown("signal-"+str(sig))
18:05:59 [----]   File "/opt/ros/noetic/lib/python3/dist-packages/rospy/core.py", line 560, in signal_shutdown
18:05:59 [----]     _logger.info("signal_shutdown [%s]"%reason)
18:05:59 [----]   File "/usr/lib/python3.8/logging/__init__.py", line 1446, in info
18:05:59 [----]     self._log(INFO, msg, args, **kwargs)
18:05:59 [----]   File "/usr/lib/python3.8/logging/__init__.py", line 1589, in _log
18:05:59 [----]     self.handle(record)
18:05:59 [----]   File "/usr/lib/python3.8/logging/__init__.py", line 1599, in handle
18:05:59 [----]     self.callHandlers(record)
18:05:59 [----]   File "/usr/lib/python3.8/logging/__init__.py", line 1661, in callHandlers
18:05:59 [----]     hdlr.handle(record)
18:05:59 [----]   File "/usr/lib/python3.8/logging/__init__.py", line 954, in handle
18:05:59 [----]     self.emit(record)
18:05:59 [----]   File "/usr/lib/python3.8/logging/handlers.py", line 73, in emit
18:05:59 [----]     self.handleError(record)
18:05:59 [----]   File "/usr/lib/python3.8/logging/__init__.py", line 1006, in handleError
18:05:59 [----]     sys.stderr.write('--- Logging error ---\n')
18:05:59 [----]   File "/home/qtrobot/tutorials-master/demos/version_1_llm_gemini/src/web_user_server.py", line 309, in write
18:05:59 [----]     with self._lock:
18:05:59 [----]   File "/home/qtrobot/tutorials-master/demos/version_1_llm/.venv/lib/python3.8/site-packages/engineio/base_client.py", line 21, in signal_handler
18:05:59 [----]     return original_signal_handler(sig, frame)
18:05:59 [----]   File "/home/qtrobot/tutorials-master/demos/version_1_llm/.venv/lib/python3.8/site-packages/socketio/base_client.py", line 24, in signal_handler
18:05:59 [----]     return original_signal_handler(sig, frame)
18:05:59 [----]   File "/opt/ros/noetic/lib/python3/dist-packages/rospy/core.py", line 606, in _ros_signal
18:05:59 [----]     signal_shutdown("signal-"+str(sig))
18:05:59 [----]   File "/opt/ros/noetic/lib/python3/dist-packages/rospy/core.py", line 560, in signal_shutdown
18:05:59 [----]     _logger.info("signal_shutdown [%s]"%reason)
18:05:59 [----]   File "/usr/lib/python3.8/logging/__init__.py", line 1446, in info
18:05:59 [----]     self._log(INFO, msg, args, **kwargs)
18:05:59 [----]   File "/usr/lib/python3.8/logging/__init__.py", line 1589, in _log
18:05:59 [----]     self.handle(record)
18:05:59 [----]   File "/usr/lib/python3.8/logging/__init__.py", line 1599, in handle
18:05:59 [----]     self.callHandlers(record)
18:05:59 [----]   File "/usr/lib/python3.8/logging/__init__.py", line 1661, in callHandlers
18:05:59 [----]     hdlr.handle(record)
18:05:59 [----]   File "/usr/lib/python3.8/logging/__init__.py", line 954, in handle
18:05:59 [----]     self.emit(record)
18:05:59 [----]   File "/usr/lib/python3.8/logging/handlers.py", line 73, in emit
18:05:59 [----]     self.handleError(record)
18:05:59 [----]   File "/usr/lib/python3.8/logging/__init__.py", line 1006, in handleError
18:05:59 [----]     sys.stderr.write('--- Logging error ---\n')
18:05:59 [----]   File "/home/qtrobot/tutorials-master/demos/version_1_llm_gemini/src/web_user_server.py", line 309, in write
18:05:59 [----]     with self._lock:
18:05:59 [----]   File "/home/qtrobot/tutorials-master/demos/version_1_llm/.venv/lib/python3.8/site-packages/engineio/base_client.py", line 21, in signal_handler
18:05:59 [----]     return original_signal_handler(sig, frame)
18:05:59 [----]   File "/home/qtrobot/tutorials-master/demos/version_1_llm/.venv/lib/python3.8/site-packages/socketio/base_client.py", line 24, in signal_handler
18:05:59 [----]     return original_signal_handler(sig, frame)
18:05:59 [----]   File "/opt/ros/noetic/lib/python3/dist-packages/rospy/core.py", line 606, in _ros_signal
18:05:59 [----]     signal_shutdown("signal-"+str(sig))
18:05:59 [----]   File "/opt/ros/noetic/lib/python3/dist-packages/rospy/core.py", line 560, in signal_shutdown
18:05:59 [----]     _logger.info("signal_shutdown [%s]"%reason)
18:05:59 [----]   File "/usr/lib/python3.8/logging/__init__.py", line 1445, in info
18:05:59 [----]     if self.isEnabledFor(INFO):
18:05:59 [----] RecursionError: maximum recursion depth exceeded
18:05:59 [----] 
18:05:59 [----] During handling of the above exception, another exception occurred:
18:05:59 [----] 
18:05:59 [----] Traceback (most recent call last):
18:05:59 [----]   File "/usr/lib/python3.8/logging/handlers.py", line 69, in emit
18:05:59 [----]     if self.shouldRollover(record):
18:05:59 [----]   File "/usr/lib/python3.8/logging/handlers.py", line 186, in shouldRollover
18:05:59 [----]     self.stream.seek(0, 2)  #due to non-posix-compliant Windows feature
18:05:59 [----] RuntimeError: reentrant call inside <_io.BufferedWriter name='/home/qtrobot/.ros/log/tts_helper_24179_1782316469087.log'>
18:05:59 [----] 
18:05:59 [----] During handling of the above exception, another exception occurred:
18:05:59 [----] 
18:05:59 [----] Traceback (most recent call last):
18:05:59 [----]   File "/usr/lib/python3.8/logging/handlers.py", line 69, in emit
18:05:59 [----]     if self.shouldRollover(record):
18:05:59 [----]   File "/usr/lib/python3.8/logging/handlers.py", line 186, in shouldRollover
18:05:59 [----]     self.stream.seek(0, 2)  #due to non-posix-compliant Windows feature
18:05:59 [----] RuntimeError: reentrant call inside <_io.BufferedWriter name='/home/qtrobot/.ros/log/tts_helper_24179_1782316469087.log'>
18:05:59 [----] 
18:05:59 [----] During handling of the above exception, another exception occurred:
18:05:59 [----] 
18:05:59 [----] Traceback (most recent call last):
18:05:59 [----]   File "/usr/lib/python3.8/logging/handlers.py", line 69, in emit
18:05:59 [----]     if self.shouldRollover(record):
18:05:59 [----]   File "/usr/lib/python3.8/logging/handlers.py", line 186, in shouldRollover
18:05:59 [----]     self.stream.seek(0, 2)  #due to non-posix-compliant Windows feature
18:05:59 [----] RuntimeError: reentrant call inside <_io.BufferedWriter name='/home/qtrobot/.ros/log/tts_helper_24179_1782316469087.log'>
18:05:59 [----] 
18:05:59 [----] During handling of the above exception, another exception occurred:
18:05:59 [----] 
18:05:59 [----] Traceback (most recent call last):
18:05:59 [----]   File "/usr/lib/python3.8/logging/__init__.py", line 1089, in emit
18:05:59 [----]     self.flush()
18:05:59 [----]   File "/usr/lib/python3.8/logging/__init__.py", line 1069, in flush
18:05:59 [----]     self.stream.flush()
18:05:59 [----]   File "/home/qtrobot/tutorials-master/demos/version_1_llm/.venv/lib/python3.8/site-packages/engineio/base_client.py", line 21, in signal_handler
18:05:59 [----]     return original_signal_handler(sig, frame)
18:05:59 [----]   File "/home/qtrobot/tutorials-master/demos/version_1_llm/.venv/lib/python3.8/site-packages/socketio/base_client.py", line 24, in signal_handler
18:05:59 [----]     return original_signal_handler(sig, frame)
18:05:59 [----]   File "/opt/ros/noetic/lib/python3/dist-packages/rospy/core.py", line 606, in _ros_signal
18:05:59 [----]     signal_shutdown("signal-"+str(sig))
18:05:59 [----]   File "/opt/ros/noetic/lib/python3/dist-packages/rospy/core.py", line 560, in signal_shutdown
18:05:59 [----]     _logger.info("signal_shutdown [%s]"%reason)
18:05:59 [----]   File "/usr/lib/python3.8/logging/__init__.py", line 1446, in info
18:05:59 [----]     self._log(INFO, msg, args, **kwargs)
18:05:59 [----]   File "/usr/lib/python3.8/logging/__init__.py", line 1589, in _log
18:05:59 [----]     self.handle(record)
18:05:59 [----]   File "/usr/lib/python3.8/logging/__init__.py", line 1599, in handle
18:05:59 [----]     self.callHandlers(record)
18:05:59 [----]   File "/usr/lib/python3.8/logging/__init__.py", line 1661, in callHandlers
18:05:59 [----]     hdlr.handle(record)
18:05:59 [----]   File "/usr/lib/python3.8/logging/__init__.py", line 954, in handle
18:05:59 [----]     self.emit(record)
18:05:59 [----]   File "/usr/lib/python3.8/logging/handlers.py", line 73, in emit
18:05:59 [----]     self.handleError(record)
18:05:59 [----]   File "/usr/lib/python3.8/logging/__init__.py", line 1007, in handleError
18:05:59 [----]     traceback.print_exception(t, v, tb, None, sys.stderr)
18:05:59 [----]   File "/usr/lib/python3.8/traceback.py", line 103, in print_exception
18:05:59 [----]     for line in TracebackException(
18:05:59 [----]   File "/home/qtrobot/tutorials-master/demos/version_1_llm/.venv/lib/python3.8/site-packages/exceptiongroup/_formatting.py", line 179, in __init__
18:05:59 [----]     context = PatchedTracebackException(
18:06:00 [----]   File "/home/qtrobot/tutorials-master/demos/version_1_llm/.venv/lib/python3.8/site-packages/exceptiongroup/_formatting.py", line 96, in __init__
18:06:00 [----]     self.stack = traceback.StackSummary.extract(
18:06:00 [----]   File "/usr/lib/python3.8/traceback.py", line 362, in extract
18:06:00 [----]     linecache.checkcache(filename)
18:06:00 [----]   File "/usr/lib/python3.8/linecache.py", line 74, in checkcache
18:06:00 [----]     stat = os.stat(fullname)
18:06:00 [----]   File "/home/qtrobot/tutorials-master/demos/version_1_llm/.venv/lib/python3.8/site-packages/engineio/base_client.py", line 21, in signal_handler
18:06:00 [----]     return original_signal_handler(sig, frame)
18:06:00 [----]   File "/home/qtrobot/tutorials-master/demos/version_1_llm/.venv/lib/python3.8/site-packages/socketio/base_client.py", line 24, in signal_handler
18:06:00 [----]     return original_signal_handler(sig, frame)
18:06:00 [----]   File "/opt/ros/noetic/lib/python3/dist-packages/rospy/core.py", line 606, in _ros_signal
18:06:00 [----]     signal_shutdown("signal-"+str(sig))
18:06:00 [----]   File "/opt/ros/noetic/lib/python3/dist-packages/rospy/core.py", line 560, in signal_shutdown
18:06:00 [----]     _logger.info("signal_shutdown [%s]"%reason)
18:06:00 [----]   File "/usr/lib/python3.8/logging/__init__.py", line 1446, in info
18:06:00 [----]     self._log(INFO, msg, args, **kwargs)
18:06:00 [----]   File "/usr/lib/python3.8/logging/__init__.py", line 1589, in _log
18:06:00 [----]     self.handle(record)
18:06:00 [----]   File "/usr/lib/python3.8/logging/__init__.py", line 1599, in handle
18:06:00 [----]     self.callHandlers(record)
18:06:00 [----]   File "/usr/lib/python3.8/logging/__init__.py", line 1661, in callHandlers
18:06:00 [----]     hdlr.handle(record)
18:06:00 [----]   File "/usr/lib/python3.8/logging/__init__.py", line 954, in handle
18:06:00 [----]     self.emit(record)
18:06:00 [----]   File "/usr/lib/python3.8/logging/handlers.py", line 73, in emit
18:06:00 [----]     self.handleError(record)
18:06:00 [----]   File "/usr/lib/python3.8/logging/__init__.py", line 1006, in handleError
18:06:00 [----]     sys.stderr.write('--- Logging error ---\n')
18:06:00 [----]   File "/home/qtrobot/tutorials-master/demos/version_1_llm_gemini/src/web_user_server.py", line 308, in write
18:06:00 [----]     self._original.write(data)
18:06:00 [----]   File "/home/qtrobot/tutorials-master/demos/version_1_llm/.venv/lib/python3.8/site-packages/engineio/base_client.py", line 21, in signal_handler
18:06:00 [----]     return original_signal_handler(sig, frame)
18:06:00 [----]   File "/home/qtrobot/tutorials-master/demos/version_1_llm/.venv/lib/python3.8/site-packages/socketio/base_client.py", line 24, in signal_handler
18:06:00 [----]     return original_signal_handler(sig, frame)
18:06:00 [----]   File "/opt/ros/noetic/lib/python3/dist-packages/rospy/core.py", line 606, in _ros_signal
18:06:00 [----]     signal_shutdown("signal-"+str(sig))
18:06:00 [----]   File "/opt/ros/noetic/lib/python3/dist-packages/rospy/core.py", line 560, in signal_shutdown
18:06:00 [----]     _logger.info("signal_shutdown [%s]"%reason)
18:06:00 [----]   File "/usr/lib/python3.8/logging/__init__.py", line 1446, in info
18:06:00 [----]     self._log(INFO, msg, args, **kwargs)
18:06:00 [----]   File "/usr/lib/python3.8/logging/__init__.py", line 1589, in _log
18:06:00 [----]     self.handle(record)
18:06:00 [----]   File "/usr/lib/python3.8/logging/__init__.py", line 1599, in handle
18:06:00 [----]     self.callHandlers(record)
18:06:00 [----]   File "/usr/lib/python3.8/logging/__init__.py", line 1661, in callHandlers
18:06:00 [----]     hdlr.handle(record)
18:06:00 [----]   File "/usr/lib/python3.8/logging/__init__.py", line 954, in handle
18:06:00 [----]     self.emit(record)
18:06:00 [----]   File "/usr/lib/python3.8/logging/handlers.py", line 73, in emit
18:06:00 [----]     self.handleError(record)
18:06:00 [----]   File "/usr/lib/python3.8/logging/__init__.py", line 1006, in handleError
18:06:00 [----]     sys.stderr.write('--- Logging error ---\n')
18:06:00 [----]   File "/home/qtrobot/tutorials-master/demos/version_1_llm_gemini/src/web_user_server.py", line 308, in write
18:06:00 [----]     self._original.write(data)
18:06:00 [----] RuntimeError: reentrant call inside <_io.BufferedWriter name='<stderr>'>
18:06:00 [----] 
18:06:00 [----] During handling of the above exception, another exception occurred:
18:06:00 [----] 
18:06:00 [----] Traceback (most recent call last):
18:06:00 [----]   File "/usr/lib/python3.8/logging/handlers.py", line 69, in emit
18:06:00 [----]     if self.shouldRollover(record):
18:06:00 [----]   File "/usr/lib/python3.8/logging/handlers.py", line 186, in shouldRollover
18:06:00 [----]     self.stream.seek(0, 2)  #due to non-posix-compliant Windows feature
18:06:00 [----] RuntimeError: reentrant call inside <_io.BufferedWriter name='/home/qtrobot/.ros/log/tts_helper_24179_1782316469087.log'>
18:06:00 [----] 
18:06:00 [----] During handling of the above exception, another exception occurred:
18:06:00 [----] 
18:06:00 [----] Traceback (most recent call last):
18:06:00 [----]   File "/usr/lib/python3.8/logging/handlers.py", line 69, in emit
18:06:00 [----]     if self.shouldRollover(record):
18:06:00 [----]   File "/usr/lib/python3.8/logging/handlers.py", line 186, in shouldRollover
18:06:00 [----]     self.stream.seek(0, 2)  #due to non-posix-compliant Windows feature
18:06:00 [----] RuntimeError: reentrant call inside <_io.BufferedWriter name='/home/qtrobot/.ros/log/tts_helper_24179_1782316469087.log'>
18:06:00 [----] 
18:06:00 [----] During handling of the above exception, another exception occurred:
18:06:00 [----] 
18:06:00 [----] Traceback (most recent call last):
18:06:00 [----]   File "/usr/lib/python3.8/logging/handlers.py", line 69, in emit
18:06:00 [----]     if self.shouldRollover(record):
18:06:00 [----]   File "/usr/lib/python3.8/logging/handlers.py", line 186, in shouldRollover
18:06:00 [----]     self.stream.seek(0, 2)  #due to non-posix-compliant Windows feature
18:06:00 [----] RuntimeError: reentrant call inside <_io.BufferedWriter name='/home/qtrobot/.ros/log/tts_helper_24179_1782316469087.log'>
18:06:00 [----] 
18:06:00 [----] During handling of the above exception, another exception occurred:
18:06:00 [----] 
18:06:00 [----] Traceback (most recent call last):
18:06:00 [----]   File "/usr/lib/python3.8/logging/handlers.py", line 69, in emit
18:06:00 [----]     if self.shouldRollover(record):
18:06:00 [----]   File "/usr/lib/python3.8/logging/handlers.py", line 186, in shouldRollover
18:06:00 [----]     self.stream.seek(0, 2)  #due to non-posix-compliant Windows feature
18:06:00 [----] RuntimeError: reentrant call inside <_io.BufferedWriter name='/home/qtrobot/.ros/log/tts_helper_24179_1782316469087.log'>
18:06:00 [----] Call stack:
18:06:00 [----]   File "/home/qtrobot/tutorials-master/demos/version_1_llm_gemini/src/web_user_server.py", line 6856, in <module>
18:06:00 [----]     app.run(host="0.0.0.0", port=8080, debug=True)
18:06:00 [----]   File "/home/qtrobot/tutorials-master/demos/version_1_llm/.venv/lib/python3.8/site-packages/flask/app.py", line 889, in run
18:06:00 [----]     run_simple(t.cast(str, host), port, self, **options)
18:06:00 [----]   File "/home/qtrobot/tutorials-master/demos/version_1_llm/.venv/lib/python3.8/site-packages/werkzeug/serving.py", line 1115, in run_simple
18:06:00 [----]     run_with_reloader(
18:06:00 [----]   File "/home/qtrobot/tutorials-master/demos/version_1_llm/.venv/lib/python3.8/site-packages/werkzeug/_reloader.py", line 467, in run_with_reloader
18:06:00 [----]     reloader.run()
18:06:00 [----]   File "/home/qtrobot/tutorials-master/demos/version_1_llm/.venv/lib/python3.8/site-packages/werkzeug/_reloader.py", line 257, in run
18:06:00 [----]     self.run_step()
18:06:00 [----]   File "/home/qtrobot/tutorials-master/demos/version_1_llm/.venv/lib/python3.8/site-packages/werkzeug/_reloader.py", line 297, in run_step
18:06:00 [----]     for name in _find_stat_paths(self.extra_files, self.exclude_patterns):
18:06:00 [----]   File "/home/qtrobot/tutorials-master/demos/version_1_llm/.venv/lib/python3.8/site-packages/werkzeug/_reloader.py", line 88, in _find_stat_paths
18:06:00 [----]     for root, dirs, files in os.walk(path):
18:06:00 [----]   File "/usr/lib/python3.8/os.py", line 413, in walk
18:06:00 [----]     yield from walk(new_path, topdown, onerror, followlinks)
18:06:00 [----]   File "/usr/lib/python3.8/os.py", line 413, in walk
18:06:00 [----]     yield from walk(new_path, topdown, onerror, followlinks)
18:06:00 [----]   File "/usr/lib/python3.8/os.py", line 362, in walk
18:06:00 [----]     entry = next(scandir_it)
18:06:00 [----]   File "/home/qtrobot/tutorials-master/demos/version_1_llm/.venv/lib/python3.8/site-packages/engineio/base_client.py", line 21, in signal_handler
18:06:00 [----]     return original_signal_handler(sig, frame)
18:06:00 [----]   File "/home/qtrobot/tutorials-master/demos/version_1_llm/.venv/lib/python3.8/site-packages/socketio/base_client.py", line 24, in signal_handler
18:06:00 [----]     return original_signal_handler(sig, frame)
18:06:00 [----]   File "/opt/ros/noetic/lib/python3/dist-packages/rospy/core.py", line 606, in _ros_signal
18:06:00 [----]     signal_shutdown("signal-"+str(sig))
18:06:00 [----]   File "/opt/ros/noetic/lib/python3/dist-packages/rospy/core.py", line 560, in signal_shutdown
18:06:00 [----]     _logger.info("signal_shutdown [%s]"%reason)
18:06:00 [----]   File "/usr/lib/python3.8/logging/__init__.py", line 1446, in info
18:06:00 [----]     self._log(INFO, msg, args, **kwargs)
18:06:00 [----]   File "/usr/lib/python3.8/logging/__init__.py", line 1589, in _log
18:06:00 [----]     self.handle(record)
18:06:00 [----]   File "/usr/lib/python3.8/logging/__init__.py", line 1599, in handle
18:06:00 [----]     self.callHandlers(record)
18:06:00 [----]   File "/usr/lib/python3.8/logging/__init__.py", line 1661, in callHandlers
18:06:00 [----]     hdlr.handle(record)
18:06:00 [----]   File "/usr/lib/python3.8/logging/__init__.py", line 954, in handle
18:06:00 [----]     self.emit(record)
18:06:00 [----]   File "/usr/lib/python3.8/logging/handlers.py", line 73, in emit
18:06:00 [----]     self.handleError(record)
18:06:00 [----]   File "/usr/lib/python3.8/logging/__init__.py", line 1007, in handleError
18:06:00 [----]     traceback.print_exception(t, v, tb, None, sys.stderr)
18:06:00 [----]   File "/usr/lib/python3.8/traceback.py", line 103, in print_exception
18:06:00 [----]     for line in TracebackException(
18:06:00 [----]   File "/home/qtrobot/tutorials-master/demos/version_1_llm/.venv/lib/python3.8/site-packages/exceptiongroup/_formatting.py", line 96, in __init__
18:06:00 [----]     self.stack = traceback.StackSummary.extract(
18:06:00 [----]   File "/usr/lib/python3.8/traceback.py", line 366, in extract
18:06:00 [----]     f.line
18:06:00 [----]   File "/usr/lib/python3.8/traceback.py", line 288, in line
18:06:00 [----]     self._line = linecache.getline(self.filename, self.lineno).strip()
18:06:00 [----]   File "/usr/lib/python3.8/linecache.py", line 16, in getline
18:06:00 [----]     lines = getlines(filename, module_globals)
18:06:00 [----]   File "/usr/lib/python3.8/linecache.py", line 47, in getlines
18:06:00 [----]     return updatecache(filename, module_globals)
18:06:00 [----]   File "/usr/lib/python3.8/linecache.py", line 95, in updatecache
18:06:00 [----]     stat = os.stat(fullname)
18:06:00 [----]   File "/home/qtrobot/tutorials-master/demos/version_1_llm/.venv/lib/python3.8/site-packages/engineio/base_client.py", line 21, in signal_handler
18:06:00 [----]     return original_signal_handler(sig, frame)
18:06:00 [----]   File "/home/qtrobot/tutorials-master/demos/version_1_llm/.venv/lib/python3.8/site-packages/socketio/base_client.py", line 24, in signal_handler
18:06:00 [----]     return original_signal_handler(sig, frame)
18:06:00 [----]   File "/opt/ros/noetic/lib/python3/dist-packages/rospy/core.py", line 606, in _ros_signal
18:06:00 [----]     signal_shutdown("signal-"+str(sig))
18:06:00 [----]   File "/opt/ros/noetic/lib/python3/dist-packages/rospy/core.py", line 560, in signal_shutdown
18:06:00 [----]     _logger.info("signal_shutdown [%s]"%reason)
18:06:00 [----]   File "/usr/lib/python3.8/logging/__init__.py", line 1446, in info
18:06:00 [----]     self._log(INFO, msg, args, **kwargs)
18:06:00 [----]   File "/usr/lib/python3.8/logging/__init__.py", line 1589, in _log
18:06:00 [----]     self.handle(record)
18:06:00 [----]   File "/usr/lib/python3.8/logging/__init__.py", line 1599, in handle
18:06:00 [----]     self.callHandlers(record)
18:06:00 [----]   File "/usr/lib/python3.8/logging/__init__.py", line 1661, in callHandlers
18:06:00 [----]     hdlr.handle(record)
18:06:00 [----]   File "/usr/lib/python3.8/logging/__init__.py", line 954, in handle
18:06:00 [----]     self.emit(record)
18:06:00 [----]   File "/usr/lib/python3.8/logging/handlers.py", line 71, in emit
18:06:00 [----]     logging.FileHandler.emit(self, record)
18:06:00 [----]   File "/usr/lib/python3.8/logging/__init__.py", line 1187, in emit
18:06:00 [----]     StreamHandler.emit(self, record)
18:06:00 [----]   File "/usr/lib/python3.8/logging/__init__.py", line 1093, in emit
18:06:00 [----]     self.handleError(record)
18:06:00 [----]   File "/usr/lib/python3.8/logging/__init__.py", line 1007, in handleError
18:06:00 [----]     traceback.print_exception(t, v, tb, None, sys.stderr)
18:06:00 [----]   File "/usr/lib/python3.8/traceback.py", line 103, in print_exception
18:06:00 [----]     for line in TracebackException(
18:06:00 [----]   File "/home/qtrobot/tutorials-master/demos/version_1_llm/.venv/lib/python3.8/site-packages/exceptiongroup/_formatting.py", line 179, in __init__
18:06:00 [----]     context = PatchedTracebackException(
18:06:00 [----]   File "/home/qtrobot/tutorials-master/demos/version_1_llm/.venv/lib/python3.8/site-packages/exceptiongroup/_formatting.py", line 96, in __init__
18:06:00 [----]     self.stack = traceback.StackSummary.extract(
18:06:00 [----]   File "/usr/lib/python3.8/traceback.py", line 366, in extract
18:06:00 [----]     f.line
18:06:00 [----]   File "/usr/lib/python3.8/traceback.py", line 288, in line
18:06:00 [----]     self._line = linecache.getline(self.filename, self.lineno).strip()
18:06:00 [----]   File "/usr/lib/python3.8/linecache.py", line 16, in getline
18:06:00 [----]     lines = getlines(filename, module_globals)
18:06:00 [----]   File "/usr/lib/python3.8/linecache.py", line 47, in getlines
18:06:00 [----]     return updatecache(filename, module_globals)
18:06:00 [----]   File "/usr/lib/python3.8/linecache.py", line 136, in updatecache
18:06:00 [----]     with tokenize.open(fullname) as fp:
18:06:00 [----]   File "/usr/lib/python3.8/tokenize.py", line 394, in open
18:06:00 [----]     encoding, lines = detect_encoding(buffer.readline)
18:06:00 [----]   File "/usr/lib/python3.8/tokenize.py", line 363, in detect_encoding
18:06:00 [----]     first = read_or_stop()
18:06:00 [----]   File "/usr/lib/python3.8/tokenize.py", line 321, in read_or_stop
18:06:00 [----]     return readline()
18:06:00 [----]   File "/home/qtrobot/tutorials-master/demos/version_1_llm/.venv/lib/python3.8/site-packages/engineio/base_client.py", line 21, in signal_handler
18:06:00 [----]     return original_signal_handler(sig, frame)
18:06:00 [----]   File "/home/qtrobot/tutorials-master/demos/version_1_llm/.venv/lib/python3.8/site-packages/socketio/base_client.py", line 24, in signal_handler
18:06:00 [----]     return original_signal_handler(sig, frame)
18:06:00 [----]   File "/opt/ros/noetic/lib/python3/dist-packages/rospy/core.py", line 606, in _ros_signal
18:06:00 [----]     signal_shutdown("signal-"+str(sig))
18:06:00 [----]   File "/opt/ros/noetic/lib/python3/dist-packages/rospy/core.py", line 560, in signal_shutdown
18:06:00 [----]     _logger.info("signal_shutdown [%s]"%reason)
18:06:00 [----]   File "/usr/lib/python3.8/logging/__init__.py", line 1446, in info
18:06:00 [----]     self._log(INFO, msg, args, **kwargs)
18:06:00 [----]   File "/usr/lib/python3.8/logging/__init__.py", line 1589, in _log
18:06:00 [----]     self.handle(record)
18:06:00 [----]   File "/usr/lib/python3.8/logging/__init__.py", line 1599, in handle
18:06:00 [----]     self.callHandlers(record)
18:06:00 [----]   File "/usr/lib/python3.8/logging/__init__.py", line 1661, in callHandlers
18:06:00 [----]     hdlr.handle(record)
18:06:00 [----]   File "/usr/lib/python3.8/logging/__init__.py", line 954, in handle
18:06:00 [----]     self.emit(record)
18:06:00 [----]   File "/usr/lib/python3.8/logging/handlers.py", line 71, in emit
18:06:00 [----]     logging.FileHandler.emit(self, record)
18:06:00 [----]   File "/usr/lib/python3.8/logging/__init__.py", line 1187, in emit
18:06:00 [----]     StreamHandler.emit(self, record)
18:06:00 [----]   File "/usr/lib/python3.8/logging/__init__.py", line 1089, in emit
18:06:00 [----]     self.flush()
18:06:00 [----]   File "/usr/lib/python3.8/logging/__init__.py", line 1069, in flush
18:06:00 [----]     self.stream.flush()
18:06:00 [----]   File "/home/qtrobot/tutorials-master/demos/version_1_llm/.venv/lib/python3.8/site-packages/engineio/base_client.py", line 21, in signal_handler
18:06:00 [----]     return original_signal_handler(sig, frame)
18:06:00 [----]   File "/home/qtrobot/tutorials-master/demos/version_1_llm/.venv/lib/python3.8/site-packages/socketio/base_client.py", line 24, in signal_handler
18:06:00 [----]     return original_signal_handler(sig, frame)
18:06:00 [----]   File "/opt/ros/noetic/lib/python3/dist-packages/rospy/core.py", line 606, in _ros_signal
18:06:00 [----]     signal_shutdown("signal-"+str(sig))
18:06:00 [----]   File "/opt/ros/noetic/lib/python3/dist-packages/rospy/core.py", line 560, in signal_shutdown
18:06:00 [----]     _logger.info("signal_shutdown [%s]"%reason)
18:06:00 [----]   File "/usr/lib/python3.8/logging/__init__.py", line 1446, in info
18:06:00 [----]     self._log(INFO, msg, args, **kwargs)
18:06:00 [----]   File "/usr/lib/python3.8/logging/__init__.py", line 1589, in _log
18:06:00 [----]     self.handle(record)
18:06:00 [----]   File "/usr/lib/python3.8/logging/__init__.py", line 1599, in handle
18:06:00 [----]     self.callHandlers(record)
18:06:00 [----]   File "/usr/lib/python3.8/logging/__init__.py", line 1661, in callHandlers
18:06:00 [----]     hdlr.handle(record)
18:06:00 [----]   File "/usr/lib/python3.8/logging/__init__.py", line 954, in handle
18:06:00 [----]     self.emit(record)
18:06:00 [----]   File "/usr/lib/python3.8/logging/handlers.py", line 73, in emit
18:06:00 [----]     self.handleError(record)
18:06:00 [----]   File "/usr/lib/python3.8/logging/__init__.py", line 1007, in handleError
18:06:00 [----]     traceback.print_exception(t, v, tb, None, sys.stderr)
18:06:00 [----]   File "/usr/lib/python3.8/traceback.py", line 103, in print_exception
18:06:00 [----]     for line in TracebackException(
18:06:00 [----]   File "/home/qtrobot/tutorials-master/demos/version_1_llm/.venv/lib/python3.8/site-packages/exceptiongroup/_formatting.py", line 179, in __init__
18:06:00 [----]     context = PatchedTracebackException(
18:06:00 [----]   File "/home/qtrobot/tutorials-master/demos/version_1_llm/.venv/lib/python3.8/site-packages/exceptiongroup/_formatting.py", line 96, in __init__
18:06:00 [----]     self.stack = traceback.StackSummary.extract(
18:06:00 [----]   File "/usr/lib/python3.8/traceback.py", line 362, in extract
18:06:00 [----]     linecache.checkcache(filename)
18:06:00 [----]   File "/usr/lib/python3.8/linecache.py", line 74, in checkcache
18:06:00 [----]     stat = os.stat(fullname)
18:06:00 [----]   File "/home/qtrobot/tutorials-master/demos/version_1_llm/.venv/lib/python3.8/site-packages/engineio/base_client.py", line 21, in signal_handler
18:06:00 [----]     return original_signal_handler(sig, frame)
18:06:00 [----]   File "/home/qtrobot/tutorials-master/demos/version_1_llm/.venv/lib/python3.8/site-packages/socketio/base_client.py", line 24, in signal_handler
18:06:00 [----]     return original_signal_handler(sig, frame)
18:06:00 [----]   File "/opt/ros/noetic/lib/python3/dist-packages/rospy/core.py", line 606, in _ros_signal
18:06:00 [----]     signal_shutdown("signal-"+str(sig))
18:06:00 [----]   File "/opt/ros/noetic/lib/python3/dist-packages/rospy/core.py", line 560, in signal_shutdown
18:06:00 [----]     _logger.info("signal_shutdown [%s]"%reason)
18:06:00 [----]   File "/usr/lib/python3.8/logging/__init__.py", line 1446, in info
18:06:00 [----]     self._log(INFO, msg, args, **kwargs)
18:06:00 [----]   File "/usr/lib/python3.8/logging/__init__.py", line 1589, in _log
18:06:00 [----]     self.handle(record)
18:06:00 [----]   File "/usr/lib/python3.8/logging/__init__.py", line 1599, in handle
18:06:00 [----]     self.callHandlers(record)
18:06:00 [----]   File "/usr/lib/python3.8/logging/__init__.py", line 1661, in callHandlers
18:06:00 [----]     hdlr.handle(record)
18:06:00 [----]   File "/usr/lib/python3.8/logging/__init__.py", line 954, in handle
18:06:00 [----]     self.emit(record)
18:06:00 [----]   File "/usr/lib/python3.8/logging/handlers.py", line 73, in emit
18:06:00 [----]     self.handleError(record)
18:06:00 [----]   File "/usr/lib/python3.8/logging/__init__.py", line 1007, in handleError
18:06:00 [----]     traceback.print_exception(t, v, tb, None, sys.stderr)
18:06:00 [----]   File "/usr/lib/python3.8/traceback.py", line 103, in print_exception
18:06:00 [----]     for line in TracebackException(
18:06:00 [----]   File "/home/qtrobot/tutorials-master/demos/version_1_llm/.venv/lib/python3.8/site-packages/exceptiongroup/_formatting.py", line 179, in __init__
18:06:00 [----]     context = PatchedTracebackException(
18:06:00 [----]   File "/home/qtrobot/tutorials-master/demos/version_1_llm/.venv/lib/python3.8/site-packages/exceptiongroup/_formatting.py", line 96, in __init__
18:06:00 [----]     self.stack = traceback.StackSummary.extract(
18:06:00 [----]   File "/usr/lib/python3.8/traceback.py", line 362, in extract
18:06:00 [----]     linecache.checkcache(filename)
18:06:00 [----]   File "/usr/lib/python3.8/linecache.py", line 74, in checkcache
18:06:00 [----]     stat = os.stat(fullname)
18:06:00 [----]   File "/home/qtrobot/tutorials-master/demos/version_1_llm/.venv/lib/python3.8/site-packages/engineio/base_client.py", line 21, in signal_handler
18:06:00 [----]     return original_signal_handler(sig, frame)
18:06:00 [----]   File "/home/qtrobot/tutorials-master/demos/version_1_llm/.venv/lib/python3.8/site-packages/socketio/base_client.py", line 24, in signal_handler
18:06:00 [----]     return original_signal_handler(sig, frame)
18:06:00 [----]   File "/opt/ros/noetic/lib/python3/dist-packages/rospy/core.py", line 606, in _ros_signal
18:06:00 [----]     signal_shutdown("signal-"+str(sig))
18:06:00 [----]   File "/opt/ros/noetic/lib/python3/dist-packages/rospy/core.py", line 560, in signal_shutdown
18:06:00 [----]     _logger.info("signal_shutdown [%s]"%reason)
18:06:00 [----]   File "/usr/lib/python3.8/logging/__init__.py", line 1446, in info
18:06:00 [----]     self._log(INFO, msg, args, **kwargs)
18:06:00 [----]   File "/usr/lib/python3.8/logging/__init__.py", line 1589, in _log
18:06:00 [----]     self.handle(record)
18:06:00 [----]   File "/usr/lib/python3.8/logging/__init__.py", line 1599, in handle
18:06:00 [----]     self.callHandlers(record)
18:06:00 [----]   File "/usr/lib/python3.8/logging/__init__.py", line 1661, in callHandlers
18:06:00 [----]     hdlr.handle(record)
18:06:00 [----]   File "/usr/lib/python3.8/logging/__init__.py", line 954, in handle
18:06:00 [----]     self.emit(record)
18:06:00 [----]   File "/usr/lib/python3.8/logging/handlers.py", line 73, in emit
18:06:00 [----]     self.handleError(record)
18:06:00 [----]   File "/usr/lib/python3.8/logging/__init__.py", line 1007, in handleError
18:06:00 [----]     traceback.print_exception(t, v, tb, None, sys.stderr)
18:06:00 [----]   File "/usr/lib/python3.8/traceback.py", line 103, in print_exception
18:06:00 [----]     for line in TracebackException(
18:06:00 [----]   File "/home/qtrobot/tutorials-master/demos/version_1_llm/.venv/lib/python3.8/site-packages/exceptiongroup/_formatting.py", line 96, in __init__
18:06:00 [----]     self.stack = traceback.StackSummary.extract(
18:06:00 [----]   File "/usr/lib/python3.8/traceback.py", line 362, in extract
18:06:00 [----]     linecache.checkcache(filename)
18:06:00 [----]   File "/usr/lib/python3.8/linecache.py", line 74, in checkcache
18:06:00 [----]     stat = os.stat(fullname)
18:06:00 [----]   File "/home/qtrobot/tutorials-master/demos/version_1_llm/.venv/lib/python3.8/site-packages/engineio/base_client.py", line 21, in signal_handler
18:06:00 [----]     return original_signal_handler(sig, frame)
18:06:00 [----]   File "/home/qtrobot/tutorials-master/demos/version_1_llm/.venv/lib/python3.8/site-packages/socketio/base_client.py", line 24, in signal_handler
18:06:00 [----]     return original_signal_handler(sig, frame)
18:06:00 [----]   File "/opt/ros/noetic/lib/python3/dist-packages/rospy/core.py", line 606, in _ros_signal
18:06:00 [----]     signal_shutdown("signal-"+str(sig))
18:06:00 [----]   File "/opt/ros/noetic/lib/python3/dist-packages/rospy/core.py", line 560, in signal_shutdown
18:06:00 [----]     _logger.info("signal_shutdown [%s]"%reason)
18:06:00 [----] Message: 'signal_shutdown [signal-2]'
18:06:00 [----] Arguments: ()
18:06:00 [----] Traceback (most recent call last):
18:06:00 [----]   File "/usr/lib/python3.8/logging/handlers.py", line 69, in emit
18:06:00 [----]     if self.shouldRollover(record):
18:06:00 [----]   File "/usr/lib/python3.8/logging/handlers.py", line 186, in shouldRollover
18:06:00 [----]     self.stream.seek(0, 2)  #due to non-posix-compliant Windows feature
18:06:00 [----] RuntimeError: reentrant call inside <_io.BufferedWriter name='/home/qtrobot/.ros/log/tts_helper_24179_1782316469087.log'>
18:06:00 [----] 
18:06:00 [----] During handling of the above exception, another exception occurred:
18:06:00 [----] 
18:06:00 [----] Traceback (most recent call last):
18:06:00 [----]   File "/usr/lib/python3.8/logging/handlers.py", line 69, in emit
18:06:00 [----]     if self.shouldRollover(record):
18:06:00 [----]   File "/usr/lib/python3.8/logging/handlers.py", line 186, in shouldRollover
18:06:00 [----]     self.stream.seek(0, 2)  #due to non-posix-compliant Windows feature
18:06:00 [----] RuntimeError: reentrant call inside <_io.BufferedWriter name='/home/qtrobot/.ros/log/tts_helper_24179_1782316469087.log'>
18:06:00 [----] 
18:06:00 [----] During handling of the above exception, another exception occurred:
18:06:00 [----] 
18:06:00 [----] Traceback (most recent call last):
18:06:00 [----]   File "/usr/lib/python3.8/logging/handlers.py", line 69, in emit
18:06:00 [----]     if self.shouldRollover(record):
18:06:00 [----]   File "/usr/lib/python3.8/logging/handlers.py", line 186, in shouldRollover
18:06:00 [----]     self.stream.seek(0, 2)  #due to non-posix-compliant Windows feature
18:06:00 [----] RuntimeError: reentrant call inside <_io.BufferedWriter name='/home/qtrobot/.ros/log/tts_helper_24179_1782316469087.log'>
18:06:00 [----] 
18:06:00 [----] During handling of the above exception, another exception occurred:
18:06:00 [----] 
18:06:00 [----] Traceback (most recent call last):
18:06:00 [----]   File "/usr/lib/python3.8/logging/handlers.py", line 69, in emit
18:06:00 [----]     if self.shouldRollover(record):
18:06:00 [----]   File "/usr/lib/python3.8/logging/handlers.py", line 186, in shouldRollover
18:06:00 [----]     self.stream.seek(0, 2)  #due to non-posix-compliant Windows feature
18:06:00 [----] RuntimeError: reentrant call inside <_io.BufferedWriter name='/home/qtrobot/.ros/log/tts_helper_24179_1782316469087.log'>
18:06:00 [----] 
18:06:00 [----] During handling of the above exception, another exception occurred:
18:06:00 [----] 
18:06:00 [----] Traceback (most recent call last):
18:06:00 [----]   File "/usr/lib/python3.8/logging/handlers.py", line 69, in emit
18:06:00 [----]     if self.shouldRollover(record):
18:06:00 [----]   File "/usr/lib/python3.8/logging/handlers.py", line 186, in shouldRollover
18:06:00 [----]     self.stream.seek(0, 2)  #due to non-posix-compliant Windows feature
18:06:00 [----] RuntimeError: reentrant call inside <_io.BufferedWriter name='/home/qtrobot/.ros/log/tts_helper_24179_1782316469087.log'>
18:06:00 [----] 
18:06:00 [----] During handling of the above exception, another exception occurred:
18:06:00 [----] 
18:06:00 [----] Traceback (most recent call last):
18:06:00 [----]   File "/usr/lib/python3.8/logging/handlers.py", line 69, in emit
18:06:00 [----]     if self.shouldRollover(record):
18:06:00 [----]   File "/usr/lib/python3.8/logging/handlers.py", line 186, in shouldRollover
18:06:00 [----]     self.stream.seek(0, 2)  #due to non-posix-compliant Windows feature
18:06:00 [----] RuntimeError: reentrant call inside <_io.BufferedWriter name='/home/qtrobot/.ros/log/tts_helper_24179_1782316469087.log'>
18:06:00 [----] 
18:06:00 [----] During handling of the above exception, another exception occurred:
18:06:00 [----] 
18:06:00 [----] Traceback (most recent call last):
18:06:00 [----]   File "/usr/lib/python3.8/logging/handlers.py", line 69, in emit
18:06:00 [----]     if self.shouldRollover(record):
18:06:00 [----]   File "/usr/lib/python3.8/logging/handlers.py", line 186, in shouldRollover
18:06:00 [----]     self.stream.seek(0, 2)  #due to non-posix-compliant Windows feature
18:06:00 [----] RuntimeError: reentrant call inside <_io.BufferedWriter name='/home/qtrobot/.ros/log/tts_helper_24179_1782316469087.log'>
18:06:00 [----] 
18:06:00 [----] During handling of the above exception, another exception occurred:
18:06:00 [----] 
18:06:00 [----] Traceback (most recent call last):
18:06:00 [----]   File "/usr/lib/python3.8/logging/handlers.py", line 69, in emit
18:06:00 [----]     if self.shouldRollover(record):
18:06:00 [----]   File "/usr/lib/python3.8/logging/handlers.py", line 186, in shouldRollover
18:06:00 [----]     self.stream.seek(0, 2)  #due to non-posix-compliant Windows feature
18:06:00 [----] RuntimeError: reentrant call inside <_io.BufferedWriter name='/home/qtrobot/.ros/log/tts_helper_24179_1782316469087.log'>
18:06:00 [----] 
18:06:00 [----] During handling of the above exception, another exception occurred:
18:06:00 [----] 
18:06:00 [----] Traceback (most recent call last):
18:06:00 [----]   File "/usr/lib/python3.8/logging/handlers.py", line 69, in emit
18:06:00 [----]     if self.shouldRollover(record):
18:06:00 [----]   File "/usr/lib/python3.8/logging/handlers.py", line 186, in shouldRollover
18:06:00 [----]     self.stream.seek(0, 2)  #due to non-posix-compliant Windows feature
18:06:00 [----] RuntimeError: reentrant call inside <_io.BufferedWriter name='/home/qtrobot/.ros/log/tts_helper_24179_1782316469087.log'>
18:06:00 [----] 
18:06:00 [----] During handling of the above exception, another exception occurred:
18:06:00 [----] 
18:06:00 [----] Traceback (most recent call last):
18:06:00 [----]   File "/usr/lib/python3.8/logging/handlers.py", line 69, in emit
18:06:00 [----]     if self.shouldRollover(record):
18:06:00 [----]   File "/usr/lib/python3.8/logging/handlers.py", line 186, in shouldRollover
18:06:00 [----]     self.stream.seek(0, 2)  #due to non-posix-compliant Windows feature
18:06:00 [----] RuntimeError: reentrant call inside <_io.BufferedWriter name='/home/qtrobot/.ros/log/tts_helper_24179_1782316469087.log'>
18:06:00 [----] 
18:06:00 [----] During handling of the above exception, another exception occurred:
18:06:00 [----] 
18:06:00 [----] Traceback (most recent call last):
18:06:00 [----]   File "/usr/lib/python3.8/logging/handlers.py", line 69, in emit
18:06:00 [----]     if self.shouldRollover(record):
18:06:00 [----]   File "/usr/lib/python3.8/logging/handlers.py", line 186, in shouldRollover
18:06:00 [----]     self.stream.seek(0, 2)  #due to non-posix-compliant Windows feature
18:06:00 [----] RuntimeError: reentrant call inside <_io.BufferedWriter name='/home/qtrobot/.ros/log/tts_helper_24179_1782316469087.log'>
18:06:00 [----] 
18:06:00 [----] During handling of the above exception, another exception occurred:
18:06:00 [----] 
18:06:00 [----] Traceback (most recent call last):
18:06:00 [----]   File "/usr/lib/python3.8/logging/handlers.py", line 69, in emit
18:06:00 [----]     if self.shouldRollover(record):
18:06:00 [----]   File "/usr/lib/python3.8/logging/handlers.py", line 186, in shouldRollover
18:06:00 [----]     self.stream.seek(0, 2)  #due to non-posix-compliant Windows feature
18:06:00 [----] RuntimeError: reentrant call inside <_io.BufferedWriter name='/home/qtrobot/.ros/log/tts_helper_24179_1782316469087.log'>
18:06:00 [----] 
18:06:00 [----] During handling of the above exception, another exception occurred:
18:06:00 [----] 
18:06:00 [----] Traceback (most recent call last):
18:06:00 [----]   File "/usr/lib/python3.8/logging/handlers.py", line 69, in emit
18:06:00 [----]     if self.shouldRollover(record):
18:06:00 [----]   File "/usr/lib/python3.8/logging/handlers.py", line 186, in shouldRollover
18:06:00 [----]     self.stream.seek(0, 2)  #due to non-posix-compliant Windows feature
18:06:00 [----] RuntimeError: reentrant call inside <_io.BufferedWriter name='/home/qtrobot/.ros/log/tts_helper_24179_1782316469087.log'>
18:06:00 [----] 
18:06:00 [----] During handling of the above exception, another exception occurred:
18:06:00 [----] 
18:06:00 [----] Traceback (most recent call last):
18:06:00 [----]   File "/usr/lib/python3.8/logging/handlers.py", line 69, in emit
18:06:00 [----]     if self.shouldRollover(record):
18:06:00 [----]   File "/usr/lib/python3.8/logging/handlers.py", line 186, in shouldRollover
18:06:00 [----]     self.stream.seek(0, 2)  #due to non-posix-compliant Windows feature
18:06:00 [----] RuntimeError: reentrant call inside <_io.BufferedWriter name='/home/qtrobot/.ros/log/tts_helper_24179_1782316469087.log'>
18:06:00 [----] 
18:06:00 [----] During handling of the above exception, another exception occurred:
18:06:00 [----] 
18:06:00 [----] Traceback (most recent call last):
18:06:00 [----]   File "/usr/lib/python3.8/logging/handlers.py", line 69, in emit
18:06:00 [----]     if self.shouldRollover(record):
18:06:00 [----]   File "/usr/lib/python3.8/logging/handlers.py", line 186, in shouldRollover
18:06:00 [----]     self.stream.seek(0, 2)  #due to non-posix-compliant Windows feature
18:06:00 [----] RuntimeError: reentrant call inside <_io.BufferedWriter name='/home/qtrobot/.ros/log/tts_helper_24179_1782316469087.log'>
18:06:00 [----] 
18:06:00 [----] During handling of the above exception, another exception occurred:
18:06:00 [----] 
18:06:00 [----] Traceback (most recent call last):
18:06:00 [----]   File "/usr/lib/python3.8/logging/handlers.py", line 69, in emit
18:06:00 [----]     if self.shouldRollover(record):
18:06:00 [----]   File "/usr/lib/python3.8/logging/handlers.py", line 186, in shouldRollover
18:06:00 [----]     self.stream.seek(0, 2)  #due to non-posix-compliant Windows feature
18:06:00 [----] RuntimeError: reentrant call inside <_io.BufferedWriter name='/home/qtrobot/.ros/log/tts_helper_24179_1782316469087.log'>
18:06:00 [----] 
18:06:00 [----] During handling of the above exception, another exception occurred:
18:06:00 [----] 
18:06:00 [----] Traceback (most recent call last):
18:06:00 [----]   File "/usr/lib/python3.8/logging/handlers.py", line 69, in emit
18:06:00 [----]     if self.shouldRollover(record):
18:06:00 [----]   File "/usr/lib/python3.8/logging/handlers.py", line 186, in shouldRollover
18:06:00 [----]     self.stream.seek(0, 2)  #due to non-posix-compliant Windows feature
18:06:00 [----] RuntimeError: reentrant call inside <_io.BufferedWriter name='/home/qtrobot/.ros/log/tts_helper_24179_1782316469087.log'>
18:06:00 [----] 
18:06:00 [----] During handling of the above exception, another exception occurred:
18:06:00 [----] 
18:06:00 [----] Traceback (most recent call last):
18:06:00 [----]   File "/usr/lib/python3.8/logging/handlers.py", line 69, in emit
18:06:00 [----]     if self.shouldRollover(record):
18:06:00 [----]   File "/usr/lib/python3.8/logging/handlers.py", line 186, in shouldRollover
18:06:00 [----]     self.stream.seek(0, 2)  #due to non-posix-compliant Windows feature
18:06:00 [----] RuntimeError: reentrant call inside <_io.BufferedWriter name='/home/qtrobot/.ros/log/tts_helper_24179_1782316469087.log'>
18:06:00 [----] 
18:06:00 [----] During handling of the above exception, another exception occurred:
18:06:00 [----] 
18:06:00 [----] Traceback (most recent call last):
18:06:00 [----]   File "/usr/lib/python3.8/logging/handlers.py", line 69, in emit
18:06:00 [----]     if self.shouldRollover(record):
18:06:00 [----]   File "/usr/lib/python3.8/logging/handlers.py", line 186, in shouldRollover
18:06:00 [----]     self.stream.seek(0, 2)  #due to non-posix-compliant Windows feature
18:06:00 [----] RuntimeError: reentrant call inside <_io.BufferedWriter name='/home/qtrobot/.ros/log/tts_helper_24179_1782316469087.log'>
18:06:00 [----] 
18:06:00 [----] During handling of the above exception, another exception occurred:
18:06:00 [----] 
18:06:00 [----] Traceback (most recent call last):
18:06:00 [----]   File "/usr/lib/python3.8/logging/handlers.py", line 69, in emit
18:06:00 [----]     if self.shouldRollover(record):
18:06:00 [----]   File "/usr/lib/python3.8/logging/handlers.py", line 186, in shouldRollover
18:06:00 [----]     self.stream.seek(0, 2)  #due to non-posix-compliant Windows feature
18:06:00 [----] RuntimeError: reentrant call inside <_io.BufferedWriter name='/home/qtrobot/.ros/log/tts_helper_24179_1782316469087.log'>
18:06:00 [----] 
18:06:00 [----] During handling of the above exception, another exception occurred:
18:06:00 [----] 
18:06:00 [----] Traceback (most recent call last):
18:06:00 [----]   File "/usr/lib/python3.8/logging/handlers.py", line 69, in emit
18:06:00 [----]     if self.shouldRollover(record):
18:06:00 [----]   File "/usr/lib/python3.8/logging/handlers.py", line 186, in shouldRollover
18:06:00 [----]     self.stream.seek(0, 2)  #due to non-posix-compliant Windows feature
18:06:00 [----] RuntimeError: reentrant call inside <_io.BufferedWriter name='/home/qtrobot/.ros/log/tts_helper_24179_1782316469087.log'>
18:06:00 [----] 
18:06:00 [----] During handling of the above exception, another exception occurred:
18:06:00 [----] 
18:06:00 [----] Traceback (most recent call last):
18:06:00 [----]   File "/usr/lib/python3.8/logging/handlers.py", line 69, in emit
18:06:00 [----]     if self.shouldRollover(record):
18:06:00 [----]   File "/usr/lib/python3.8/logging/handlers.py", line 186, in shouldRollover
18:06:00 [----]     self.stream.seek(0, 2)  #due to non-posix-compliant Windows feature
18:06:00 [----] RuntimeError: reentrant call inside <_io.BufferedWriter name='/home/qtrobot/.ros/log/tts_helper_24179_1782316469087.log'>
18:06:00 [----] 
18:06:00 [----] During handling of the above exception, another exception occurred:
18:06:00 [----] 
18:06:00 [----] Traceback (most recent call last):
18:06:00 [----]   File "/usr/lib/python3.8/logging/handlers.py", line 69, in emit
18:06:00 [----]     if self.shouldRollover(record):
18:06:00 [----]   File "/usr/lib/python3.8/logging/handlers.py", line 186, in shouldRollover
18:06:00 [----]     self.stream.seek(0, 2)  #due to non-posix-compliant Windows feature
18:06:00 [----] RuntimeError: reentrant call inside <_io.BufferedWriter name='/home/qtrobot/.ros/log/tts_helper_24179_1782316469087.log'>
18:06:00 [----] 
18:06:00 [----] During handling of the above exception, another exception occurred:
18:06:00 [----] 
18:06:00 [----] Traceback (most recent call last):
18:06:00 [----]   File "/usr/lib/python3.8/logging/handlers.py", line 69, in emit
18:06:00 [----]     if self.shouldRollover(record):
18:06:00 [----]   File "/usr/lib/python3.8/logging/handlers.py", line 186, in shouldRollover
18:06:00 [----]     self.stream.seek(0, 2)  #due to non-posix-compliant Windows feature
18:06:00 [----] RuntimeError: reentrant call inside <_io.BufferedWriter name='/home/qtrobot/.ros/log/tts_helper_24179_1782316469087.log'>
18:06:00 [----] 
18:06:00 [----] During handling of the above exception, another exception occurred:
18:06:00 [----] 
18:06:00 [----] Traceback (most recent call last):
18:06:00 [----]   File "/usr/lib/python3.8/logging/handlers.py", line 69, in emit
18:06:00 [----]     if self.shouldRollover(record):
18:06:00 [----]   File "/usr/lib/python3.8/logging/handlers.py", line 186, in shouldRollover
18:06:00 [----]     self.stream.seek(0, 2)  #due to non-posix-compliant Windows feature
18:06:00 [----] RuntimeError: reentrant call inside <_io.BufferedWriter name='/home/qtrobot/.ros/log/tts_helper_24179_1782316469087.log'>
18:06:00 [----] 
18:06:00 [----] During handling of the above exception, another exception occurred:
18:06:00 [----] 
18:06:00 [----] Traceback (most recent call last):
18:06:00 [----]   File "/usr/lib/python3.8/logging/handlers.py", line 69, in emit
18:06:00 [----]     if self.shouldRollover(record):
18:06:00 [----]   File "/usr/lib/python3.8/logging/handlers.py", line 186, in shouldRollover
18:06:00 [----]     self.stream.seek(0, 2)  #due to non-posix-compliant Windows feature
18:06:00 [----] RuntimeError: reentrant call inside <_io.BufferedWriter name='/home/qtrobot/.ros/log/tts_helper_24179_1782316469087.log'>
18:06:00 [----] 
18:06:00 [----] During handling of the above exception, another exception occurred:
18:06:00 [----] 
18:06:00 [----] Traceback (most recent call last):
18:06:00 [----]   File "/usr/lib/python3.8/logging/handlers.py", line 69, in emit
18:06:00 [----]     if self.shouldRollover(record):
18:06:00 [----]   File "/usr/lib/python3.8/logging/handlers.py", line 186, in shouldRollover
18:06:00 [----]     self.stream.seek(0, 2)  #due to non-posix-compliant Windows feature
18:06:00 [----] RuntimeError: reentrant call inside <_io.BufferedWriter name='/home/qtrobot/.ros/log/tts_helper_24179_1782316469087.log'>
18:06:00 [----] 
18:06:00 [----] During handling of the above exception, another exception occurred:
18:06:00 [----] 
18:06:00 [----] Traceback (most recent call last):
18:06:00 [----]   File "/usr/lib/python3.8/logging/handlers.py", line 69, in emit
18:06:00 [----]     if self.shouldRollover(record):
18:06:00 [----]   File "/usr/lib/python3.8/logging/handlers.py", line 186, in shouldRollover
18:06:00 [----]     self.stream.seek(0, 2)  #due to non-posix-compliant Windows feature
18:06:00 [----] RuntimeError: reentrant call inside <_io.BufferedWriter name='/home/qtrobot/.ros/log/tts_helper_24179_1782316469087.log'>
18:06:00 [----] 
18:06:00 [----] During handling of the above exception, another exception occurred:
18:06:00 [----] 
18:06:00 [----] Traceback (most recent call last):
18:06:00 [----]   File "/usr/lib/python3.8/logging/handlers.py", line 69, in emit
18:06:00 [----]     if self.shouldRollover(record):
18:06:00 [----]   File "/usr/lib/python3.8/logging/handlers.py", line 186, in shouldRollover
18:06:00 [----]     self.stream.seek(0, 2)  #due to non-posix-compliant Windows feature
18:06:00 [----] RuntimeError: reentrant call inside <_io.BufferedWriter name='/home/qtrobot/.ros/log/tts_helper_24179_1782316469087.log'>
18:06:00 [----] 
18:06:00 [----] During handling of the above exception, another exception occurred:
18:06:00 [----] 
18:06:00 [----] Traceback (most recent call last):
18:06:00 [----]   File "/usr/lib/python3.8/logging/handlers.py", line 69, in emit
18:06:00 [----]     if self.shouldRollover(record):
18:06:00 [----]   File "/usr/lib/python3.8/logging/handlers.py", line 186, in shouldRollover
18:06:00 [----]     self.stream.seek(0, 2)  #due to non-posix-compliant Windows feature
18:06:00 [----] RuntimeError: reentrant call inside <_io.BufferedWriter name='/home/qtrobot/.ros/log/tts_helper_24179_1782316469087.log'>
18:06:00 [----] 
18:06:00 [----] During handling of the above exception, another exception occurred:
18:06:00 [----] 
18:06:00 [----] Traceback (most recent call last):
18:06:00 [----]   File "/usr/lib/python3.8/logging/handlers.py", line 69, in emit
18:06:00 [----]     if self.shouldRollover(record):
18:06:00 [----]   File "/usr/lib/python3.8/logging/handlers.py", line 186, in shouldRollover
18:06:00 [----]     self.stream.seek(0, 2)  #due to non-posix-compliant Windows feature
18:06:00 [----] RuntimeError: reentrant call inside <_io.BufferedWriter name='/home/qtrobot/.ros/log/tts_helper_24179_1782316469087.log'>
18:06:00 [----] 
18:06:00 [----] During handling of the above exception, another exception occurred:
18:06:00 [----] 
18:06:00 [----] Traceback (most recent call last):
18:06:00 [----]   File "/usr/lib/python3.8/logging/handlers.py", line 69, in emit
18:06:00 [----]     if self.shouldRollover(record):
18:06:00 [----]   File "/usr/lib/python3.8/logging/handlers.py", line 186, in shouldRollover
18:06:00 [----]     self.stream.seek(0, 2)  #due to non-posix-compliant Windows feature
18:06:00 [----] RuntimeError: reentrant call inside <_io.BufferedWriter name='/home/qtrobot/.ros/log/tts_helper_24179_1782316469087.log'>
18:06:00 [----] 
18:06:00 [----] During handling of the above exception, another exception occurred:
18:06:00 [----] 
18:06:00 [----] Traceback (most recent call last):
18:06:00 [----]   File "/usr/lib/python3.8/logging/handlers.py", line 69, in emit
18:06:00 [----]     if self.shouldRollover(record):
18:06:00 [----]   File "/usr/lib/python3.8/logging/handlers.py", line 186, in shouldRollover
18:06:00 [----]     self.stream.seek(0, 2)  #due to non-posix-compliant Windows feature
18:06:00 [----] RuntimeError: reentrant call inside <_io.BufferedWriter name='/home/qtrobot/.ros/log/tts_helper_24179_1782316469087.log'>
18:06:00 [----] 
18:06:00 [----] During handling of the above exception, another exception occurred:
18:06:00 [----] 
18:06:00 [----] Traceback (most recent call last):
18:06:00 [----]   File "/usr/lib/python3.8/logging/handlers.py", line 69, in emit
18:06:00 [----]     if self.shouldRollover(record):
18:06:00 [----]   File "/usr/lib/python3.8/logging/handlers.py", line 186, in shouldRollover
18:06:00 [----]     self.stream.seek(0, 2)  #due to non-posix-compliant Windows feature
18:06:00 [----] RuntimeError: reentrant call inside <_io.BufferedWriter name='/home/qtrobot/.ros/log/tts_helper_24179_1782316469087.log'>
18:06:00 [----] 
18:06:00 [----] During handling of the above exception, another exception occurred:
18:06:00 [----] 
18:06:00 [----] Traceback (most recent call last):
18:06:00 [----]   File "/usr/lib/python3.8/logging/handlers.py", line 69, in emit
18:06:00 [----]     if self.shouldRollover(record):
18:06:00 [----]   File "/usr/lib/python3.8/logging/handlers.py", line 186, in shouldRollover
18:06:00 [----]     self.stream.seek(0, 2)  #due to non-posix-compliant Windows feature
18:06:00 [----] RuntimeError: reentrant call inside <_io.BufferedWriter name='/home/qtrobot/.ros/log/tts_helper_24179_1782316469087.log'>
18:06:00 [----] 
18:06:00 [----] During handling of the above exception, another exception occurred:
18:06:00 [----] 
18:06:00 [----] Traceback (most recent call last):
18:06:00 [----]   File "/usr/lib/python3.8/logging/handlers.py", line 69, in emit
18:06:00 [----]     if self.shouldRollover(record):
18:06:00 [----]   File "/usr/lib/python3.8/logging/handlers.py", line 186, in shouldRollover
18:06:00 [----]     self.stream.seek(0, 2)  #due to non-posix-compliant Windows feature
18:06:00 [----] RuntimeError: reentrant call inside <_io.BufferedWriter name='/home/qtrobot/.ros/log/tts_helper_24179_1782316469087.log'>
18:06:00 [----] 
18:06:00 [----] During handling of the above exception, another exception occurred:
18:06:00 [----] 
18:06:00 [----] Traceback (most recent call last):
18:06:00 [----]   File "/usr/lib/python3.8/logging/handlers.py", line 69, in emit
18:06:00 [----]     if self.shouldRollover(record):
18:06:00 [----]   File "/usr/lib/python3.8/logging/handlers.py", line 186, in shouldRollover
18:06:00 [----]     self.stream.seek(0, 2)  #due to non-posix-compliant Windows feature
18:06:00 [----] RuntimeError: reentrant call inside <_io.BufferedWriter name='/home/qtrobot/.ros/log/tts_helper_24179_1782316469087.log'>
18:06:00 [----] 
18:06:00 [----] During handling of the above exception, another exception occurred:
18:06:00 [----] 
18:06:00 [----] Traceback (most recent call last):
18:06:00 [----]   File "/usr/lib/python3.8/logging/handlers.py", line 69, in emit
18:06:00 [----]     if self.shouldRollover(record):
18:06:00 [----]   File "/usr/lib/python3.8/logging/handlers.py", line 186, in shouldRollover
18:06:00 [----]     self.stream.seek(0, 2)  #due to non-posix-compliant Windows feature
18:06:00 [----] RuntimeError: reentrant call inside <_io.BufferedWriter name='/home/qtrobot/.ros/log/tts_helper_24179_1782316469087.log'>
18:06:00 [----] 
18:06:00 [----] During handling of the above exception, another exception occurred:
18:06:00 [----] 
18:06:00 [----] Traceback (most recent call last):
18:06:00 [----]   File "/usr/lib/python3.8/logging/handlers.py", line 69, in emit
18:06:00 [----]     if self.shouldRollover(record):
18:06:00 [----]   File "/usr/lib/python3.8/logging/handlers.py", line 186, in shouldRollover
18:06:00 [----]     self.stream.seek(0, 2)  #due to non-posix-compliant Windows feature
18:06:00 [----] RuntimeError: reentrant call inside <_io.BufferedWriter name='/home/qtrobot/.ros/log/tts_helper_24179_1782316469087.log'>
18:06:00 [----] 
18:06:00 [----] During handling of the above exception, another exception occurred:
18:06:00 [----] 
18:06:00 [----] Traceback (most recent call last):
18:06:00 [----]   File "/usr/lib/python3.8/logging/handlers.py", line 69, in emit
18:06:00 [----]     if self.shouldRollover(record):
18:06:00 [----]   File "/usr/lib/python3.8/logging/handlers.py", line 186, in shouldRollover
18:06:00 [----]     self.stream.seek(0, 2)  #due to non-posix-compliant Windows feature
18:06:00 [----] RuntimeError: reentrant call inside <_io.BufferedWriter name='/home/qtrobot/.ros/log/tts_helper_24179_1782316469087.log'>
18:06:00 [----] 
18:06:00 [----] During handling of the above exception, another exception occurred:
18:06:00 [----] 
18:06:00 [----] Traceback (most recent call last):
18:06:00 [----]   File "/usr/lib/python3.8/logging/handlers.py", line 69, in emit
18:06:00 [----]     if self.shouldRollover(record):
18:06:00 [----]   File "/usr/lib/python3.8/logging/handlers.py", line 186, in shouldRollover
18:06:00 [----]     self.stream.seek(0, 2)  #due to non-posix-compliant Windows feature
18:06:00 [----] RuntimeError: reentrant call inside <_io.BufferedWriter name='/home/qtrobot/.ros/log/tts_helper_24179_1782316469087.log'>
18:06:00 [----] 
18:06:00 [----] During handling of the above exception, another exception occurred:
18:06:00 [----] 
18:06:00 [----] Traceback (most recent call last):
18:06:00 [----]   File "/usr/lib/python3.8/logging/handlers.py", line 69, in emit
18:06:00 [----]     if self.shouldRollover(record):
18:06:00 [----]   File "/usr/lib/python3.8/logging/handlers.py", line 186, in shouldRollover
18:06:00 [----]     self.stream.seek(0, 2)  #due to non-posix-compliant Windows feature
18:06:00 [----] RuntimeError: reentrant call inside <_io.BufferedWriter name='/home/qtrobot/.ros/log/tts_helper_24179_1782316469087.log'>
18:06:00 [----] 
18:06:00 [----] During handling of the above exception, another exception occurred:
18:06:00 [----] 
18:06:00 [----] Traceback (most recent call last):
18:06:00 [----]   File "/usr/lib/python3.8/logging/handlers.py", line 69, in emit
18:06:00 [----]     if self.shouldRollover(record):
18:06:00 [----]   File "/usr/lib/python3.8/logging/handlers.py", line 186, in shouldRollover
18:06:00 [----]     self.stream.seek(0, 2)  #due to non-posix-compliant Windows feature
18:06:00 [----] RuntimeError: reentrant call inside <_io.BufferedWriter name='/home/qtrobot/.ros/log/tts_helper_24179_1782316469087.log'>
18:06:00 [----] 
18:06:00 [----] During handling of the above exception, another exception occurred:
18:06:00 [----] 
18:06:00 [----] Traceback (most recent call last):
18:06:00 [----]   File "/usr/lib/python3.8/logging/handlers.py", line 69, in emit
18:06:00 [----]     if self.shouldRollover(record):
18:06:00 [----]   File "/usr/lib/python3.8/logging/handlers.py", line 186, in shouldRollover
18:06:00 [----]     self.stream.seek(0, 2)  #due to non-posix-compliant Windows feature
18:06:00 [----] RuntimeError: reentrant call inside <_io.BufferedWriter name='/home/qtrobot/.ros/log/tts_helper_24179_1782316469087.log'>
18:06:00 [----] 
18:06:00 [----] During handling of the above exception, another exception occurred:
18:06:00 [----] 
18:06:00 [----] Traceback (most recent call last):
18:06:00 [----]   File "/usr/lib/python3.8/logging/handlers.py", line 69, in emit
18:06:00 [----]     if self.shouldRollover(record):
18:06:00 [----]   File "/usr/lib/python3.8/logging/handlers.py", line 186, in shouldRollover
18:06:00 [----]     self.stream.seek(0, 2)  #due to non-posix-compliant Windows feature
18:06:00 [----] RuntimeError: reentrant call inside <_io.BufferedWriter name='/home/qtrobot/.ros/log/tts_helper_24179_1782316469087.log'>
18:06:00 [----] 
18:06:00 [----] During handling of the above exception, another exception occurred:
18:06:00 [----] 
18:06:00 [----] Traceback (most recent call last):
18:06:00 [----]   File "/usr/lib/python3.8/logging/handlers.py", line 69, in emit
18:06:00 [----]     if self.shouldRollover(record):
18:06:00 [----]   File "/usr/lib/python3.8/logging/handlers.py", line 186, in shouldRollover
18:06:00 [----]     self.stream.seek(0, 2)  #due to non-posix-compliant Windows feature
18:06:00 [----] RuntimeError: reentrant call inside <_io.BufferedWriter name='/home/qtrobot/.ros/log/tts_helper_24179_1782316469087.log'>
18:06:00 [----] 
18:06:00 [----] During handling of the above exception, another exception occurred:
18:06:00 [----] 
18:06:00 [----] Traceback (most recent call last):
18:06:00 [----]   File "/usr/lib/python3.8/logging/handlers.py", line 69, in emit
18:06:00 [----]     if self.shouldRollover(record):
18:06:00 [----]   File "/usr/lib/python3.8/logging/handlers.py", line 186, in shouldRollover
18:06:00 [----]     self.stream.seek(0, 2)  #due to non-posix-compliant Windows feature
18:06:00 [----] RuntimeError: reentrant call inside <_io.BufferedWriter name='/home/qtrobot/.ros/log/tts_helper_24179_1782316469087.log'>
18:06:00 [----] 
18:06:00 [----] During handling of the above exception, another exception occurred:
18:06:00 [----] 
18:06:00 [----] Traceback (most recent call last):
18:06:00 [----]   File "/usr/lib/python3.8/logging/handlers.py", line 69, in emit
18:06:00 [----]     if self.shouldRollover(record):
18:06:00 [----]   File "/usr/lib/python3.8/logging/handlers.py", line 186, in shouldRollover
18:06:00 [----]     self.stream.seek(0, 2)  #due to non-posix-compliant Windows feature
18:06:00 [----] RuntimeError: reentrant call inside <_io.BufferedWriter name='/home/qtrobot/.ros/log/tts_helper_24179_1782316469087.log'>
18:06:00 [----] 
18:06:00 [----] During handling of the above exception, another exception occurred:
18:06:00 [----] 
18:06:00 [----] Traceback (most recent call last):
18:06:00 [----]   File "/usr/lib/python3.8/logging/handlers.py", line 69, in emit
18:06:00 [----]     if self.shouldRollover(record):
18:06:00 [----]   File "/usr/lib/python3.8/logging/handlers.py", line 186, in shouldRollover
18:06:00 [----]     self.stream.seek(0, 2)  #due to non-posix-compliant Windows feature
18:06:00 [----] RuntimeError: reentrant call inside <_io.BufferedWriter name='/home/qtrobot/.ros/log/tts_helper_24179_1782316469087.log'>
18:06:00 [----] 
18:06:00 [----] During handling of the above exception, another exception occurred:
18:06:00 [----] 
18:06:00 [----] Traceback (most recent call last):
18:06:00 [----]   File "/usr/lib/python3.8/logging/handlers.py", line 69, in emit
18:06:00 [----]     if self.shouldRollover(record):
18:06:00 [----]   File "/usr/lib/python3.8/logging/handlers.py", line 186, in shouldRollover
18:06:00 [----]     self.stream.seek(0, 2)  #due to non-posix-compliant Windows feature
18:06:00 [----] RuntimeError: reentrant call inside <_io.BufferedWriter name='/home/qtrobot/.ros/log/tts_helper_24179_1782316469087.log'>
18:06:00 [----] 
18:06:00 [----] During handling of the above exception, another exception occurred:
18:06:00 [----] 
18:06:00 [----] Traceback (most recent call last):
18:06:00 [----]   File "/usr/lib/python3.8/logging/handlers.py", line 69, in emit
18:06:00 [----]     if self.shouldRollover(record):
18:06:00 [----]   File "/usr/lib/python3.8/logging/handlers.py", line 186, in shouldRollover
18:06:00 [----]     self.stream.seek(0, 2)  #due to non-posix-compliant Windows feature
18:06:00 [----] RuntimeError: reentrant call inside <_io.BufferedWriter name='/home/qtrobot/.ros/log/tts_helper_24179_1782316469087.log'>
18:06:00 [----] 
18:06:00 [----] During handling of the above exception, another exception occurred:
18:06:00 [----] 
18:06:00 [----] Traceback (most recent call last):
18:06:00 [----]   File "/usr/lib/python3.8/logging/handlers.py", line 69, in emit
18:06:00 [----]     if self.shouldRollover(record):
18:06:00 [----]   File "/usr/lib/python3.8/logging/handlers.py", line 186, in shouldRollover
18:06:00 [----]     self.stream.seek(0, 2)  #due to non-posix-compliant Windows feature
18:06:00 [----] RuntimeError: reentrant call inside <_io.BufferedWriter name='/home/qtrobot/.ros/log/tts_helper_24179_1782316469087.log'>
18:06:00 [----] 
18:06:00 [----] During handling of the above exception, another exception occurred:
18:06:00 [----] 
18:06:00 [----] Traceback (most recent call last):
18:06:00 [----]   File "/usr/lib/python3.8/logging/handlers.py", line 69, in emit
18:06:00 [----]     if self.shouldRollover(record):
18:06:00 [----]   File "/usr/lib/python3.8/logging/handlers.py", line 186, in shouldRollover
18:06:00 [----]     self.stream.seek(0, 2)  #due to non-posix-compliant Windows feature
18:06:00 [----] RuntimeError: reentrant call inside <_io.BufferedWriter name='/home/qtrobot/.ros/log/tts_helper_24179_1782316469087.log'>
18:06:00 [----] 
18:06:00 [----] During handling of the above exception, another exception occurred:
18:06:00 [----] 
18:06:00 [----] Traceback (most recent call last):
18:06:00 [----]   File "/usr/lib/python3.8/logging/handlers.py", line 69, in emit
18:06:00 [----]     if self.shouldRollover(record):
18:06:00 [----]   File "/usr/lib/python3.8/logging/handlers.py", line 186, in shouldRollover
18:06:00 [----]     self.stream.seek(0, 2)  #due to non-posix-compliant Windows feature
18:06:00 [----] RuntimeError: reentrant call inside <_io.BufferedWriter name='/home/qtrobot/.ros/log/tts_helper_24179_1782316469087.log'>
18:06:00 [----] 
18:06:00 [----] During handling of the above exception, another exception occurred:
18:06:00 [----] 
18:06:00 [----] Traceback (most recent call last):
18:06:00 [----]   File "/usr/lib/python3.8/logging/handlers.py", line 69, in emit
18:06:00 [----]     if self.shouldRollover(record):
18:06:00 [----]   File "/usr/lib/python3.8/logging/handlers.py", line 186, in shouldRollover
18:06:00 [----]     self.stream.seek(0, 2)  #due to non-posix-compliant Windows feature
18:06:00 [----] RuntimeError: reentrant call inside <_io.BufferedWriter name='/home/qtrobot/.ros/log/tts_helper_24179_1782316469087.log'>
18:06:00 [----] 
18:06:00 [----] During handling of the above exception, another exception occurred:
18:06:00 [----] 
18:06:00 [----] Traceback (most recent call last):
18:06:00 [----]   File "/usr/lib/python3.8/logging/handlers.py", line 69, in emit
18:06:00 [----]     if self.shouldRollover(record):
18:06:00 [----]   File "/usr/lib/python3.8/logging/handlers.py", line 186, in shouldRollover
18:06:00 [----]     self.stream.seek(0, 2)  #due to non-posix-compliant Windows feature
18:06:00 [----] RuntimeError: reentrant call inside <_io.BufferedWriter name='/home/qtrobot/.ros/log/tts_helper_24179_1782316469087.log'>
18:06:00 [----] 
18:06:00 [----] During handling of the above exception, another exception occurred:
18:06:00 [----] 
18:06:00 [----] Traceback (most recent call last):
18:06:00 [----]   File "/usr/lib/python3.8/logging/handlers.py", line 69, in emit
18:06:00 [----]     if self.shouldRollover(record):
18:06:00 [----]   File "/usr/lib/python3.8/logging/handlers.py", line 186, in shouldRollover
18:06:00 [----]     self.stream.seek(0, 2)  #due to non-posix-compliant Windows feature
18:06:00 [----] RuntimeError: reentrant call inside <_io.BufferedWriter name='/home/qtrobot/.ros/log/tts_helper_24179_1782316469087.log'>
18:06:00 [----] 
18:06:00 [----] During handling of the above exception, another exception occurred:
18:06:00 [----] 
18:06:00 [----] Traceback (most recent call last):
18:06:00 [----]   File "/usr/lib/python3.8/logging/handlers.py", line 69, in emit
18:06:00 [----]     if self.shouldRollover(record):
18:06:00 [----]   File "/usr/lib/python3.8/logging/handlers.py", line 186, in shouldRollover
18:06:00 [----]     self.stream.seek(0, 2)  #due to non-posix-compliant Windows feature
18:06:00 [----] RuntimeError: reentrant call inside <_io.BufferedWriter name='/home/qtrobot/.ros/log/tts_helper_24179_1782316469087.log'>
18:06:00 [----] 
18:06:00 [----] During handling of the above exception, another exception occurred:
18:06:00 [----] 
18:06:00 [----] Traceback (most recent call last):
18:06:00 [----]   File "/usr/lib/python3.8/logging/handlers.py", line 69, in emit
18:06:00 [----]     if self.shouldRollover(record):
18:06:00 [----]   File "/usr/lib/python3.8/logging/handlers.py", line 186, in shouldRollover
18:06:00 [----]     self.stream.seek(0, 2)  #due to non-posix-compliant Windows feature
18:06:00 [----] RuntimeError: reentrant call inside <_io.BufferedWriter name='/home/qtrobot/.ros/log/tts_helper_24179_1782316469087.log'>
18:06:00 [----] 
18:06:00 [----] During handling of the above exception, another exception occurred:
18:06:00 [----] 
18:06:00 [----] Traceback (most recent call last):
18:06:00 [----]   File "/usr/lib/python3.8/logging/handlers.py", line 69, in emit
18:06:00 [----]     if self.shouldRollover(record):
18:06:00 [----]   File "/usr/lib/python3.8/logging/handlers.py", line 186, in shouldRollover
18:06:00 [----]     self.stream.seek(0, 2)  #due to non-posix-compliant Windows feature
18:06:00 [----] RuntimeError: reentrant call inside <_io.BufferedWriter name='/home/qtrobot/.ros/log/tts_helper_24179_1782316469087.log'>
18:06:00 [----] 
18:06:00 [----] During handling of the above exception, another exception occurred:
18:06:00 [----] 
18:06:00 [----] Traceback (most recent call last):
18:06:00 [----]   File "/usr/lib/python3.8/logging/handlers.py", line 69, in emit
18:06:00 [----]     if self.shouldRollover(record):
18:06:00 [----]   File "/usr/lib/python3.8/logging/handlers.py", line 186, in shouldRollover
18:06:00 [----]     self.stream.seek(0, 2)  #due to non-posix-compliant Windows feature
18:06:00 [----] RuntimeError: reentrant call inside <_io.BufferedWriter name='/home/qtrobot/.ros/log/tts_helper_24179_1782316469087.log'>
18:06:00 [----] 
18:06:00 [----] During handling of the above exception, another exception occurred:
18:06:00 [----] 
18:06:00 [----] Traceback (most recent call last):
18:06:00 [----]   File "/usr/lib/python3.8/logging/handlers.py", line 69, in emit
18:06:00 [----]     if self.shouldRollover(record):
18:06:00 [----]   File "/usr/lib/python3.8/logging/handlers.py", line 186, in shouldRollover
18:06:00 [----]     self.stream.seek(0, 2)  #due to non-posix-compliant Windows feature
18:06:00 [----] RuntimeError: reentrant call inside <_io.BufferedWriter name='/home/qtrobot/.ros/log/tts_helper_24179_1782316469087.log'>
18:06:00 [----] 
18:06:00 [----] During handling of the above exception, another exception occurred:
18:06:00 [----] 
18:06:00 [----] Traceback (most recent call last):
18:06:00 [----]   File "/usr/lib/python3.8/logging/handlers.py", line 71, in emit
18:06:00 [----]     logging.FileHandler.emit(self, record)
18:06:00 [----]   File "/usr/lib/python3.8/logging/__init__.py", line 1187, in emit
18:06:00 [----]     StreamHandler.emit(self, record)
18:06:00 [----]   File "/usr/lib/python3.8/logging/__init__.py", line 1089, in emit
18:06:00 [----]     self.flush()
18:06:00 [----]   File "/usr/lib/python3.8/logging/__init__.py", line 1069, in flush
18:06:00 [----]     self.stream.flush()
18:06:00 [----]   File "/home/qtrobot/tutorials-master/demos/version_1_llm/.venv/lib/python3.8/site-packages/engineio/base_client.py", line 21, in signal_handler
18:06:00 [----]     return original_signal_handler(sig, frame)
18:06:00 [----]   File "/home/qtrobot/tutorials-master/demos/version_1_llm/.venv/lib/python3.8/site-packages/socketio/base_client.py", line 24, in signal_handler
18:06:00 [----]     return original_signal_handler(sig, frame)
18:06:00 [----]   File "/opt/ros/noetic/lib/python3/dist-packages/rospy/core.py", line 606, in _ros_signal
18:06:00 [----]     signal_shutdown("signal-"+str(sig))
18:06:00 [----]   File "/opt/ros/noetic/lib/python3/dist-packages/rospy/core.py", line 560, in signal_shutdown
18:06:00 [----]     _logger.info("signal_shutdown [%s]"%reason)
18:06:00 [----]   File "/usr/lib/python3.8/logging/__init__.py", line 1446, in info
18:06:00 [----]     self._log(INFO, msg, args, **kwargs)
18:06:00 [----]   File "/usr/lib/python3.8/logging/__init__.py", line 1589, in _log
18:06:00 [----]     self.handle(record)
18:06:00 [----]   File "/usr/lib/python3.8/logging/__init__.py", line 1599, in handle
18:06:00 [----]     self.callHandlers(record)
18:06:00 [----]   File "/usr/lib/python3.8/logging/__init__.py", line 1661, in callHandlers
18:06:00 [----]     hdlr.handle(record)
18:06:00 [----]   File "/usr/lib/python3.8/logging/__init__.py", line 954, in handle
18:06:00 [----]     self.emit(record)
18:06:00 [----]   File "/usr/lib/python3.8/logging/handlers.py", line 73, in emit
18:06:00 [----]     self.handleError(record)
18:06:00 [----]   File "/usr/lib/python3.8/logging/__init__.py", line 1007, in handleError
18:06:00 [----]     traceback.print_exception(t, v, tb, None, sys.stderr)
18:06:00 [----]   File "/usr/lib/python3.8/traceback.py", line 103, in print_exception
18:06:00 [----]     for line in TracebackException(
18:06:00 [----]   File "/home/qtrobot/tutorials-master/demos/version_1_llm/.venv/lib/python3.8/site-packages/exceptiongroup/_formatting.py", line 96, in __init__
18:06:00 [----]     self.stack = traceback.StackSummary.extract(
18:06:00 [----]   File "/usr/lib/python3.8/traceback.py", line 366, in extract
18:06:00 [----]     f.line
18:06:00 [----]   File "/usr/lib/python3.8/traceback.py", line 288, in line
18:06:00 [----]     self._line = linecache.getline(self.filename, self.lineno).strip()
18:06:00 [----]   File "/usr/lib/python3.8/linecache.py", line 16, in getline
18:06:00 [----]     lines = getlines(filename, module_globals)
18:06:00 [----]   File "/usr/lib/python3.8/linecache.py", line 47, in getlines
18:06:00 [----]     return updatecache(filename, module_globals)
18:06:00 [----]   File "/usr/lib/python3.8/linecache.py", line 136, in updatecache
18:06:00 [----]     with tokenize.open(fullname) as fp:
18:06:00 [----]   File "/usr/lib/python3.8/tokenize.py", line 392, in open
18:06:00 [----]     buffer = _builtin_open(filename, 'rb')
18:06:00 [----]   File "/home/qtrobot/tutorials-master/demos/version_1_llm/.venv/lib/python3.8/site-packages/engineio/base_client.py", line 21, in signal_handler
18:06:00 [----]     return original_signal_handler(sig, frame)
18:06:00 [----]   File "/home/qtrobot/tutorials-master/demos/version_1_llm/.venv/lib/python3.8/site-packages/socketio/base_client.py", line 24, in signal_handler
18:06:00 [----]     return original_signal_handler(sig, frame)
18:06:00 [----]   File "/opt/ros/noetic/lib/python3/dist-packages/rospy/core.py", line 606, in _ros_signal
18:06:00 [----]     signal_shutdown("signal-"+str(sig))
18:06:00 [----]   File "/opt/ros/noetic/lib/python3/dist-packages/rospy/core.py", line 560, in signal_shutdown
18:06:00 [----]     _logger.info("signal_shutdown [%s]"%reason)
18:06:00 [----]   File "/usr/lib/python3.8/logging/__init__.py", line 1446, in info
18:06:00 [----]     self._log(INFO, msg, args, **kwargs)
18:06:00 [----]   File "/usr/lib/python3.8/logging/__init__.py", line 1589, in _log
18:06:00 [----]     self.handle(record)
18:06:00 [----]   File "/usr/lib/python3.8/logging/__init__.py", line 1599, in handle
18:06:00 [----]     self.callHandlers(record)
18:06:00 [----]   File "/usr/lib/python3.8/logging/__init__.py", line 1661, in callHandlers
18:06:00 [----]     hdlr.handle(record)
18:06:00 [----]   File "/usr/lib/python3.8/logging/__init__.py", line 954, in handle
18:06:00 [----]     self.emit(record)
18:06:00 [----]   File "/usr/lib/python3.8/logging/handlers.py", line 73, in emit
18:06:00 [----]     self.handleError(record)
18:06:00 [----]   File "/usr/lib/python3.8/logging/__init__.py", line 1007, in handleError
18:06:00 [----]     traceback.print_exception(t, v, tb, None, sys.stderr)
18:06:00 [----]   File "/usr/lib/python3.8/traceback.py", line 103, in print_exception
18:06:00 [----]     for line in TracebackException(
18:06:00 [----]   File "/home/qtrobot/tutorials-master/demos/version_1_llm/.venv/lib/python3.8/site-packages/exceptiongroup/_formatting.py", line 96, in __init__
18:06:00 [----]     self.stack = traceback.StackSummary.extract(
18:06:00 [----]   File "/usr/lib/python3.8/traceback.py", line 366, in extract
18:06:00 [----]     f.line
18:06:00 [----]   File "/usr/lib/python3.8/traceback.py", line 288, in line
18:06:00 [----]     self._line = linecache.getline(self.filename, self.lineno).strip()
18:06:00 [----]   File "/usr/lib/python3.8/linecache.py", line 16, in getline
18:06:00 [----]     lines = getlines(filename, module_globals)
18:06:00 [----]   File "/usr/lib/python3.8/linecache.py", line 47, in getlines
18:06:00 [----]     return updatecache(filename, module_globals)
18:06:00 [----]   File "/usr/lib/python3.8/linecache.py", line 136, in updatecache
18:06:00 [----]     with tokenize.open(fullname) as fp:
18:06:00 [----]   File "/usr/lib/python3.8/tokenize.py", line 392, in open
18:06:00 [----]     buffer = _builtin_open(filename, 'rb')
18:06:00 [----]   File "/home/qtrobot/tutorials-master/demos/version_1_llm/.venv/lib/python3.8/site-packages/engineio/base_client.py", line 21, in signal_handler
18:06:00 [----]     return original_signal_handler(sig, frame)
18:06:00 [----]   File "/home/qtrobot/tutorials-master/demos/version_1_llm/.venv/lib/python3.8/site-packages/socketio/base_client.py", line 24, in signal_handler
18:06:00 [----]     return original_signal_handler(sig, frame)
18:06:00 [----]   File "/opt/ros/noetic/lib/python3/dist-packages/rospy/core.py", line 606, in _ros_signal
18:06:00 [----]     signal_shutdown("signal-"+str(sig))
18:06:00 [----]   File "/opt/ros/noetic/lib/python3/dist-packages/rospy/core.py", line 560, in signal_shutdown
18:06:00 [----]     _logger.info("signal_shutdown [%s]"%reason)
18:06:00 [----]   File "/usr/lib/python3.8/logging/__init__.py", line 1446, in info
18:06:00 [----]     self._log(INFO, msg, args, **kwargs)
18:06:00 [----]   File "/usr/lib/python3.8/logging/__init__.py", line 1589, in _log
18:06:00 [----]     self.handle(record)
18:06:00 [----]   File "/usr/lib/python3.8/logging/__init__.py", line 1599, in handle
18:06:00 [----]     self.callHandlers(record)
18:06:00 [----]   File "/usr/lib/python3.8/logging/__init__.py", line 1661, in callHandlers
18:06:00 [----]     hdlr.handle(record)
18:06:00 [----]   File "/usr/lib/python3.8/logging/__init__.py", line 954, in handle
18:06:00 [----]     self.emit(record)
18:06:00 [----]   File "/usr/lib/python3.8/logging/handlers.py", line 73, in emit
18:06:00 [----]     self.handleError(record)
18:06:00 [----]   File "/usr/lib/python3.8/logging/__init__.py", line 1007, in handleError
18:06:00 [----]     traceback.print_exception(t, v, tb, None, sys.stderr)
18:06:00 [----]   File "/usr/lib/python3.8/traceback.py", line 103, in print_exception
18:06:00 [----]     for line in TracebackException(
18:06:00 [----]   File "/home/qtrobot/tutorials-master/demos/version_1_llm/.venv/lib/python3.8/site-packages/exceptiongroup/_formatting.py", line 96, in __init__
18:06:00 [----]     self.stack = traceback.StackSummary.extract(
18:06:00 [----]   File "/usr/lib/python3.8/traceback.py", line 366, in extract
18:06:00 [----]     f.line
18:06:00 [----]   File "/usr/lib/python3.8/traceback.py", line 288, in line
18:06:00 [----]     self._line = linecache.getline(self.filename, self.lineno).strip()
18:06:00 [----]   File "/usr/lib/python3.8/linecache.py", line 16, in getline
18:06:00 [----]     lines = getlines(filename, module_globals)
18:06:00 [----]   File "/usr/lib/python3.8/linecache.py", line 47, in getlines
18:06:00 [----]     return updatecache(filename, module_globals)
18:06:00 [----]   File "/usr/lib/python3.8/linecache.py", line 136, in updatecache
18:06:00 [----]     with tokenize.open(fullname) as fp:
18:06:00 [----]   File "/usr/lib/python3.8/tokenize.py", line 392, in open
18:06:00 [----]     buffer = _builtin_open(filename, 'rb')
18:06:00 [----]   File "/home/qtrobot/tutorials-master/demos/version_1_llm/.venv/lib/python3.8/site-packages/engineio/base_client.py", line 21, in signal_handler
18:06:00 [----]     return original_signal_handler(sig, frame)
18:06:00 [----]   File "/home/qtrobot/tutorials-master/demos/version_1_llm/.venv/lib/python3.8/site-packages/socketio/base_client.py", line 24, in signal_handler
18:06:00 [----]     return original_signal_handler(sig, frame)
18:06:00 [----]   File "/opt/ros/noetic/lib/python3/dist-packages/rospy/core.py", line 606, in _ros_signal
18:06:00 [----]     signal_shutdown("signal-"+str(sig))
18:06:00 [----]   File "/opt/ros/noetic/lib/python3/dist-packages/rospy/core.py", line 560, in signal_shutdown
18:06:00 [----]     _logger.info("signal_shutdown [%s]"%reason)
18:06:00 [----]   File "/usr/lib/python3.8/logging/__init__.py", line 1446, in info
18:06:00 [----]     self._log(INFO, msg, args, **kwargs)
18:06:00 [----]   File "/usr/lib/python3.8/logging/__init__.py", line 1589, in _log
18:06:00 [----]     self.handle(record)
18:06:00 [----]   File "/usr/lib/python3.8/logging/__init__.py", line 1599, in handle
18:06:00 [----]     self.callHandlers(record)
18:06:00 [----]   File "/usr/lib/python3.8/logging/__init__.py", line 1661, in callHandlers
18:06:00 [----]     hdlr.handle(record)
18:06:00 [----]   File "/usr/lib/python3.8/logging/__init__.py", line 954, in handle
18:06:00 [----]     self.emit(record)
18:06:00 [----]   File "/usr/lib/python3.8/logging/handlers.py", line 73, in emit
18:06:00 [----]     self.handleError(record)
18:06:00 [----]   File "/usr/lib/python3.8/logging/__init__.py", line 1007, in handleError
18:06:00 [----]     traceback.print_exception(t, v, tb, None, sys.stderr)
18:06:00 [----]   File "/usr/lib/python3.8/traceback.py", line 103, in print_exception
18:06:00 [----]     for line in TracebackException(
18:06:00 [----]   File "/home/qtrobot/tutorials-master/demos/version_1_llm/.venv/lib/python3.8/site-packages/exceptiongroup/_formatting.py", line 96, in __init__
18:06:00 [----]     self.stack = traceback.StackSummary.extract(
18:06:00 [----]   File "/usr/lib/python3.8/traceback.py", line 366, in extract
18:06:00 [----]     f.line
18:06:00 [----]   File "/usr/lib/python3.8/traceback.py", line 288, in line
18:06:00 [----]     self._line = linecache.getline(self.filename, self.lineno).strip()
18:06:00 [----]   File "/usr/lib/python3.8/linecache.py", line 16, in getline
18:06:00 [----]     lines = getlines(filename, module_globals)
18:06:00 [----]   File "/usr/lib/python3.8/linecache.py", line 47, in getlines
18:06:00 [----]     return updatecache(filename, module_globals)
18:06:00 [----]   File "/usr/lib/python3.8/linecache.py", line 136, in updatecache
18:06:00 [----]     with tokenize.open(fullname) as fp:
18:06:00 [----]   File "/usr/lib/python3.8/tokenize.py", line 394, in open
18:06:00 [----]     encoding, lines = detect_encoding(buffer.readline)
18:06:00 [----]   File "/usr/lib/python3.8/tokenize.py", line 363, in detect_encoding
18:06:00 [----]     first = read_or_stop()
18:06:00 [----]   File "/usr/lib/python3.8/tokenize.py", line 321, in read_or_stop
18:06:00 [----]     return readline()
18:06:00 [----]   File "/home/qtrobot/tutorials-master/demos/version_1_llm/.venv/lib/python3.8/site-packages/engineio/base_client.py", line 21, in signal_handler
18:06:00 [----]     return original_signal_handler(sig, frame)
18:06:00 [----]   File "/home/qtrobot/tutorials-master/demos/version_1_llm/.venv/lib/python3.8/site-packages/socketio/base_client.py", line 24, in signal_handler
18:06:00 [----]     return original_signal_handler(sig, frame)
18:06:00 [----]   File "/opt/ros/noetic/lib/python3/dist-packages/rospy/core.py", line 606, in _ros_signal
18:06:00 [----]     signal_shutdown("signal-"+str(sig))
18:06:00 [----]   File "/opt/ros/noetic/lib/python3/dist-packages/rospy/core.py", line 560, in signal_shutdown
18:06:00 [----]     _logger.info("signal_shutdown [%s]"%reason)
18:06:00 [----]   File "/usr/lib/python3.8/logging/__init__.py", line 1446, in info
18:06:00 [----]     self._log(INFO, msg, args, **kwargs)
18:06:00 [----]   File "/usr/lib/python3.8/logging/__init__.py", line 1589, in _log
18:06:00 [----]     self.handle(record)
18:06:00 [----]   File "/usr/lib/python3.8/logging/__init__.py", line 1599, in handle
18:06:00 [----]     self.callHandlers(record)
18:06:00 [----]   File "/usr/lib/python3.8/logging/__init__.py", line 1661, in callHandlers
18:06:00 [----]     hdlr.handle(record)
18:06:00 [----]   File "/usr/lib/python3.8/logging/__init__.py", line 954, in handle
18:06:00 [----]     self.emit(record)
18:06:00 [----]   File "/usr/lib/python3.8/logging/handlers.py", line 73, in emit
18:06:00 [----]     self.handleError(record)
18:06:00 [----]   File "/usr/lib/python3.8/logging/__init__.py", line 1007, in handleError
18:06:00 [----]     traceback.print_exception(t, v, tb, None, sys.stderr)
18:06:00 [----]   File "/usr/lib/python3.8/traceback.py", line 103, in print_exception
18:06:00 [----]     for line in TracebackException(
18:06:00 [----]   File "/home/qtrobot/tutorials-master/demos/version_1_llm/.venv/lib/python3.8/site-packages/exceptiongroup/_formatting.py", line 96, in __init__
18:06:00 [----]     self.stack = traceback.StackSummary.extract(
18:06:00 [----]   File "/usr/lib/python3.8/traceback.py", line 366, in extract
18:06:00 [----]     f.line
18:06:00 [----]   File "/usr/lib/python3.8/traceback.py", line 288, in line
18:06:00 [----]     self._line = linecache.getline(self.filename, self.lineno).strip()
18:06:00 [----]   File "/usr/lib/python3.8/linecache.py", line 16, in getline
18:06:00 [----]     lines = getlines(filename, module_globals)
18:06:00 [----]   File "/usr/lib/python3.8/linecache.py", line 47, in getlines
18:06:00 [----]     return updatecache(filename, module_globals)
18:06:00 [----]   File "/usr/lib/python3.8/linecache.py", line 136, in updatecache
18:06:00 [----]     with tokenize.open(fullname) as fp:
18:06:00 [----]   File "/usr/lib/python3.8/tokenize.py", line 392, in open
18:06:00 [----]     buffer = _builtin_open(filename, 'rb')
18:06:00 [----]   File "/home/qtrobot/tutorials-master/demos/version_1_llm/.venv/lib/python3.8/site-packages/engineio/base_client.py", line 21, in signal_handler
18:06:00 [----]     return original_signal_handler(sig, frame)
18:06:00 [----]   File "/home/qtrobot/tutorials-master/demos/version_1_llm/.venv/lib/python3.8/site-packages/socketio/base_client.py", line 24, in signal_handler
18:06:00 [----]     return original_signal_handler(sig, frame)
18:06:00 [----]   File "/opt/ros/noetic/lib/python3/dist-packages/rospy/core.py", line 606, in _ros_signal
18:06:00 [----]     signal_shutdown("signal-"+str(sig))
18:06:00 [----]   File "/opt/ros/noetic/lib/python3/dist-packages/rospy/core.py", line 560, in signal_shutdown
18:06:00 [----]     _logger.info("signal_shutdown [%s]"%reason)
18:06:00 [----]   File "/usr/lib/python3.8/logging/__init__.py", line 1446, in info
18:06:00 [----]     self._log(INFO, msg, args, **kwargs)
18:06:00 [----]   File "/usr/lib/python3.8/logging/__init__.py", line 1589, in _log
18:06:00 [----]     self.handle(record)
18:06:00 [----]   File "/usr/lib/python3.8/logging/__init__.py", line 1599, in handle
18:06:00 [----]     self.callHandlers(record)
18:06:00 [----]   File "/usr/lib/python3.8/logging/__init__.py", line 1661, in callHandlers
18:06:00 [----]     hdlr.handle(record)
18:06:00 [----]   File "/usr/lib/python3.8/logging/__init__.py", line 954, in handle
18:06:00 [----]     self.emit(record)
18:06:00 [----]   File "/usr/lib/python3.8/logging/handlers.py", line 73, in emit
18:06:00 [----]     self.handleError(record)
18:06:00 [----]   File "/usr/lib/python3.8/logging/__init__.py", line 1007, in handleError
18:06:00 [----]     traceback.print_exception(t, v, tb, None, sys.stderr)
18:06:00 [----]   File "/usr/lib/python3.8/traceback.py", line 103, in print_exception
18:06:00 [----]     for line in TracebackException(
18:06:00 [----]   File "/home/qtrobot/tutorials-master/demos/version_1_llm/.venv/lib/python3.8/site-packages/exceptiongroup/_formatting.py", line 96, in __init__
18:06:00 [----]     self.stack = traceback.StackSummary.extract(
18:06:00 [----]   File "/usr/lib/python3.8/traceback.py", line 366, in extract
18:06:00 [----]     f.line
18:06:00 [----]   File "/usr/lib/python3.8/traceback.py", line 288, in line
18:06:00 [----]     self._line = linecache.getline(self.filename, self.lineno).strip()
18:06:00 [----]   File "/usr/lib/python3.8/linecache.py", line 16, in getline
18:06:00 [----]     lines = getlines(filename, module_globals)
18:06:00 [----]   File "/usr/lib/python3.8/linecache.py", line 47, in getlines
18:06:00 [----]     return updatecache(filename, module_globals)
18:06:00 [----]   File "/usr/lib/python3.8/linecache.py", line 136, in updatecache
18:06:00 [----]     with tokenize.open(fullname) as fp:
18:06:00 [----]   File "/usr/lib/python3.8/tokenize.py", line 392, in open
18:06:00 [----]     buffer = _builtin_open(filename, 'rb')
18:06:00 [----]   File "/home/qtrobot/tutorials-master/demos/version_1_llm/.venv/lib/python3.8/site-packages/engineio/base_client.py", line 21, in signal_handler
18:06:00 [----]     return original_signal_handler(sig, frame)
18:06:00 [----]   File "/home/qtrobot/tutorials-master/demos/version_1_llm/.venv/lib/python3.8/site-packages/socketio/base_client.py", line 24, in signal_handler
18:06:00 [----]     return original_signal_handler(sig, frame)
18:06:00 [----]   File "/opt/ros/noetic/lib/python3/dist-packages/rospy/core.py", line 606, in _ros_signal
18:06:00 [----]     signal_shutdown("signal-"+str(sig))
18:06:00 [----]   File "/opt/ros/noetic/lib/python3/dist-packages/rospy/core.py", line 560, in signal_shutdown
18:06:00 [----]     _logger.info("signal_shutdown [%s]"%reason)
18:06:00 [----]   File "/usr/lib/python3.8/logging/__init__.py", line 1446, in info
18:06:00 [----]     self._log(INFO, msg, args, **kwargs)
18:06:00 [----]   File "/usr/lib/python3.8/logging/__init__.py", line 1589, in _log
18:06:00 [----]     self.handle(record)
18:06:00 [----]   File "/usr/lib/python3.8/logging/__init__.py", line 1599, in handle
18:06:00 [----]     self.callHandlers(record)
18:06:00 [----]   File "/usr/lib/python3.8/logging/__init__.py", line 1661, in callHandlers
18:06:00 [----]     hdlr.handle(record)
18:06:00 [----]   File "/usr/lib/python3.8/logging/__init__.py", line 954, in handle
18:06:00 [----]     self.emit(record)
18:06:00 [----]   File "/usr/lib/python3.8/logging/handlers.py", line 73, in emit
18:06:00 [----]     self.handleError(record)
18:06:00 [----]   File "/usr/lib/python3.8/logging/__init__.py", line 1007, in handleError
18:06:00 [----]     traceback.print_exception(t, v, tb, None, sys.stderr)
18:06:00 [----]   File "/usr/lib/python3.8/traceback.py", line 103, in print_exception
18:06:00 [----]     for line in TracebackException(
18:06:00 [----]   File "/home/qtrobot/tutorials-master/demos/version_1_llm/.venv/lib/python3.8/site-packages/exceptiongroup/_formatting.py", line 96, in __init__
18:06:00 [----]     self.stack = traceback.StackSummary.extract(
18:06:00 [----]   File "/usr/lib/python3.8/traceback.py", line 366, in extract
18:06:00 [----]     f.line
18:06:00 [----]   File "/usr/lib/python3.8/traceback.py", line 288, in line
18:06:00 [----]     self._line = linecache.getline(self.filename, self.lineno).strip()
18:06:00 [----]   File "/usr/lib/python3.8/linecache.py", line 16, in getline
18:06:00 [----]     lines = getlines(filename, module_globals)
18:06:00 [----]   File "/usr/lib/python3.8/linecache.py", line 47, in getlines
18:06:00 [----]     return updatecache(filename, module_globals)
18:06:00 [----]   File "/usr/lib/python3.8/linecache.py", line 136, in updatecache
18:06:00 [----]     with tokenize.open(fullname) as fp:
18:06:00 [----]   File "/usr/lib/python3.8/tokenize.py", line 392, in open
18:06:00 [----]     buffer = _builtin_open(filename, 'rb')
18:06:00 [----]   File "/home/qtrobot/tutorials-master/demos/version_1_llm/.venv/lib/python3.8/site-packages/engineio/base_client.py", line 21, in signal_handler
18:06:00 [----]     return original_signal_handler(sig, frame)
18:06:00 [----]   File "/home/qtrobot/tutorials-master/demos/version_1_llm/.venv/lib/python3.8/site-packages/socketio/base_client.py", line 24, in signal_handler
18:06:00 [----]     return original_signal_handler(sig, frame)
18:06:00 [----]   File "/opt/ros/noetic/lib/python3/dist-packages/rospy/core.py", line 606, in _ros_signal
18:06:00 [----]     signal_shutdown("signal-"+str(sig))
18:06:00 [----]   File "/opt/ros/noetic/lib/python3/dist-packages/rospy/core.py", line 560, in signal_shutdown
18:06:00 [----]     _logger.info("signal_shutdown [%s]"%reason)
18:06:00 [----]   File "/usr/lib/python3.8/logging/__init__.py", line 1446, in info
18:06:00 [----]     self._log(INFO, msg, args, **kwargs)
18:06:00 [----]   File "/usr/lib/python3.8/logging/__init__.py", line 1589, in _log
18:06:00 [----]     self.handle(record)
18:06:00 [----]   File "/usr/lib/python3.8/logging/__init__.py", line 1599, in handle
18:06:00 [----]     self.callHandlers(record)
18:06:00 [----]   File "/usr/lib/python3.8/logging/__init__.py", line 1661, in callHandlers
18:06:00 [----]     hdlr.handle(record)
18:06:00 [----]   File "/usr/lib/python3.8/logging/__init__.py", line 954, in handle
18:06:00 [----]     self.emit(record)
18:06:00 [----]   File "/usr/lib/python3.8/logging/handlers.py", line 73, in emit
18:06:00 [----]     self.handleError(record)
18:06:00 [----]   File "/usr/lib/python3.8/logging/__init__.py", line 1007, in handleError
18:06:00 [----]     traceback.print_exception(t, v, tb, None, sys.stderr)
18:06:00 [----]   File "/usr/lib/python3.8/traceback.py", line 103, in print_exception
18:06:00 [----]     for line in TracebackException(
18:06:00 [----]   File "/home/qtrobot/tutorials-master/demos/version_1_llm/.venv/lib/python3.8/site-packages/exceptiongroup/_formatting.py", line 96, in __init__
18:06:00 [----]     self.stack = traceback.StackSummary.extract(
18:06:00 [----]   File "/usr/lib/python3.8/traceback.py", line 366, in extract
18:06:00 [----]     f.line
18:06:00 [----]   File "/usr/lib/python3.8/traceback.py", line 288, in line
18:06:00 [----]     self._line = linecache.getline(self.filename, self.lineno).strip()
18:06:00 [----]   File "/usr/lib/python3.8/linecache.py", line 16, in getline
18:06:00 [----]     lines = getlines(filename, module_globals)
18:06:00 [----]   File "/usr/lib/python3.8/linecache.py", line 47, in getlines
18:06:00 [----]     return updatecache(filename, module_globals)
18:06:00 [----]   File "/usr/lib/python3.8/linecache.py", line 136, in updatecache
18:06:00 [----]     with tokenize.open(fullname) as fp:
18:06:00 [----]   File "/usr/lib/python3.8/tokenize.py", line 392, in open
18:06:00 [----]     buffer = _builtin_open(filename, 'rb')
18:06:00 [----]   File "/home/qtrobot/tutorials-master/demos/version_1_llm/.venv/lib/python3.8/site-packages/engineio/base_client.py", line 21, in signal_handler
18:06:00 [----]     return original_signal_handler(sig, frame)
18:06:00 [----]   File "/home/qtrobot/tutorials-master/demos/version_1_llm/.venv/lib/python3.8/site-packages/socketio/base_client.py", line 24, in signal_handler
18:06:00 [----]     return original_signal_handler(sig, frame)
18:06:00 [----]   File "/opt/ros/noetic/lib/python3/dist-packages/rospy/core.py", line 606, in _ros_signal
18:06:00 [----]     signal_shutdown("signal-"+str(sig))
18:06:00 [----]   File "/opt/ros/noetic/lib/python3/dist-packages/rospy/core.py", line 560, in signal_shutdown
18:06:00 [----]     _logger.info("signal_shutdown [%s]"%reason)
18:06:00 [----]   File "/usr/lib/python3.8/logging/__init__.py", line 1446, in info
18:06:00 [----]     self._log(INFO, msg, args, **kwargs)
18:06:00 [----]   File "/usr/lib/python3.8/logging/__init__.py", line 1589, in _log
18:06:00 [----]     self.handle(record)
18:06:00 [----]   File "/usr/lib/python3.8/logging/__init__.py", line 1599, in handle
18:06:00 [----]     self.callHandlers(record)
18:06:00 [----]   File "/usr/lib/python3.8/logging/__init__.py", line 1661, in callHandlers
18:06:00 [----]     hdlr.handle(record)
18:06:00 [----]   File "/usr/lib/python3.8/logging/__init__.py", line 954, in handle
18:06:00 [----]     self.emit(record)
18:06:00 [----]   File "/usr/lib/python3.8/logging/handlers.py", line 73, in emit
18:06:00 [----]     self.handleError(record)
18:06:00 [----]   File "/usr/lib/python3.8/logging/__init__.py", line 1007, in handleError
18:06:00 [----]     traceback.print_exception(t, v, tb, None, sys.stderr)
18:06:00 [----]   File "/usr/lib/python3.8/traceback.py", line 103, in print_exception
18:06:00 [----]     for line in TracebackException(
18:06:00 [----]   File "/home/qtrobot/tutorials-master/demos/version_1_llm/.venv/lib/python3.8/site-packages/exceptiongroup/_formatting.py", line 96, in __init__
18:06:00 [----]     self.stack = traceback.StackSummary.extract(
18:06:00 [----]   File "/usr/lib/python3.8/traceback.py", line 366, in extract
18:06:00 [----]     f.line
18:06:00 [----]   File "/usr/lib/python3.8/traceback.py", line 288, in line
18:06:00 [----]     self._line = linecache.getline(self.filename, self.lineno).strip()
18:06:00 [----]   File "/usr/lib/python3.8/linecache.py", line 16, in getline
18:06:00 [----]     lines = getlines(filename, module_globals)
18:06:00 [----]   File "/usr/lib/python3.8/linecache.py", line 47, in getlines
18:06:00 [----]     return updatecache(filename, module_globals)
18:06:00 [----]   File "/usr/lib/python3.8/linecache.py", line 95, in updatecache
18:06:00 [----]     stat = os.stat(fullname)
18:06:00 [----]   File "/home/qtrobot/tutorials-master/demos/version_1_llm/.venv/lib/python3.8/site-packages/engineio/base_client.py", line 21, in signal_handler
18:06:00 [----]     return original_signal_handler(sig, frame)
18:06:00 [----]   File "/home/qtrobot/tutorials-master/demos/version_1_llm/.venv/lib/python3.8/site-packages/socketio/base_client.py", line 24, in signal_handler
18:06:00 [----]     return original_signal_handler(sig, frame)
18:06:00 [----]   File "/opt/ros/noetic/lib/python3/dist-packages/rospy/core.py", line 606, in _ros_signal
18:06:00 [----]     signal_shutdown("signal-"+str(sig))
18:06:00 [----]   File "/opt/ros/noetic/lib/python3/dist-packages/rospy/core.py", line 560, in signal_shutdown
18:06:00 [----]     _logger.info("signal_shutdown [%s]"%reason)
18:06:00 [----]   File "/usr/lib/python3.8/logging/__init__.py", line 1446, in info
18:06:00 [----]     self._log(INFO, msg, args, **kwargs)
18:06:00 [----]   File "/usr/lib/python3.8/logging/__init__.py", line 1589, in _log
18:06:00 [----]     self.handle(record)
18:06:00 [----]   File "/usr/lib/python3.8/logging/__init__.py", line 1599, in handle
18:06:00 [----]     self.callHandlers(record)
18:06:00 [----]   File "/usr/lib/python3.8/logging/__init__.py", line 1661, in callHandlers
18:06:00 [----]     hdlr.handle(record)
18:06:00 [----]   File "/usr/lib/python3.8/logging/__init__.py", line 954, in handle
18:06:00 [----]     self.emit(record)
18:06:00 [----]   File "/usr/lib/python3.8/logging/handlers.py", line 73, in emit
18:06:00 [----]     self.handleError(record)
18:06:00 [----]   File "/usr/lib/python3.8/logging/__init__.py", line 1007, in handleError
18:06:00 [----]     traceback.print_exception(t, v, tb, None, sys.stderr)
18:06:00 [----]   File "/usr/lib/python3.8/traceback.py", line 103, in print_exception
18:06:00 [----]     for line in TracebackException(
18:06:00 [----]   File "/home/qtrobot/tutorials-master/demos/version_1_llm/.venv/lib/python3.8/site-packages/exceptiongroup/_formatting.py", line 96, in __init__
18:06:00 [----]     self.stack = traceback.StackSummary.extract(
18:06:00 [----]   File "/usr/lib/python3.8/traceback.py", line 366, in extract
18:06:00 [----]     f.line
18:06:00 [----]   File "/usr/lib/python3.8/traceback.py", line 288, in line
18:06:00 [----]     self._line = linecache.getline(self.filename, self.lineno).strip()
18:06:00 [----]   File "/usr/lib/python3.8/linecache.py", line 16, in getline
18:06:00 [----]     lines = getlines(filename, module_globals)
18:06:00 [----]   File "/usr/lib/python3.8/linecache.py", line 47, in getlines
18:06:00 [----]     return updatecache(filename, module_globals)
18:06:00 [----]   File "/usr/lib/python3.8/linecache.py", line 136, in updatecache
18:06:00 [----]     with tokenize.open(fullname) as fp:
18:06:00 [----]   File "/usr/lib/python3.8/tokenize.py", line 392, in open
18:06:00 [----]     buffer = _builtin_open(filename, 'rb')
18:06:00 [----]   File "/home/qtrobot/tutorials-master/demos/version_1_llm/.venv/lib/python3.8/site-packages/engineio/base_client.py", line 21, in signal_handler
18:06:00 [----]     return original_signal_handler(sig, frame)
18:06:00 [----]   File "/home/qtrobot/tutorials-master/demos/version_1_llm/.venv/lib/python3.8/site-packages/socketio/base_client.py", line 24, in signal_handler
18:06:00 [----]     return original_signal_handler(sig, frame)
18:06:00 [----]   File "/opt/ros/noetic/lib/python3/dist-packages/rospy/core.py", line 606, in _ros_signal
18:06:00 [----]     signal_shutdown("signal-"+str(sig))
18:06:00 [----]   File "/opt/ros/noetic/lib/python3/dist-packages/rospy/core.py", line 560, in signal_shutdown
18:06:00 [----]     _logger.info("signal_shutdown [%s]"%reason)
18:06:00 [----]   File "/usr/lib/python3.8/logging/__init__.py", line 1446, in info
18:06:00 [----]     self._log(INFO, msg, args, **kwargs)
18:06:00 [----]   File "/usr/lib/python3.8/logging/__init__.py", line 1589, in _log
18:06:00 [----]     self.handle(record)
18:06:00 [----]   File "/usr/lib/python3.8/logging/__init__.py", line 1599, in handle
18:06:00 [----]     self.callHandlers(record)
18:06:00 [----]   File "/usr/lib/python3.8/logging/__init__.py", line 1661, in callHandlers
18:06:00 [----]     hdlr.handle(record)
18:06:00 [----]   File "/usr/lib/python3.8/logging/__init__.py", line 954, in handle
18:06:00 [----]     self.emit(record)
18:06:00 [----]   File "/usr/lib/python3.8/logging/handlers.py", line 73, in emit
18:06:00 [----]     self.handleError(record)
18:06:00 [----]   File "/usr/lib/python3.8/logging/__init__.py", line 1007, in handleError
18:06:00 [----]     traceback.print_exception(t, v, tb, None, sys.stderr)
18:06:00 [----]   File "/usr/lib/python3.8/traceback.py", line 103, in print_exception
18:06:00 [----]     for line in TracebackException(
18:06:00 [----]   File "/home/qtrobot/tutorials-master/demos/version_1_llm/.venv/lib/python3.8/site-packages/exceptiongroup/_formatting.py", line 96, in __init__
18:06:00 [----]     self.stack = traceback.StackSummary.extract(
18:06:00 [----]   File "/usr/lib/python3.8/traceback.py", line 366, in extract
18:06:00 [----]     f.line
18:06:00 [----]   File "/usr/lib/python3.8/traceback.py", line 288, in line
18:06:00 [----]     self._line = linecache.getline(self.filename, self.lineno).strip()
18:06:00 [----]   File "/usr/lib/python3.8/linecache.py", line 16, in getline
18:06:00 [----]     lines = getlines(filename, module_globals)
18:06:00 [----]   File "/usr/lib/python3.8/linecache.py", line 47, in getlines
18:06:00 [----]     return updatecache(filename, module_globals)
18:06:00 [----]   File "/usr/lib/python3.8/linecache.py", line 136, in updatecache
18:06:00 [----]     with tokenize.open(fullname) as fp:
18:06:00 [----]   File "/usr/lib/python3.8/tokenize.py", line 392, in open
18:06:00 [----]     buffer = _builtin_open(filename, 'rb')
18:06:00 [----]   File "/home/qtrobot/tutorials-master/demos/version_1_llm/.venv/lib/python3.8/site-packages/engineio/base_client.py", line 21, in signal_handler
18:06:00 [----]     return original_signal_handler(sig, frame)
18:06:00 [----]   File "/home/qtrobot/tutorials-master/demos/version_1_llm/.venv/lib/python3.8/site-packages/socketio/base_client.py", line 24, in signal_handler
18:06:00 [----]     return original_signal_handler(sig, frame)
18:06:00 [----]   File "/opt/ros/noetic/lib/python3/dist-packages/rospy/core.py", line 606, in _ros_signal
18:06:00 [----]     signal_shutdown("signal-"+str(sig))
18:06:00 [----]   File "/opt/ros/noetic/lib/python3/dist-packages/rospy/core.py", line 560, in signal_shutdown
18:06:00 [----]     _logger.info("signal_shutdown [%s]"%reason)
18:06:00 [----]   File "/usr/lib/python3.8/logging/__init__.py", line 1446, in info
18:06:00 [----]     self._log(INFO, msg, args, **kwargs)
18:06:00 [----]   File "/usr/lib/python3.8/logging/__init__.py", line 1589, in _log
18:06:00 [----]     self.handle(record)
18:06:00 [----]   File "/usr/lib/python3.8/logging/__init__.py", line 1599, in handle
18:06:00 [----]     self.callHandlers(record)
18:06:00 [----]   File "/usr/lib/python3.8/logging/__init__.py", line 1661, in callHandlers
18:06:00 [----]     hdlr.handle(record)
18:06:00 [----]   File "/usr/lib/python3.8/logging/__init__.py", line 954, in handle
18:06:00 [----]     self.emit(record)
18:06:00 [----]   File "/usr/lib/python3.8/logging/handlers.py", line 73, in emit
18:06:00 [----]     self.handleError(record)
18:06:00 [----]   File "/usr/lib/python3.8/logging/__init__.py", line 1007, in handleError
18:06:00 [----]     traceback.print_exception(t, v, tb, None, sys.stderr)
18:06:00 [----]   File "/usr/lib/python3.8/traceback.py", line 103, in print_exception
18:06:00 [----]     for line in TracebackException(
18:06:00 [----]   File "/home/qtrobot/tutorials-master/demos/version_1_llm/.venv/lib/python3.8/site-packages/exceptiongroup/_formatting.py", line 96, in __init__
18:06:00 [----]     self.stack = traceback.StackSummary.extract(
18:06:00 [----]   File "/usr/lib/python3.8/traceback.py", line 366, in extract
18:06:00 [----]     f.line
18:06:00 [----]   File "/usr/lib/python3.8/traceback.py", line 288, in line
18:06:00 [----]     self._line = linecache.getline(self.filename, self.lineno).strip()
18:06:00 [----]   File "/usr/lib/python3.8/linecache.py", line 16, in getline
18:06:00 [----]     lines = getlines(filename, module_globals)
18:06:00 [----]   File "/usr/lib/python3.8/linecache.py", line 47, in getlines
18:06:00 [----]     return updatecache(filename, module_globals)
18:06:00 [----]   File "/usr/lib/python3.8/linecache.py", line 136, in updatecache
18:06:00 [----]     with tokenize.open(fullname) as fp:
18:06:00 [----]   File "/usr/lib/python3.8/tokenize.py", line 392, in open
18:06:00 [----]     buffer = _builtin_open(filename, 'rb')
18:06:00 [----]   File "/home/qtrobot/tutorials-master/demos/version_1_llm/.venv/lib/python3.8/site-packages/engineio/base_client.py", line 21, in signal_handler
18:06:00 [----]     return original_signal_handler(sig, frame)
18:06:00 [----]   File "/home/qtrobot/tutorials-master/demos/version_1_llm/.venv/lib/python3.8/site-packages/socketio/base_client.py", line 24, in signal_handler
18:06:00 [----]     return original_signal_handler(sig, frame)
18:06:00 [----]   File "/opt/ros/noetic/lib/python3/dist-packages/rospy/core.py", line 606, in _ros_signal
18:06:00 [----]     signal_shutdown("signal-"+str(sig))
18:06:00 [----]   File "/opt/ros/noetic/lib/python3/dist-packages/rospy/core.py", line 560, in signal_shutdown
18:06:00 [----]     _logger.info("signal_shutdown [%s]"%reason)
18:06:00 [----]   File "/usr/lib/python3.8/logging/__init__.py", line 1446, in info
18:06:00 [----]     self._log(INFO, msg, args, **kwargs)
18:06:00 [----]   File "/usr/lib/python3.8/logging/__init__.py", line 1589, in _log
18:06:00 [----]     self.handle(record)
18:06:00 [----]   File "/usr/lib/python3.8/logging/__init__.py", line 1599, in handle
18:06:00 [----]     self.callHandlers(record)
18:06:00 [----]   File "/usr/lib/python3.8/logging/__init__.py", line 1661, in callHandlers
18:06:00 [----]     hdlr.handle(record)
18:06:00 [----]   File "/usr/lib/python3.8/logging/__init__.py", line 954, in handle
18:06:00 [----]     self.emit(record)
18:06:00 [----]   File "/usr/lib/python3.8/logging/handlers.py", line 73, in emit
18:06:00 [----]     self.handleError(record)
18:06:00 [----]   File "/usr/lib/python3.8/logging/__init__.py", line 1007, in handleError
18:06:00 [----]     traceback.print_exception(t, v, tb, None, sys.stderr)
18:06:00 [----]   File "/usr/lib/python3.8/traceback.py", line 103, in print_exception
18:06:00 [----]     for line in TracebackException(
18:06:00 [----]   File "/home/qtrobot/tutorials-master/demos/version_1_llm/.venv/lib/python3.8/site-packages/exceptiongroup/_formatting.py", line 96, in __init__
18:06:00 [----]     self.stack = traceback.StackSummary.extract(
18:06:00 [----]   File "/usr/lib/python3.8/traceback.py", line 366, in extract
18:06:00 [----]     f.line
18:06:00 [----]   File "/usr/lib/python3.8/traceback.py", line 288, in line
18:06:00 [----]     self._line = linecache.getline(self.filename, self.lineno).strip()
18:06:00 [----]   File "/usr/lib/python3.8/linecache.py", line 16, in getline
18:06:00 [----]     lines = getlines(filename, module_globals)
18:06:00 [----]   File "/usr/lib/python3.8/linecache.py", line 47, in getlines
18:06:00 [----]     return updatecache(filename, module_globals)
18:06:00 [----]   File "/usr/lib/python3.8/linecache.py", line 136, in updatecache
18:06:00 [----]     with tokenize.open(fullname) as fp:
18:06:00 [----]   File "/usr/lib/python3.8/tokenize.py", line 392, in open
18:06:00 [----]     buffer = _builtin_open(filename, 'rb')
18:06:00 [----]   File "/home/qtrobot/tutorials-master/demos/version_1_llm/.venv/lib/python3.8/site-packages/engineio/base_client.py", line 21, in signal_handler
18:06:00 [----]     return original_signal_handler(sig, frame)
18:06:00 [----]   File "/home/qtrobot/tutorials-master/demos/version_1_llm/.venv/lib/python3.8/site-packages/socketio/base_client.py", line 24, in signal_handler
18:06:00 [----]     return original_signal_handler(sig, frame)
18:06:00 [----]   File "/opt/ros/noetic/lib/python3/dist-packages/rospy/core.py", line 606, in _ros_signal
18:06:00 [----]     signal_shutdown("signal-"+str(sig))
18:06:00 [----]   File "/opt/ros/noetic/lib/python3/dist-packages/rospy/core.py", line 560, in signal_shutdown
18:06:00 [----]     _logger.info("signal_shutdown [%s]"%reason)
18:06:00 [----]   File "/usr/lib/python3.8/logging/__init__.py", line 1446, in info
18:06:00 [----]     self._log(INFO, msg, args, **kwargs)
18:06:00 [----]   File "/usr/lib/python3.8/logging/__init__.py", line 1589, in _log
18:06:00 [----]     self.handle(record)
18:06:00 [----]   File "/usr/lib/python3.8/logging/__init__.py", line 1599, in handle
18:06:00 [----]     self.callHandlers(record)
18:06:00 [----]   File "/usr/lib/python3.8/logging/__init__.py", line 1661, in callHandlers
18:06:00 [----]     hdlr.handle(record)
18:06:00 [----]   File "/usr/lib/python3.8/logging/__init__.py", line 954, in handle
18:06:00 [----]     self.emit(record)
18:06:00 [----]   File "/usr/lib/python3.8/logging/handlers.py", line 73, in emit
18:06:00 [----]     self.handleError(record)
18:06:00 [----]   File "/usr/lib/python3.8/logging/__init__.py", line 1007, in handleError
18:06:00 [----]     traceback.print_exception(t, v, tb, None, sys.stderr)
18:06:00 [----]   File "/usr/lib/python3.8/traceback.py", line 103, in print_exception
18:06:00 [----]     for line in TracebackException(
18:06:00 [----]   File "/home/qtrobot/tutorials-master/demos/version_1_llm/.venv/lib/python3.8/site-packages/exceptiongroup/_formatting.py", line 96, in __init__
18:06:00 [----]     self.stack = traceback.StackSummary.extract(
18:06:00 [----]   File "/usr/lib/python3.8/traceback.py", line 366, in extract
18:06:00 [----]     f.line
18:06:00 [----]   File "/usr/lib/python3.8/traceback.py", line 288, in line
18:06:00 [----]     self._line = linecache.getline(self.filename, self.lineno).strip()
18:06:00 [----]   File "/usr/lib/python3.8/linecache.py", line 16, in getline
18:06:00 [----]     lines = getlines(filename, module_globals)
18:06:00 [----]   File "/usr/lib/python3.8/linecache.py", line 47, in getlines
18:06:00 [----]     return updatecache(filename, module_globals)
18:06:00 [----]   File "/usr/lib/python3.8/linecache.py", line 137, in updatecache
18:06:00 [----]     lines = fp.readlines()
18:06:00 [----]   File "/usr/lib/python3.8/codecs.py", line 319, in decode
18:06:00 [----]     def decode(self, input, final=False):
18:06:00 [----]   File "/home/qtrobot/tutorials-master/demos/version_1_llm/.venv/lib/python3.8/site-packages/engineio/base_client.py", line 21, in signal_handler
18:06:00 [----]     return original_signal_handler(sig, frame)
18:06:00 [----]   File "/home/qtrobot/tutorials-master/demos/version_1_llm/.venv/lib/python3.8/site-packages/socketio/base_client.py", line 24, in signal_handler
18:06:00 [----]     return original_signal_handler(sig, frame)
18:06:00 [----]   File "/opt/ros/noetic/lib/python3/dist-packages/rospy/core.py", line 606, in _ros_signal
18:06:00 [----]     signal_shutdown("signal-"+str(sig))
18:06:00 [----]   File "/opt/ros/noetic/lib/python3/dist-packages/rospy/core.py", line 560, in signal_shutdown
18:06:00 [----]     _logger.info("signal_shutdown [%s]"%reason)
18:06:00 [----]   File "/usr/lib/python3.8/logging/__init__.py", line 1446, in info
18:06:00 [----]     self._log(INFO, msg, args, **kwargs)
18:06:00 [----]   File "/usr/lib/python3.8/logging/__init__.py", line 1589, in _log
18:06:00 [----]     self.handle(record)
18:06:00 [----]   File "/usr/lib/python3.8/logging/__init__.py", line 1599, in handle
18:06:00 [----]     self.callHandlers(record)
18:06:00 [----]   File "/usr/lib/python3.8/logging/__init__.py", line 1661, in callHandlers
18:06:00 [----]     hdlr.handle(record)
18:06:00 [----]   File "/usr/lib/python3.8/logging/__init__.py", line 954, in handle
18:06:00 [----]     self.emit(record)
18:06:00 [----]   File "/usr/lib/python3.8/logging/handlers.py", line 73, in emit
18:06:00 [----]     self.handleError(record)
18:06:00 [----]   File "/usr/lib/python3.8/logging/__init__.py", line 1007, in handleError
18:06:00 [----]     traceback.print_exception(t, v, tb, None, sys.stderr)
18:06:00 [----]   File "/usr/lib/python3.8/traceback.py", line 103, in print_exception
18:06:00 [----]     for line in TracebackException(
18:06:00 [----]   File "/home/qtrobot/tutorials-master/demos/version_1_llm/.venv/lib/python3.8/site-packages/exceptiongroup/_formatting.py", line 96, in __init__
18:06:00 [----]     self.stack = traceback.StackSummary.extract(
18:06:00 [----]   File "/usr/lib/python3.8/traceback.py", line 366, in extract
18:06:00 [----]     f.line
18:06:00 [----]   File "/usr/lib/python3.8/traceback.py", line 288, in line
18:06:00 [----]     self._line = linecache.getline(self.filename, self.lineno).strip()
18:06:00 [----]   File "/usr/lib/python3.8/linecache.py", line 16, in getline
18:06:00 [----]     lines = getlines(filename, module_globals)
18:06:00 [----]   File "/usr/lib/python3.8/linecache.py", line 47, in getlines
18:06:00 [----]     return updatecache(filename, module_globals)
18:06:00 [----]   File "/usr/lib/python3.8/linecache.py", line 137, in updatecache
18:06:00 [----]     lines = fp.readlines()
18:06:00 [----]   File "/usr/lib/python3.8/codecs.py", line 319, in decode
18:06:00 [----]     def decode(self, input, final=False):
18:06:00 [----]   File "/home/qtrobot/tutorials-master/demos/version_1_llm/.venv/lib/python3.8/site-packages/engineio/base_client.py", line 21, in signal_handler
18:06:00 [----]     return original_signal_handler(sig, frame)
18:06:00 [----]   File "/home/qtrobot/tutorials-master/demos/version_1_llm/.venv/lib/python3.8/site-packages/socketio/base_client.py", line 24, in signal_handler
18:06:00 [----]     return original_signal_handler(sig, frame)
18:06:00 [----]   File "/opt/ros/noetic/lib/python3/dist-packages/rospy/core.py", line 606, in _ros_signal
18:06:00 [----]     signal_shutdown("signal-"+str(sig))
18:06:00 [----]   File "/opt/ros/noetic/lib/python3/dist-packages/rospy/core.py", line 560, in signal_shutdown
18:06:00 [----]     _logger.info("signal_shutdown [%s]"%reason)
18:06:00 [----]   File "/usr/lib/python3.8/logging/__init__.py", line 1446, in info
18:06:00 [----]     self._log(INFO, msg, args, **kwargs)
18:06:00 [----]   File "/usr/lib/python3.8/logging/__init__.py", line 1589, in _log
18:06:00 [----]     self.handle(record)
18:06:00 [----]   File "/usr/lib/python3.8/logging/__init__.py", line 1599, in handle
18:06:00 [----]     self.callHandlers(record)
18:06:00 [----]   File "/usr/lib/python3.8/logging/__init__.py", line 1661, in callHandlers
18:06:00 [----]     hdlr.handle(record)
18:06:00 [----]   File "/usr/lib/python3.8/logging/__init__.py", line 954, in handle
18:06:00 [----]     self.emit(record)
18:06:00 [----]   File "/usr/lib/python3.8/logging/handlers.py", line 73, in emit
18:06:00 [----]     self.handleError(record)
18:06:00 [----]   File "/usr/lib/python3.8/logging/__init__.py", line 1007, in handleError
18:06:00 [----]     traceback.print_exception(t, v, tb, None, sys.stderr)
18:06:00 [----]   File "/usr/lib/python3.8/traceback.py", line 103, in print_exception
18:06:00 [----]     for line in TracebackException(
18:06:00 [----]   File "/home/qtrobot/tutorials-master/demos/version_1_llm/.venv/lib/python3.8/site-packages/exceptiongroup/_formatting.py", line 96, in __init__
18:06:00 [----]     self.stack = traceback.StackSummary.extract(
18:06:00 [----]   File "/usr/lib/python3.8/traceback.py", line 366, in extract
18:06:00 [----]     f.line
18:06:00 [----]   File "/usr/lib/python3.8/traceback.py", line 288, in line
18:06:00 [----]     self._line = linecache.getline(self.filename, self.lineno).strip()
18:06:00 [----]   File "/usr/lib/python3.8/linecache.py", line 16, in getline
18:06:00 [----]     lines = getlines(filename, module_globals)
18:06:00 [----]   File "/usr/lib/python3.8/linecache.py", line 47, in getlines
18:06:00 [----]     return updatecache(filename, module_globals)
18:06:00 [----]   File "/usr/lib/python3.8/linecache.py", line 136, in updatecache
18:06:00 [----]     with tokenize.open(fullname) as fp:
18:06:00 [----]   File "/usr/lib/python3.8/tokenize.py", line 392, in open
18:06:00 [----]     buffer = _builtin_open(filename, 'rb')
18:06:00 [----]   File "/home/qtrobot/tutorials-master/demos/version_1_llm/.venv/lib/python3.8/site-packages/engineio/base_client.py", line 21, in signal_handler
18:06:00 [----]     return original_signal_handler(sig, frame)
18:06:00 [----]   File "/home/qtrobot/tutorials-master/demos/version_1_llm/.venv/lib/python3.8/site-packages/socketio/base_client.py", line 24, in signal_handler
18:06:00 [----]     return original_signal_handler(sig, frame)
18:06:00 [----]   File "/opt/ros/noetic/lib/python3/dist-packages/rospy/core.py", line 606, in _ros_signal
18:06:00 [----]     signal_shutdown("signal-"+str(sig))
18:06:00 [----]   File "/opt/ros/noetic/lib/python3/dist-packages/rospy/core.py", line 560, in signal_shutdown
18:06:00 [----]     _logger.info("signal_shutdown [%s]"%reason)
18:06:00 [----]   File "/usr/lib/python3.8/logging/__init__.py", line 1446, in info
18:06:00 [----]     self._log(INFO, msg, args, **kwargs)
18:06:00 [----]   File "/usr/lib/python3.8/logging/__init__.py", line 1589, in _log
18:06:00 [----]     self.handle(record)
18:06:00 [----]   File "/usr/lib/python3.8/logging/__init__.py", line 1599, in handle
18:06:00 [----]     self.callHandlers(record)
18:06:00 [----]   File "/usr/lib/python3.8/logging/__init__.py", line 1661, in callHandlers
18:06:00 [----]     hdlr.handle(record)
18:06:00 [----]   File "/usr/lib/python3.8/logging/__init__.py", line 954, in handle
18:06:00 [----]     self.emit(record)
18:06:00 [----]   File "/usr/lib/python3.8/logging/handlers.py", line 73, in emit
18:06:00 [----]     self.handleError(record)
18:06:00 [----]   File "/usr/lib/python3.8/logging/__init__.py", line 1006, in handleError
18:06:00 [----]     sys.stderr.write('--- Logging error ---\n')
18:06:00 [----]   File "/home/qtrobot/tutorials-master/demos/version_1_llm_gemini/src/web_user_server.py", line 315, in write
18:06:00 [----]     fh.write(f"{time.strftime('%H:%M:%S')} [{rid}] {line}\n")
18:06:00 [----]   File "/home/qtrobot/tutorials-master/demos/version_1_llm/.venv/lib/python3.8/site-packages/engineio/base_client.py", line 21, in signal_handler
18:06:00 [----]     return original_signal_handler(sig, frame)
18:06:00 [----]   File "/home/qtrobot/tutorials-master/demos/version_1_llm/.venv/lib/python3.8/site-packages/socketio/base_client.py", line 24, in signal_handler
18:06:00 [----]     return original_signal_handler(sig, frame)
18:06:00 [----]   File "/opt/ros/noetic/lib/python3/dist-packages/rospy/core.py", line 606, in _ros_signal
18:06:00 [----]     signal_shutdown("signal-"+str(sig))
18:06:00 [----]   File "/opt/ros/noetic/lib/python3/dist-packages/rospy/core.py", line 560, in signal_shutdown
18:06:00 [----]     _logger.info("signal_shutdown [%s]"%reason)
18:06:00 [----]   File "/usr/lib/python3.8/logging/__init__.py", line 1446, in info
18:06:00 [----]     self._log(INFO, msg, args, **kwargs)
18:06:00 [----]   File "/usr/lib/python3.8/logging/__init__.py", line 1589, in _log
18:06:00 [----]     self.handle(record)
18:06:00 [----]   File "/usr/lib/python3.8/logging/__init__.py", line 1599, in handle
18:06:00 [----]     self.callHandlers(record)
18:06:00 [----]   File "/usr/lib/python3.8/logging/__init__.py", line 1661, in callHandlers
18:06:00 [----]     hdlr.handle(record)
18:06:00 [----]   File "/usr/lib/python3.8/logging/__init__.py", line 954, in handle
18:06:00 [----]     self.emit(record)
18:06:00 [----]   File "/usr/lib/python3.8/logging/handlers.py", line 73, in emit
18:06:00 [----]     self.handleError(record)
18:06:00 [----]   File "/usr/lib/python3.8/logging/__init__.py", line 1006, in handleError
18:06:00 [----]     sys.stderr.write('--- Logging error ---\n')
18:06:00 [----]   File "/home/qtrobot/tutorials-master/demos/version_1_llm_gemini/src/web_user_server.py", line 309, in write
18:06:00 [----]     with self._lock:
18:06:00 [----]   File "/home/qtrobot/tutorials-master/demos/version_1_llm/.venv/lib/python3.8/site-packages/engineio/base_client.py", line 21, in signal_handler
18:06:00 [----]     return original_signal_handler(sig, frame)
18:06:00 [----]   File "/home/qtrobot/tutorials-master/demos/version_1_llm/.venv/lib/python3.8/site-packages/socketio/base_client.py", line 24, in signal_handler
18:06:00 [----]     return original_signal_handler(sig, frame)
18:06:00 [----]   File "/opt/ros/noetic/lib/python3/dist-packages/rospy/core.py", line 606, in _ros_signal
18:06:00 [----]     signal_shutdown("signal-"+str(sig))
18:06:00 [----]   File "/opt/ros/noetic/lib/python3/dist-packages/rospy/core.py", line 560, in signal_shutdown
18:06:00 [----]     _logger.info("signal_shutdown [%s]"%reason)
18:06:00 [----]   File "/usr/lib/python3.8/logging/__init__.py", line 1446, in info
18:06:00 [----]     self._log(INFO, msg, args, **kwargs)
18:06:00 [----]   File "/usr/lib/python3.8/logging/__init__.py", line 1589, in _log
18:06:00 [----]     self.handle(record)
18:06:00 [----]   File "/usr/lib/python3.8/logging/__init__.py", line 1599, in handle
18:06:00 [----]     self.callHandlers(record)
18:06:00 [----]   File "/usr/lib/python3.8/logging/__init__.py", line 1661, in callHandlers
18:06:00 [----]     hdlr.handle(record)
18:06:00 [----]   File "/usr/lib/python3.8/logging/__init__.py", line 954, in handle
18:06:00 [----]     self.emit(record)
18:06:00 [----]   File "/usr/lib/python3.8/logging/handlers.py", line 73, in emit
18:06:00 [----]     self.handleError(record)
18:06:00 [----]   File "/usr/lib/python3.8/logging/__init__.py", line 1006, in handleError
18:06:00 [----]     sys.stderr.write('--- Logging error ---\n')
18:06:00 [----]   File "/home/qtrobot/tutorials-master/demos/version_1_llm_gemini/src/web_user_server.py", line 309, in write
18:06:00 [----]     with self._lock:
18:06:00 [----]   File "/home/qtrobot/tutorials-master/demos/version_1_llm/.venv/lib/python3.8/site-packages/engineio/base_client.py", line 21, in signal_handler
18:06:00 [----]     return original_signal_handler(sig, frame)
18:06:00 [----]   File "/home/qtrobot/tutorials-master/demos/version_1_llm/.venv/lib/python3.8/site-packages/socketio/base_client.py", line 24, in signal_handler
18:06:00 [----]     return original_signal_handler(sig, frame)
18:06:00 [----]   File "/opt/ros/noetic/lib/python3/dist-packages/rospy/core.py", line 606, in _ros_signal
18:06:00 [----]     signal_shutdown("signal-"+str(sig))
18:06:00 [----]   File "/opt/ros/noetic/lib/python3/dist-packages/rospy/core.py", line 560, in signal_shutdown
18:06:00 [----]     _logger.info("signal_shutdown [%s]"%reason)
18:06:00 [----]   File "/usr/lib/python3.8/logging/__init__.py", line 1446, in info
18:06:00 [----]     self._log(INFO, msg, args, **kwargs)
18:06:00 [----]   File "/usr/lib/python3.8/logging/__init__.py", line 1589, in _log
18:06:00 [----]     self.handle(record)
18:06:00 [----]   File "/usr/lib/python3.8/logging/__init__.py", line 1599, in handle
18:06:00 [----]     self.callHandlers(record)
18:06:00 [----]   File "/usr/lib/python3.8/logging/__init__.py", line 1661, in callHandlers
18:06:00 [----]     hdlr.handle(record)
18:06:00 [----]   File "/usr/lib/python3.8/logging/__init__.py", line 954, in handle
18:06:00 [----]     self.emit(record)
18:06:00 [----]   File "/usr/lib/python3.8/logging/handlers.py", line 73, in emit
18:06:00 [----]     self.handleError(record)
18:06:00 [----]   File "/usr/lib/python3.8/logging/__init__.py", line 1006, in handleError
18:06:00 [----]     sys.stderr.write('--- Logging error ---\n')
18:06:00 [----]   File "/home/qtrobot/tutorials-master/demos/version_1_llm_gemini/src/web_user_server.py", line 309, in write
18:06:00 [----]     with self._lock:
18:06:00 [----]   File "/home/qtrobot/tutorials-master/demos/version_1_llm/.venv/lib/python3.8/site-packages/engineio/base_client.py", line 21, in signal_handler
18:06:00 [----]     return original_signal_handler(sig, frame)
18:06:00 [----]   File "/home/qtrobot/tutorials-master/demos/version_1_llm/.venv/lib/python3.8/site-packages/socketio/base_client.py", line 24, in signal_handler
18:06:00 [----]     return original_signal_handler(sig, frame)
18:06:00 [----]   File "/opt/ros/noetic/lib/python3/dist-packages/rospy/core.py", line 606, in _ros_signal
18:06:00 [----]     signal_shutdown("signal-"+str(sig))
18:06:00 [----]   File "/opt/ros/noetic/lib/python3/dist-packages/rospy/core.py", line 560, in signal_shutdown
18:06:00 [----]     _logger.info("signal_shutdown [%s]"%reason)
18:06:00 [----]   File "/usr/lib/python3.8/logging/__init__.py", line 1446, in info
18:06:00 [----]     self._log(INFO, msg, args, **kwargs)
18:06:00 [----]   File "/usr/lib/python3.8/logging/__init__.py", line 1589, in _log
18:06:00 [----]     self.handle(record)
18:06:00 [----]   File "/usr/lib/python3.8/logging/__init__.py", line 1599, in handle
18:06:00 [----]     self.callHandlers(record)
18:06:00 [----]   File "/usr/lib/python3.8/logging/__init__.py", line 1661, in callHandlers
18:06:00 [----]     hdlr.handle(record)
18:06:00 [----]   File "/usr/lib/python3.8/logging/__init__.py", line 954, in handle
18:06:00 [----]     self.emit(record)
18:06:00 [----]   File "/usr/lib/python3.8/logging/handlers.py", line 73, in emit
18:06:00 [----]     self.handleError(record)
18:06:00 [----]   File "/usr/lib/python3.8/logging/__init__.py", line 1006, in handleError
18:06:00 [----]     sys.stderr.write('--- Logging error ---\n')
18:06:00 [----]   File "/home/qtrobot/tutorials-master/demos/version_1_llm_gemini/src/web_user_server.py", line 309, in write
18:06:00 [----]     with self._lock:
18:06:00 [----]   File "/home/qtrobot/tutorials-master/demos/version_1_llm/.venv/lib/python3.8/site-packages/engineio/base_client.py", line 21, in signal_handler
18:06:00 [----]     return original_signal_handler(sig, frame)
18:06:00 [----]   File "/home/qtrobot/tutorials-master/demos/version_1_llm/.venv/lib/python3.8/site-packages/socketio/base_client.py", line 24, in signal_handler
18:06:00 [----]     return original_signal_handler(sig, frame)
18:06:00 [----]   File "/opt/ros/noetic/lib/python3/dist-packages/rospy/core.py", line 606, in _ros_signal
18:06:00 [----]     signal_shutdown("signal-"+str(sig))
18:06:00 [----]   File "/opt/ros/noetic/lib/python3/dist-packages/rospy/core.py", line 560, in signal_shutdown
18:06:00 [----]     _logger.info("signal_shutdown [%s]"%reason)
18:06:00 [----]   File "/usr/lib/python3.8/logging/__init__.py", line 1446, in info
18:06:00 [----]     self._log(INFO, msg, args, **kwargs)
18:06:00 [----]   File "/usr/lib/python3.8/logging/__init__.py", line 1589, in _log
18:06:00 [----]     self.handle(record)
18:06:00 [----]   File "/usr/lib/python3.8/logging/__init__.py", line 1599, in handle
18:06:00 [----]     self.callHandlers(record)
18:06:00 [----]   File "/usr/lib/python3.8/logging/__init__.py", line 1661, in callHandlers
18:06:00 [----]     hdlr.handle(record)
18:06:00 [----]   File "/usr/lib/python3.8/logging/__init__.py", line 954, in handle
18:06:00 [----]     self.emit(record)
18:06:00 [----]   File "/usr/lib/python3.8/logging/handlers.py", line 73, in emit
18:06:00 [----]     self.handleError(record)
18:06:00 [----]   File "/usr/lib/python3.8/logging/__init__.py", line 1006, in handleError
18:06:00 [----]     sys.stderr.write('--- Logging error ---\n')
18:06:00 [----]   File "/home/qtrobot/tutorials-master/demos/version_1_llm_gemini/src/web_user_server.py", line 309, in write
18:06:00 [----]     with self._lock:
18:06:00 [----]   File "/home/qtrobot/tutorials-master/demos/version_1_llm/.venv/lib/python3.8/site-packages/engineio/base_client.py", line 21, in signal_handler
18:06:00 [----]     return original_signal_handler(sig, frame)
18:06:00 [----]   File "/home/qtrobot/tutorials-master/demos/version_1_llm/.venv/lib/python3.8/site-packages/socketio/base_client.py", line 24, in signal_handler
18:06:00 [----]     return original_signal_handler(sig, frame)
18:06:00 [----]   File "/opt/ros/noetic/lib/python3/dist-packages/rospy/core.py", line 606, in _ros_signal
18:06:00 [----]     signal_shutdown("signal-"+str(sig))
18:06:00 [----]   File "/opt/ros/noetic/lib/python3/dist-packages/rospy/core.py", line 560, in signal_shutdown
18:06:00 [----]     _logger.info("signal_shutdown [%s]"%reason)
18:06:00 [----]   File "/usr/lib/python3.8/logging/__init__.py", line 1446, in info
18:06:00 [----]     self._log(INFO, msg, args, **kwargs)
18:06:00 [----]   File "/usr/lib/python3.8/logging/__init__.py", line 1589, in _log
18:06:00 [----]     self.handle(record)
18:06:00 [----]   File "/usr/lib/python3.8/logging/__init__.py", line 1599, in handle
18:06:00 [----]     self.callHandlers(record)
18:06:00 [----]   File "/usr/lib/python3.8/logging/__init__.py", line 1661, in callHandlers
18:06:00 [----]     hdlr.handle(record)
18:06:00 [----]   File "/usr/lib/python3.8/logging/__init__.py", line 954, in handle
18:06:00 [----]     self.emit(record)
18:06:00 [----]   File "/usr/lib/python3.8/logging/handlers.py", line 73, in emit
18:06:00 [----]     self.handleError(record)
18:06:00 [----]   File "/usr/lib/python3.8/logging/__init__.py", line 1006, in handleError
18:06:00 [----]     sys.stderr.write('--- Logging error ---\n')
18:06:00 [----]   File "/home/qtrobot/tutorials-master/demos/version_1_llm_gemini/src/web_user_server.py", line 309, in write
18:06:00 [----]     with self._lock:
18:06:00 [----]   File "/home/qtrobot/tutorials-master/demos/version_1_llm/.venv/lib/python3.8/site-packages/engineio/base_client.py", line 21, in signal_handler
18:06:00 [----]     return original_signal_handler(sig, frame)
18:06:00 [----]   File "/home/qtrobot/tutorials-master/demos/version_1_llm/.venv/lib/python3.8/site-packages/socketio/base_client.py", line 24, in signal_handler
18:06:00 [----]     return original_signal_handler(sig, frame)
18:06:00 [----]   File "/opt/ros/noetic/lib/python3/dist-packages/rospy/core.py", line 606, in _ros_signal
18:06:01 [----]     signal_shutdown("signal-"+str(sig))
18:06:01 [----]   File "/opt/ros/noetic/lib/python3/dist-packages/rospy/core.py", line 560, in signal_shutdown
18:06:01 [----]     _logger.info("signal_shutdown [%s]"%reason)
18:06:01 [----]   File "/usr/lib/python3.8/logging/__init__.py", line 1446, in info
18:06:01 [----]     self._log(INFO, msg, args, **kwargs)
18:06:01 [----]   File "/usr/lib/python3.8/logging/__init__.py", line 1589, in _log
18:06:01 [----]     self.handle(record)
18:06:01 [----]   File "/usr/lib/python3.8/logging/__init__.py", line 1599, in handle
18:06:01 [----]     self.callHandlers(record)
18:06:01 [----]   File "/usr/lib/python3.8/logging/__init__.py", line 1661, in callHandlers
18:06:01 [----]     hdlr.handle(record)
18:06:01 [----]   File "/usr/lib/python3.8/logging/__init__.py", line 954, in handle
18:06:01 [----]     self.emit(record)
18:06:01 [----]   File "/usr/lib/python3.8/logging/handlers.py", line 73, in emit
18:06:01 [----]     self.handleError(record)
18:06:01 [----]   File "/usr/lib/python3.8/logging/__init__.py", line 1006, in handleError
18:06:01 [----]     sys.stderr.write('--- Logging error ---\n')
18:06:01 [----]   File "/home/qtrobot/tutorials-master/demos/version_1_llm_gemini/src/web_user_server.py", line 309, in write
18:06:01 [----]     with self._lock:
18:06:01 [----]   File "/home/qtrobot/tutorials-master/demos/version_1_llm/.venv/lib/python3.8/site-packages/engineio/base_client.py", line 21, in signal_handler
18:06:01 [----]     return original_signal_handler(sig, frame)
18:06:01 [----]   File "/home/qtrobot/tutorials-master/demos/version_1_llm/.venv/lib/python3.8/site-packages/socketio/base_client.py", line 24, in signal_handler
18:06:01 [----]     return original_signal_handler(sig, frame)
18:06:01 [----]   File "/opt/ros/noetic/lib/python3/dist-packages/rospy/core.py", line 606, in _ros_signal
18:06:01 [----]     signal_shutdown("signal-"+str(sig))
18:06:01 [----]   File "/opt/ros/noetic/lib/python3/dist-packages/rospy/core.py", line 560, in signal_shutdown
18:06:01 [----]     _logger.info("signal_shutdown [%s]"%reason)
18:06:01 [----]   File "/usr/lib/python3.8/logging/__init__.py", line 1446, in info
18:06:01 [----]     self._log(INFO, msg, args, **kwargs)
18:06:01 [----]   File "/usr/lib/python3.8/logging/__init__.py", line 1589, in _log
18:06:01 [----]     self.handle(record)
18:06:01 [----]   File "/usr/lib/python3.8/logging/__init__.py", line 1599, in handle
18:06:01 [----]     self.callHandlers(record)
18:06:01 [----]   File "/usr/lib/python3.8/logging/__init__.py", line 1661, in callHandlers
18:06:01 [----]     hdlr.handle(record)
18:06:01 [----]   File "/usr/lib/python3.8/logging/__init__.py", line 954, in handle
18:06:01 [----]     self.emit(record)
18:06:01 [----]   File "/usr/lib/python3.8/logging/handlers.py", line 73, in emit
18:06:01 [----]     self.handleError(record)
18:06:01 [----]   File "/usr/lib/python3.8/logging/__init__.py", line 1006, in handleError
18:06:01 [----]     sys.stderr.write('--- Logging error ---\n')
18:06:01 [----]   File "/home/qtrobot/tutorials-master/demos/version_1_llm_gemini/src/web_user_server.py", line 309, in write
18:06:01 [----]     with self._lock:
18:06:01 [----]   File "/home/qtrobot/tutorials-master/demos/version_1_llm/.venv/lib/python3.8/site-packages/engineio/base_client.py", line 21, in signal_handler
18:06:01 [----]     return original_signal_handler(sig, frame)
18:06:01 [----]   File "/home/qtrobot/tutorials-master/demos/version_1_llm/.venv/lib/python3.8/site-packages/socketio/base_client.py", line 24, in signal_handler
18:06:01 [----]     return original_signal_handler(sig, frame)
18:06:01 [----]   File "/opt/ros/noetic/lib/python3/dist-packages/rospy/core.py", line 606, in _ros_signal
18:06:01 [----]     signal_shutdown("signal-"+str(sig))
18:06:01 [----]   File "/opt/ros/noetic/lib/python3/dist-packages/rospy/core.py", line 560, in signal_shutdown
18:06:01 [----]     _logger.info("signal_shutdown [%s]"%reason)
18:06:01 [----]   File "/usr/lib/python3.8/logging/__init__.py", line 1446, in info
18:06:01 [----]     self._log(INFO, msg, args, **kwargs)
18:06:01 [----]   File "/usr/lib/python3.8/logging/__init__.py", line 1589, in _log
18:06:01 [----]     self.handle(record)
18:06:01 [----]   File "/usr/lib/python3.8/logging/__init__.py", line 1599, in handle
18:06:01 [----]     self.callHandlers(record)
18:06:01 [----]   File "/usr/lib/python3.8/logging/__init__.py", line 1661, in callHandlers
18:06:01 [----]     hdlr.handle(record)
18:06:01 [----]   File "/usr/lib/python3.8/logging/__init__.py", line 954, in handle
18:06:01 [----]     self.emit(record)
18:06:01 [----]   File "/usr/lib/python3.8/logging/handlers.py", line 73, in emit
18:06:01 [----]     self.handleError(record)
18:06:01 [----]   File "/usr/lib/python3.8/logging/__init__.py", line 1006, in handleError
18:06:01 [----]     sys.stderr.write('--- Logging error ---\n')
18:06:01 [----]   File "/home/qtrobot/tutorials-master/demos/version_1_llm_gemini/src/web_user_server.py", line 309, in write
18:06:01 [----]     with self._lock:
18:06:01 [----]   File "/home/qtrobot/tutorials-master/demos/version_1_llm/.venv/lib/python3.8/site-packages/engineio/base_client.py", line 21, in signal_handler
18:06:01 [----]     return original_signal_handler(sig, frame)
18:06:01 [----]   File "/home/qtrobot/tutorials-master/demos/version_1_llm/.venv/lib/python3.8/site-packages/socketio/base_client.py", line 24, in signal_handler
18:06:01 [----]     return original_signal_handler(sig, frame)
18:06:01 [----]   File "/opt/ros/noetic/lib/python3/dist-packages/rospy/core.py", line 606, in _ros_signal
18:06:01 [----]     signal_shutdown("signal-"+str(sig))
18:06:01 [----]   File "/opt/ros/noetic/lib/python3/dist-packages/rospy/core.py", line 560, in signal_shutdown
18:06:01 [----]     _logger.info("signal_shutdown [%s]"%reason)
18:06:01 [----]   File "/usr/lib/python3.8/logging/__init__.py", line 1446, in info
18:06:01 [----]     self._log(INFO, msg, args, **kwargs)
18:06:01 [----]   File "/usr/lib/python3.8/logging/__init__.py", line 1589, in _log
18:06:01 [----]     self.handle(record)
18:06:01 [----]   File "/usr/lib/python3.8/logging/__init__.py", line 1599, in handle
18:06:01 [----]     self.callHandlers(record)
18:06:01 [----]   File "/usr/lib/python3.8/logging/__init__.py", line 1661, in callHandlers
18:06:01 [----]     hdlr.handle(record)
18:06:01 [----]   File "/usr/lib/python3.8/logging/__init__.py", line 954, in handle
18:06:01 [----]     self.emit(record)
18:06:01 [----]   File "/usr/lib/python3.8/logging/handlers.py", line 73, in emit
18:06:01 [----]     self.handleError(record)
18:06:01 [----]   File "/usr/lib/python3.8/logging/__init__.py", line 1006, in handleError
18:06:01 [----]     sys.stderr.write('--- Logging error ---\n')
18:06:01 [----]   File "/home/qtrobot/tutorials-master/demos/version_1_llm_gemini/src/web_user_server.py", line 309, in write
18:06:01 [----]     with self._lock:
18:06:01 [----]   File "/home/qtrobot/tutorials-master/demos/version_1_llm/.venv/lib/python3.8/site-packages/engineio/base_client.py", line 21, in signal_handler
18:06:01 [----]     return original_signal_handler(sig, frame)
18:06:01 [----]   File "/home/qtrobot/tutorials-master/demos/version_1_llm/.venv/lib/python3.8/site-packages/socketio/base_client.py", line 24, in signal_handler
18:06:01 [----]     return original_signal_handler(sig, frame)
18:06:01 [----]   File "/opt/ros/noetic/lib/python3/dist-packages/rospy/core.py", line 606, in _ros_signal
18:06:01 [----]     signal_shutdown("signal-"+str(sig))
18:06:01 [----]   File "/opt/ros/noetic/lib/python3/dist-packages/rospy/core.py", line 560, in signal_shutdown
18:06:01 [----]     _logger.info("signal_shutdown [%s]"%reason)
18:06:01 [----]   File "/usr/lib/python3.8/logging/__init__.py", line 1446, in info
18:06:01 [----]     self._log(INFO, msg, args, **kwargs)
18:06:01 [----]   File "/usr/lib/python3.8/logging/__init__.py", line 1589, in _log
18:06:01 [----]     self.handle(record)
18:06:01 [----]   File "/usr/lib/python3.8/logging/__init__.py", line 1599, in handle
18:06:01 [----]     self.callHandlers(record)
18:06:01 [----]   File "/usr/lib/python3.8/logging/__init__.py", line 1661, in callHandlers
18:06:01 [----]     hdlr.handle(record)
18:06:01 [----]   File "/usr/lib/python3.8/logging/__init__.py", line 954, in handle
18:06:01 [----]     self.emit(record)
18:06:01 [----]   File "/usr/lib/python3.8/logging/handlers.py", line 73, in emit
18:06:01 [----]     self.handleError(record)
18:06:01 [----]   File "/usr/lib/python3.8/logging/__init__.py", line 1006, in handleError
18:06:01 [----]     sys.stderr.write('--- Logging error ---\n')
18:06:01 [----]   File "/home/qtrobot/tutorials-master/demos/version_1_llm_gemini/src/web_user_server.py", line 309, in write
18:06:01 [----]     with self._lock:
18:06:01 [----]   File "/home/qtrobot/tutorials-master/demos/version_1_llm/.venv/lib/python3.8/site-packages/engineio/base_client.py", line 21, in signal_handler
18:06:01 [----]     return original_signal_handler(sig, frame)
18:06:01 [----]   File "/home/qtrobot/tutorials-master/demos/version_1_llm/.venv/lib/python3.8/site-packages/socketio/base_client.py", line 24, in signal_handler
18:06:01 [----]     return original_signal_handler(sig, frame)
18:06:01 [----]   File "/opt/ros/noetic/lib/python3/dist-packages/rospy/core.py", line 606, in _ros_signal
18:06:01 [----]     signal_shutdown("signal-"+str(sig))
18:06:01 [----]   File "/opt/ros/noetic/lib/python3/dist-packages/rospy/core.py", line 560, in signal_shutdown
18:06:01 [----]     _logger.info("signal_shutdown [%s]"%reason)
18:06:01 [----]   File "/usr/lib/python3.8/logging/__init__.py", line 1446, in info
18:06:01 [----]     self._log(INFO, msg, args, **kwargs)
18:06:01 [----]   File "/usr/lib/python3.8/logging/__init__.py", line 1589, in _log
18:06:01 [----]     self.handle(record)
18:06:01 [----]   File "/usr/lib/python3.8/logging/__init__.py", line 1599, in handle
18:06:01 [----]     self.callHandlers(record)
18:06:01 [----]   File "/usr/lib/python3.8/logging/__init__.py", line 1661, in callHandlers
18:06:01 [----]     hdlr.handle(record)
18:06:01 [----]   File "/usr/lib/python3.8/logging/__init__.py", line 954, in handle
18:06:01 [----]     self.emit(record)
18:06:01 [----]   File "/usr/lib/python3.8/logging/handlers.py", line 73, in emit
18:06:01 [----]     self.handleError(record)
18:06:01 [----]   File "/usr/lib/python3.8/logging/__init__.py", line 1006, in handleError
18:06:01 [----]     sys.stderr.write('--- Logging error ---\n')
18:06:01 [----]   File "/home/qtrobot/tutorials-master/demos/version_1_llm_gemini/src/web_user_server.py", line 309, in write
18:06:01 [----]     with self._lock:
18:06:01 [----]   File "/home/qtrobot/tutorials-master/demos/version_1_llm/.venv/lib/python3.8/site-packages/engineio/base_client.py", line 21, in signal_handler
18:06:01 [----]     return original_signal_handler(sig, frame)
18:06:01 [----]   File "/home/qtrobot/tutorials-master/demos/version_1_llm/.venv/lib/python3.8/site-packages/socketio/base_client.py", line 24, in signal_handler
18:06:01 [----]     return original_signal_handler(sig, frame)
18:06:01 [----]   File "/opt/ros/noetic/lib/python3/dist-packages/rospy/core.py", line 606, in _ros_signal
18:06:01 [----]     signal_shutdown("signal-"+str(sig))
18:06:01 [----]   File "/opt/ros/noetic/lib/python3/dist-packages/rospy/core.py", line 560, in signal_shutdown
18:06:01 [----]     _logger.info("signal_shutdown [%s]"%reason)
18:06:01 [----]   File "/usr/lib/python3.8/logging/__init__.py", line 1446, in info
18:06:01 [----]     self._log(INFO, msg, args, **kwargs)
18:06:01 [----]   File "/usr/lib/python3.8/logging/__init__.py", line 1589, in _log
18:06:01 [----]     self.handle(record)
18:06:01 [----]   File "/usr/lib/python3.8/logging/__init__.py", line 1599, in handle
18:06:01 [----]     self.callHandlers(record)
18:06:01 [----]   File "/usr/lib/python3.8/logging/__init__.py", line 1661, in callHandlers
18:06:01 [----]     hdlr.handle(record)
18:06:01 [----]   File "/usr/lib/python3.8/logging/__init__.py", line 954, in handle
18:06:01 [----]     self.emit(record)
18:06:01 [----]   File "/usr/lib/python3.8/logging/handlers.py", line 73, in emit
18:06:01 [----]     self.handleError(record)
18:06:01 [----]   File "/usr/lib/python3.8/logging/__init__.py", line 1006, in handleError
18:06:01 [----]     sys.stderr.write('--- Logging error ---\n')
18:06:01 [----]   File "/home/qtrobot/tutorials-master/demos/version_1_llm_gemini/src/web_user_server.py", line 309, in write
18:06:01 [----]     with self._lock:
18:06:01 [----]   File "/home/qtrobot/tutorials-master/demos/version_1_llm/.venv/lib/python3.8/site-packages/engineio/base_client.py", line 21, in signal_handler
18:06:01 [----]     return original_signal_handler(sig, frame)
18:06:01 [----]   File "/home/qtrobot/tutorials-master/demos/version_1_llm/.venv/lib/python3.8/site-packages/socketio/base_client.py", line 24, in signal_handler
18:06:01 [----]     return original_signal_handler(sig, frame)
18:06:01 [----]   File "/opt/ros/noetic/lib/python3/dist-packages/rospy/core.py", line 606, in _ros_signal
18:06:01 [----]     signal_shutdown("signal-"+str(sig))
18:06:01 [----]   File "/opt/ros/noetic/lib/python3/dist-packages/rospy/core.py", line 560, in signal_shutdown
18:06:01 [----]     _logger.info("signal_shutdown [%s]"%reason)
18:06:01 [----]   File "/usr/lib/python3.8/logging/__init__.py", line 1446, in info
18:06:01 [----]     self._log(INFO, msg, args, **kwargs)
18:06:01 [----]   File "/usr/lib/python3.8/logging/__init__.py", line 1589, in _log
18:06:01 [----]     self.handle(record)
18:06:01 [----]   File "/usr/lib/python3.8/logging/__init__.py", line 1599, in handle
18:06:01 [----]     self.callHandlers(record)
18:06:01 [----]   File "/usr/lib/python3.8/logging/__init__.py", line 1661, in callHandlers
18:06:01 [----]     hdlr.handle(record)
18:06:01 [----]   File "/usr/lib/python3.8/logging/__init__.py", line 954, in handle
18:06:01 [----]     self.emit(record)
18:06:01 [----]   File "/usr/lib/python3.8/logging/handlers.py", line 73, in emit
18:06:01 [----]     self.handleError(record)
18:06:01 [----]   File "/usr/lib/python3.8/logging/__init__.py", line 1006, in handleError
18:06:01 [----]     sys.stderr.write('--- Logging error ---\n')
18:06:01 [----]   File "/home/qtrobot/tutorials-master/demos/version_1_llm_gemini/src/web_user_server.py", line 309, in write
18:06:01 [----]     with self._lock:
18:06:01 [----]   File "/home/qtrobot/tutorials-master/demos/version_1_llm/.venv/lib/python3.8/site-packages/engineio/base_client.py", line 21, in signal_handler
18:06:01 [----]     return original_signal_handler(sig, frame)
18:06:01 [----]   File "/home/qtrobot/tutorials-master/demos/version_1_llm/.venv/lib/python3.8/site-packages/socketio/base_client.py", line 24, in signal_handler
18:06:01 [----]     return original_signal_handler(sig, frame)
18:06:01 [----]   File "/opt/ros/noetic/lib/python3/dist-packages/rospy/core.py", line 606, in _ros_signal
18:06:01 [----]     signal_shutdown("signal-"+str(sig))
18:06:01 [----]   File "/opt/ros/noetic/lib/python3/dist-packages/rospy/core.py", line 560, in signal_shutdown
18:06:01 [----]     _logger.info("signal_shutdown [%s]"%reason)
18:06:01 [----]   File "/usr/lib/python3.8/logging/__init__.py", line 1446, in info
18:06:01 [----]     self._log(INFO, msg, args, **kwargs)
18:06:01 [----]   File "/usr/lib/python3.8/logging/__init__.py", line 1589, in _log
18:06:01 [----]     self.handle(record)
18:06:01 [----]   File "/usr/lib/python3.8/logging/__init__.py", line 1599, in handle
18:06:01 [----]     self.callHandlers(record)
18:06:01 [----]   File "/usr/lib/python3.8/logging/__init__.py", line 1661, in callHandlers
18:06:01 [----]     hdlr.handle(record)
18:06:01 [----]   File "/usr/lib/python3.8/logging/__init__.py", line 954, in handle
18:06:01 [----]     self.emit(record)
18:06:01 [----]   File "/usr/lib/python3.8/logging/handlers.py", line 73, in emit
18:06:01 [----]     self.handleError(record)
18:06:01 [----]   File "/usr/lib/python3.8/logging/__init__.py", line 1006, in handleError
18:06:01 [----]     sys.stderr.write('--- Logging error ---\n')
18:06:01 [----]   File "/home/qtrobot/tutorials-master/demos/version_1_llm_gemini/src/web_user_server.py", line 309, in write
18:06:01 [----]     with self._lock:
18:06:01 [----]   File "/home/qtrobot/tutorials-master/demos/version_1_llm/.venv/lib/python3.8/site-packages/engineio/base_client.py", line 21, in signal_handler
18:06:01 [----]     return original_signal_handler(sig, frame)
18:06:01 [----]   File "/home/qtrobot/tutorials-master/demos/version_1_llm/.venv/lib/python3.8/site-packages/socketio/base_client.py", line 24, in signal_handler
18:06:01 [----]     return original_signal_handler(sig, frame)
18:06:01 [----]   File "/opt/ros/noetic/lib/python3/dist-packages/rospy/core.py", line 606, in _ros_signal
18:06:01 [----]     signal_shutdown("signal-"+str(sig))
18:06:01 [----]   File "/opt/ros/noetic/lib/python3/dist-packages/rospy/core.py", line 560, in signal_shutdown
18:06:01 [----]     _logger.info("signal_shutdown [%s]"%reason)
18:06:01 [----]   File "/usr/lib/python3.8/logging/__init__.py", line 1446, in info
18:06:01 [----]     self._log(INFO, msg, args, **kwargs)
18:06:01 [----]   File "/usr/lib/python3.8/logging/__init__.py", line 1589, in _log
18:06:01 [----]     self.handle(record)
18:06:01 [----]   File "/usr/lib/python3.8/logging/__init__.py", line 1599, in handle
18:06:01 [----]     self.callHandlers(record)
18:06:01 [----]   File "/usr/lib/python3.8/logging/__init__.py", line 1661, in callHandlers
18:06:01 [----]     hdlr.handle(record)
18:06:01 [----]   File "/usr/lib/python3.8/logging/__init__.py", line 954, in handle
18:06:01 [----]     self.emit(record)
18:06:01 [----]   File "/usr/lib/python3.8/logging/handlers.py", line 73, in emit
18:06:01 [----]     self.handleError(record)
18:06:02 [----]   File "/usr/lib/python3.8/logging/__init__.py", line 1006, in handleError
18:06:02 [----]     sys.stderr.write('--- Logging error ---\n')
18:06:02 [----]   File "/home/qtrobot/tutorials-master/demos/version_1_llm_gemini/src/web_user_server.py", line 309, in write
18:06:02 [----]     with self._lock:
18:06:02 [----]   File "/home/qtrobot/tutorials-master/demos/version_1_llm/.venv/lib/python3.8/site-packages/engineio/base_client.py", line 21, in signal_handler
18:06:02 [----]     return original_signal_handler(sig, frame)
18:06:02 [----]   File "/home/qtrobot/tutorials-master/demos/version_1_llm/.venv/lib/python3.8/site-packages/socketio/base_client.py", line 24, in signal_handler
18:06:02 [----]     return original_signal_handler(sig, frame)
18:06:02 [----]   File "/opt/ros/noetic/lib/python3/dist-packages/rospy/core.py", line 606, in _ros_signal
18:06:02 [----]     signal_shutdown("signal-"+str(sig))
18:06:02 [----]   File "/opt/ros/noetic/lib/python3/dist-packages/rospy/core.py", line 560, in signal_shutdown
18:06:02 [----]     _logger.info("signal_shutdown [%s]"%reason)
18:06:02 [----]   File "/usr/lib/python3.8/logging/__init__.py", line 1446, in info
18:06:02 [----]     self._log(INFO, msg, args, **kwargs)
18:06:02 [----]   File "/usr/lib/python3.8/logging/__init__.py", line 1589, in _log
18:06:02 [----]     self.handle(record)
18:06:02 [----]   File "/usr/lib/python3.8/logging/__init__.py", line 1599, in handle
18:06:02 [----]     self.callHandlers(record)
18:06:02 [----]   File "/usr/lib/python3.8/logging/__init__.py", line 1661, in callHandlers
18:06:02 [----]     hdlr.handle(record)
18:06:02 [----]   File "/usr/lib/python3.8/logging/__init__.py", line 954, in handle
18:06:02 [----]     self.emit(record)
18:06:02 [----]   File "/usr/lib/python3.8/logging/handlers.py", line 73, in emit
18:06:02 [----]     self.handleError(record)
18:06:02 [----]   File "/usr/lib/python3.8/logging/__init__.py", line 1006, in handleError
18:06:02 [----]     sys.stderr.write('--- Logging error ---\n')
18:06:02 [----]   File "/home/qtrobot/tutorials-master/demos/version_1_llm_gemini/src/web_user_server.py", line 309, in write
18:06:02 [----]     with self._lock:
18:06:02 [----]   File "/home/qtrobot/tutorials-master/demos/version_1_llm/.venv/lib/python3.8/site-packages/engineio/base_client.py", line 21, in signal_handler
18:06:02 [----]     return original_signal_handler(sig, frame)
18:06:02 [----]   File "/home/qtrobot/tutorials-master/demos/version_1_llm/.venv/lib/python3.8/site-packages/socketio/base_client.py", line 24, in signal_handler
18:06:02 [----]     return original_signal_handler(sig, frame)
18:06:02 [----]   File "/opt/ros/noetic/lib/python3/dist-packages/rospy/core.py", line 606, in _ros_signal
18:06:02 [----]     signal_shutdown("signal-"+str(sig))
18:06:02 [----]   File "/opt/ros/noetic/lib/python3/dist-packages/rospy/core.py", line 560, in signal_shutdown
18:06:02 [----]     _logger.info("signal_shutdown [%s]"%reason)
18:06:02 [----]   File "/usr/lib/python3.8/logging/__init__.py", line 1446, in info
18:06:02 [----]     self._log(INFO, msg, args, **kwargs)
18:06:02 [----]   File "/usr/lib/python3.8/logging/__init__.py", line 1589, in _log
18:06:02 [----]     self.handle(record)
18:06:02 [----]   File "/usr/lib/python3.8/logging/__init__.py", line 1599, in handle
18:06:02 [----]     self.callHandlers(record)
18:06:02 [----]   File "/usr/lib/python3.8/logging/__init__.py", line 1661, in callHandlers
18:06:02 [----]     hdlr.handle(record)
18:06:02 [----]   File "/usr/lib/python3.8/logging/__init__.py", line 954, in handle
18:06:02 [----]     self.emit(record)
18:06:02 [----]   File "/usr/lib/python3.8/logging/handlers.py", line 73, in emit
18:06:02 [----]     self.handleError(record)
18:06:02 [----] --- Logging error ---
18:06:02 [----] Traceback (most recent call last):
18:06:02 [----]   File "/usr/lib/python3.8/logging/handlers.py", line 69, in emit
18:06:02 [----]     if self.shouldRollover(record):
18:06:02 [----]   File "/usr/lib/python3.8/logging/handlers.py", line 186, in shouldRollover
18:06:02 [----]     self.stream.seek(0, 2)  #due to non-posix-compliant Windows feature
18:06:02 [----] RuntimeError: reentrant call inside <_io.BufferedWriter name='/home/qtrobot/.ros/log/tts_helper_24179_1782316469087.log'>
18:06:02 [----] 
18:06:02 [----] During handling of the above exception, another exception occurred:
18:06:02 [----] 
18:06:02 [----] Traceback (most recent call last):
18:06:02 [----]   File "/usr/lib/python3.8/logging/handlers.py", line 69, in emit
18:06:02 [----]     if self.shouldRollover(record):
18:06:02 [----]   File "/usr/lib/python3.8/logging/handlers.py", line 186, in shouldRollover
18:06:02 [----]     self.stream.seek(0, 2)  #due to non-posix-compliant Windows feature
18:06:02 [----] RuntimeError: reentrant call inside <_io.BufferedWriter name='/home/qtrobot/.ros/log/tts_helper_24179_1782316469087.log'>
18:06:02 [----] 
18:06:02 [----] During handling of the above exception, another exception occurred:
18:06:02 [----] 
18:06:02 [----] Traceback (most recent call last):
18:06:02 [----]   File "/usr/lib/python3.8/logging/handlers.py", line 69, in emit
18:06:02 [----]     if self.shouldRollover(record):
18:06:02 [----]   File "/usr/lib/python3.8/logging/handlers.py", line 186, in shouldRollover
18:06:02 [----]     self.stream.seek(0, 2)  #due to non-posix-compliant Windows feature
18:06:03 [----] RuntimeError: reentrant call inside <_io.BufferedWriter name='/home/qtrobot/.ros/log/tts_helper_24179_1782316469087.log'>
18:06:03 [----] 
18:06:03 [----] During handling of the above exception, another exception occurred:
18:06:03 [----] 
18:06:03 [----] Traceback (most recent call last):
18:06:03 [----]   File "/usr/lib/python3.8/logging/handlers.py", line 69, in emit
18:06:03 [----]     if self.shouldRollover(record):
18:06:03 [----]   File "/usr/lib/python3.8/logging/handlers.py", line 186, in shouldRollover
18:06:03 [----]     self.stream.seek(0, 2)  #due to non-posix-compliant Windows feature
18:06:03 [----] RuntimeError: reentrant call inside <_io.BufferedWriter name='/home/qtrobot/.ros/log/tts_helper_24179_1782316469087.log'>
18:06:03 [----] 
18:06:03 [----] During handling of the above exception, another exception occurred:
18:06:55 [----] [trace] step tracing active -> /home/qtrobot/tutorials-master/demos/version_1_llm_gemini/src/logs/trace-2026-06-24.log (daily rotation)
18:06:55 [----]  * Serving Flask app 'web_user_server'
18:06:55 [----]  * Debug mode: on
18:07:13 [----] [trace] step tracing active -> /home/qtrobot/tutorials-master/demos/version_1_llm_gemini/src/logs/trace-2026-06-24.log (daily rotation)
18:07:13 [1215] ┌─ WORK  GET /
18:07:13 [1215] └─ DONE  GET / -> 200 in 11ms
18:07:18 [7b76] ┌─ WORK  POST /api/login | fields: username
18:07:18 [7b76] └─ DONE  POST /api/login -> 200 in 7ms
18:07:19 [c4ad] ┌─ WORK  GET /
18:07:19 [c4ad] └─ DONE  GET / -> 200 in 7ms
18:07:40 [1b91] ┌─ WORK  GET /play_scene
18:07:40 [1b91] └─ DONE  GET /play_scene -> 200 in 6ms
18:07:42 [34e8] ┌─ WORK  POST /api/scene/start | fields: mode
18:07:42 [34e8] [KB] derived level_age=4 mlu=5-6 targets=['action_verbs_higher_level', 'basic_adjectives', 'pronouns_later', 'location_prepositions', 'size_noun', 'location_noun', 'ing_form'] speech[4-5]=['later_sounds'] interests=['unicorns', 'animals', 'pets', 'princesses', 'pretend_play'] for user=maya age=4 language_age=None gender='female' kind=question
18:07:42 [34e8] [Claude:scene-game-question] >>> PROMPT (2009 chars) | system: You generate game questions for children. Return JSON only.
18:07:42 [34e8] You are generating a question for an object detection game for a 4-year-old child.
18:07:42 [34e8] Available physical toys: lemon, banana, tray, box, grape, carrot, corn.
18:07:42 [34e8] TARGET MLU (knowledge base): the child's mean length of utterance is about 5-6 words. Keep the question within that length and use sentence structures a child at this language level produces.
18:07:42 [34e8] Generate ONE inference-style request that lets the child figure
18:07:42 [34e8] out the target object from its observable properties.
18:07:42 [34e8] 
18:07:42 [34e8] HARD RULE — the QUESTION text must NOT name the target object.
18:07:42 [34e8] It must NEVER contain any of these noun names from the toy list:
18:07:42 [34e8]   lemon, banana, tray, box, grape, carrot, corn
18:07:42 [34e8] Refer to the target only as "it", "something", "one", or by
18:07:42 [34e8] a generic placeholder like "a fruit" or "a vehicle". The child
18:07:42 [34e8] must INFER which object you mean from the description.
18:07:42 [34e8] 
18:07:42 [34e8] CRITICAL — the criteria must describe ONE simple, concrete object:
18:07:42 [34e8] - A single noun (the object type) with at most ONE adjective
18:07:42 [34e8]   describing color, size, or category.
18:07:42 [34e8] - Good criteria: "banana", "red car", "green dinosaur",
18:07:42 [34e8]   "tomato", "yellow fruit", "round ball".
18:07:42 [34e8] - BAD criteria (do NOT produce these):
18:07:42 [34e8]     * "red car moving block" (compound / multi-object)
18:07:42 [34e8]     * "big round shiny red fruit on a tree" (too many properties)
18:07:42 [34e8]     * "toy that you can stack" (function-based, vague)
18:07:42 [34e8] - Do not chain multiple objects or stack three+ adjectives.
18:07:42 [34e8] 
18:07:42 [34e8] The criteria MUST match at least one toy from the list above.
18:07:42 [34e8] Use simple, clear language appropriate for ages 4-6.
18:07:42 [34e8] Good examples (target NOT named in the question):
18:07:42 [34e8] - Question: "I want a red fruit!" (criteria: red fruit)
18:07:42 [34e8] - Question: "Can you find something yellow?" (criteria: yellow)
18:07:42 [34e8] - Question: "Show me something green that goes ROAR!"
18:07:42 [34e8]   (criteria: green dinosaur)
18:07:42 [34e8] BAD example (do NOT do this — names the target):
18:07:42 [34e8] - Question: "Show me the red apple!" — "apple" is the target name.
18:07:42 [34e8] 
18:07:42 [34e8] Return ONLY a JSON object:
18:07:42 [34e8] {"question": "<the sentence — must NOT contain any toy name>", "criteria": "<short criteria phrase: one noun + at most one adjective>"}
18:07:44 [34e8] [Claude:scene-game-question] <<< RESPONSE (84 chars):
18:07:44 [34e8] {"question": "Can you find something long and yellow?", "criteria": "yellow banana"}
18:07:44 [34e8] [SceneGame] Gemini raw question response (attempt 1): {"question": "Can you find something long and yellow?", "criteria": "yellow banana"}
18:07:44 [34e8] [SceneGame] Parsed question JSON: {
18:07:44 [34e8]   "question": "Can you find something long and yellow?",
18:07:44 [34e8]   "criteria": "yellow banana"
18:07:44 [34e8] }
18:07:44 [34e8] self.engine :  qwen
18:07:50 [34e8] └─ DONE  POST /api/scene/start -> 200 in 8342ms
18:07:55 [447e] ┌─ WORK  POST /api/scene_game/answer | fields: mode, target, criteria, obj_a, obj_b, relation
18:07:58 [447e] [SceneGame] gemini_analyze_image raw: ```json
18:07:58 [447e] [
18:07:58 [447e]   {
18:07:58 [447e]     "point": [588, 638],
18:07:58 [447e]     "label": "banana-shaped object",
18:07:58 [447e]     "color": "yellow",
18:07:58 [447e]     "shape": "curved"
18:07:58 [447e]   }
18:07:58 [447e] ]
18:07:58 [447e] ```
18:07:58 [447e] [SceneGame] Detected object: banana-shaped object, color: yellow, shape: curved, point: [588, 638]
18:07:58 [447e] [SceneGame] Robot looking at pixel (408, 282)
18:07:58 [447e] [SceneGame] Detected object: banana-shaped object, color: yellow, shape: curved
18:07:58 [447e] self.engine :  qwen
18:08:07 [447e] └─ DONE  POST /api/scene_game/answer -> 200 in 12136ms
18:08:08 [40ba] ┌─ WORK  POST /api/scene/start | fields: mode
18:08:08 [40ba] self.engine :  qwen
18:08:13 [40ba] └─ DONE  POST /api/scene/start -> 200 in 5210ms
18:08:26 [7ff2] ┌─ WORK  POST /api/scene_game/answer | fields: mode, target, criteria, obj_a, obj_b, relation
18:08:45 [7ff2] [SceneGame] gemini_validate_spatial raw: {"obj_a_found": true, "obj_b_found": true, "actual_relation": "above", "correct": true, "reason": "Great job! The corn is on top of the tray.", "prompt": "You are judging a children's spatial-direction game.\nThe valid game objects are: lemon,banana,tray,box,grape,carrot,corn. Only identify objects from this list.\nThe child was asked to arrange the scene so that the corn is on top of the tray.\n\nThe image is taken from the front of the child (camera-facing view).\nDecide:\n1. Is the corn present in the scene?\n2. Is the tray present in the scene?\n3. What is the actual spatial relation of the corn TO the tray? Pick ONE:\n   - next_to       (side by side, roughly same height)\n   - above         (higher than / on top of)\n   - under         (lower than / underneath)\n   - behind        (further from the camera, partially hidden)\n   - in_front_of   (closer to camera, may partially block the other)\n   - in            (inside / contained by the other; partially hidden by its walls or rim)\n   - out           (outside / not contained by the other; fully visible and separate)\n   - other         (none of the above clearly applies)\n4. Does that match the requested relation 'above'?\n\nTips:\n- 'behind' means partially hidden by the reference object, or visibly\n  smaller/further along the camera's depth axis.\n- 'in_front_of' means the moving object partly occludes or sits\n  closer to the camera than the reference object.\n- 'in' means the moving object is contained by the reference object\n  (e.g. ball inside a cup or box) \u2014 typically partly hidden by the\n  rim/walls of the container.\n- 'out' means the moving object is clearly outside the reference\n  object, fully visible, with a visible gap between them.\nIf you cannot tell confidently, return 'other'.\n\nReturn ONLY a JSON object with no markdown fences:\n{\n  \"obj_a_found\": true|false,\n  \"obj_b_found\": true|false,\n  \"actual_relation\": \"next_to|above|under|behind|in_front_of|in|out|other\",\n  \"correct\": true|false,\n  \"reason\": \"<short, child-friendly explanation>\"\n}\nIf either object is missing, set correct=false.", "raw_response": "{\n  \"obj_a_found\": true,\n  \"obj_b_found\": true,\n  \"actual_relation\": \"above\",\n  \"correct\": true,\n  \"reason\": \"Great job! The corn is on top of the tray.\"\n}"}
18:08:45 [7ff2] self.engine :  qwen
18:08:51 [7ff2] └─ DONE  POST /api/scene_game/answer -> 200 in 25226ms
